timestamp,open,high,low,close,volume
2024-01-01 00:00:00,101.37897246405757,101.7063433567431,101.21097105290086,101.27944282454172,273
2024-01-01 00:15:00,101.81453383549794,102.38085009102738,101.8396915650182,102.04360681972432,524
2024-01-01 00:30:00,102.98553916017002,103.47313280563795,101.92307605336471,102.64529269892435,689
2024-01-01 00:45:00,102.66114498169655,103.19544613461261,101.75698053185752,102.52725934429024,746
2024-01-01 01:00:00,101.38722301934257,101.46902392490442,100.5342338729026,101.3023777074151,453
2024-01-01 01:15:00,99.96260420562287,100.84143144564354,99.39764880778195,99.99373698319813,681
2024-01-01 01:30:00,101.09773974777448,100.88058798404569,99.99067615097998,100.71296776289269,515
2024-01-01 01:45:00,98.52692230103189,99.47348930646024,98.1226559842343,98.7418467806147,532
2024-01-01 02:00:00,99.12448199383616,99.38535154008514,98.80762072071768,99.02865633888246,342
2024-01-01 02:15:00,98.60392695217374,99.19889356953183,98.30032431948955,98.54247435731045,763
2024-01-01 02:30:00,98.9880563852201,99.55320096505669,98.66114952864163,98.88644905464618,401
2024-01-01 02:45:00,98.07924181207757,98.92278408938469,97.98629182547235,98.12890635215864,131
2024-01-01 03:00:00,99.0051476879598,99.5965549989065,98.89484146809255,98.71358223491484,191
2024-01-01 03:15:00,98.67590258352365,99.73806336818123,98.35469026582403,98.58494157869653,450
2024-01-01 03:30:00,98.78926255419108,99.13209149632229,97.79742695750996,98.42473769194709,287
2024-01-01 03:45:00,100.03734866819899,100.6504251269253,99.1738003344011,99.92385259687408,186
2024-01-01 04:00:00,98.726988877824,99.28791592563209,98.26455425911006,98.87136784642065,341
2024-01-01 04:15:00,98.13703303826118,98.286640709081,97.22077100041776,98.04370136173512,218
2024-01-01 04:30:00,99.195053996206,99.30211066335241,98.81115820817871,99.2253574334078,882
2024-01-01 04:45:00,99.45270979428474,100.41710500369858,98.89255310783707,99.94218109462135,944
2024-01-01 05:00:00,99.1913122466922,100.06955804839525,99.13746579801473,99.33708766726815,444
2024-01-01 05:15:00,101.7029657061205,102.25509228944377,101.34769087211073,101.77594846197697,184
2024-01-01 05:30:00,101.77261783499046,102.52422849153231,101.62369431666032,102.11162153352102,317
2024-01-01 05:45:00,102.35909631548363,102.8903734623994,102.35558185835855,102.66404939994402,171
2024-01-01 06:00:00,103.53921482519817,104.22445486019666,102.77604065779765,103.52985617983074,345
2024-01-01 06:15:00,105.54390683251411,105.51377025063044,105.31953168251503,105.58517627158241,300
2024-01-01 06:30:00,103.70540312683387,104.55814244940628,103.57143058285521,103.90332263418591,362
2024-01-01 06:45:00,102.47969189229882,103.34781984371408,102.07240250827286,102.93526797742948,519
2024-01-01 07:00:00,102.29898021800781,102.81558139294637,102.3291553393958,102.38366962838701,291
2024-01-01 07:15:00,102.46389771788064,102.96490030014768,101.41555676478994,102.50407242281375,677
2024-01-01 07:30:00,101.04910290000815,100.71829726176357,100.68378073868247,100.6817259964943,286
2024-01-01 07:45:00,99.87846294467553,100.22698439204632,99.30736859320356,100.310761431243,817
2024-01-01 08:00:00,100.65431186064993,100.93748230781483,99.56397062240113,100.75745889581694,122
2024-01-01 08:15:00,100.13508032550273,101.33196156076777,99.76104812053295,100.45687247220229,167
2024-01-01 08:30:00,100.83038345631294,101.34332757897843,100.25573676761852,100.54599921898604,880
2024-01-01 08:45:00,99.07357015185868,99.27772306093922,98.00457448073644,98.90368412474831,415
2024-01-01 09:00:00,99.70324588031166,100.09896502283675,98.42858181253729,99.34908458743443,709
2024-01-01 09:15:00,98.8000887152628,99.06725551411617,98.15878644603691,98.8812315895043,723
2024-01-01 09:30:00,98.97654682417087,98.92060872761401,98.73696694134603,98.79381276896932,128
2024-01-01 09:45:00,98.20307475686012,99.19114849756492,97.64527762335588,98.3893990654721,208
2024-01-01 10:00:00,97.2378257788059,97.49027323751262,96.92598484056326,97.43681595890914,596
2024-01-01 10:15:00,96.52917669003064,97.39573641744121,96.82000510494109,97.28543358099326,261
2024-01-01 10:30:00,95.93050774321485,96.9128699576077,95.21508771741948,96.06687404600102,831
2024-01-01 10:45:00,95.70326738033987,95.67167815347543,95.13598883428851,95.6218859352953,556
2024-01-01 11:00:00,94.89288204527372,95.24912931570138,94.21451196050641,94.82523310341955,225
2024-01-01 11:15:00,96.54965895421464,96.55626448791949,96.12624780547156,96.56343391290824,595
2024-01-01 11:30:00,97.25838255651325,97.8561005850465,96.78323699936307,97.13333198338799,671
2024-01-01 11:45:00,96.84825031223183,97.39522179485779,96.63385336539896,96.68462754758353,475
2024-01-01 12:00:00,97.49523525161045,97.64010036841464,97.10177234944419,97.15404096175298,120
2024-01-01 12:15:00,96.72246195689019,97.26355768618713,96.46228504741947,97.1230066960186,608
2024-01-01 12:30:00,97.62288361045776,97.26691636801537,97.03465763042774,97.56039870652079,764
2024-01-01 12:45:00,97.30222336010603,98.35651970111776,97.16377485345987,97.50211681736606,244
2024-01-01 13:00:00,96.45119688512867,97.1460619828257,95.62367534116281,96.36618503067662,184
2024-01-01 13:15:00,94.41157166233639,95.59976614411589,94.2161620428997,94.97329860177871,681
2024-01-01 13:30:00,96.756679792603,97.39886833367756,96.04108601955913,96.89091778750307,755
2024-01-01 13:45:00,98.66161892768824,98.85758848812034,98.23508868840885,98.61722260923081,956
2024-01-01 14:00:00,98.39229811209536,99.28506601191577,98.36323055484533,98.63370884678439,733
2024-01-01 14:15:00,97.78026290782607,98.70937062598539,97.76694818386657,97.55250011099199,267
2024-01-01 14:30:00,97.78234799119444,98.50981870406227,96.7075412928682,97.35734236424081,285
2024-01-01 14:45:00,95.50426914348782,95.94023307358096,95.10423044400301,95.73895667966434,565
2024-01-01 15:00:00,95.80084548607367,96.48372468005017,94.97450350709629,95.5643239273541,790
2024-01-01 15:15:00,94.81223670530576,95.6061085493609,94.46453866965336,94.74822749595607,972
2024-01-01 15:30:00,92.928911169033,92.91759089300606,92.57164632444314,92.6235855692033,657
2024-01-01 15:45:00,92.62015921007351,93.61584603928098,92.02645938778689,92.75244997526775,730
2024-01-01 16:00:00,92.42305221899076,93.29245576020033,91.61872805412949,92.46830035430854,382
2024-01-01 16:15:00,93.47075667344586,94.63243239068132,93.14550317672881,93.89697559253229,621
2024-01-01 16:30:00,92.6417580688357,92.74740075666409,92.25856406670981,92.51807178590768,543
2024-01-01 16:45:00,92.9213116955986,93.29685446041634,92.09426038536057,93.06495889506473,795
2024-01-01 17:00:00,93.53981834235346,94.30789710019097,92.77415721617217,93.52742451536658,164
2024-01-01 17:15:00,92.69651117169263,93.27769213608389,92.49131695089214,92.95946014298607,590
2024-01-01 17:30:00,92.97720269638721,93.14173469005063,92.01943561049707,92.22887188681544,709
2024-01-01 17:45:00,93.16021057798795,93.84007285269979,92.41344273036965,92.79631036917928,807
2024-01-01 18:00:00,93.10637098930508,93.2290637026416,92.3042842263093,93.30444460370153,693
2024-01-01 18:15:00,91.97394737496346,92.30911570431464,91.30847984130914,91.58047739646948,461
2024-01-01 18:30:00,93.34244384674226,93.3301170303936,93.06708044985407,93.26312879272619,374
2024-01-01 18:45:00,92.93888882408845,92.94101040921225,92.73084405407795,92.69858896722657,695
2024-01-01 19:00:00,92.73773343249624,93.37234209266802,92.1748796379378,92.55857211448217,253
2024-01-01 19:15:00,92.19114031757354,92.94024492749328,91.94823254123651,92.60277266177192,825
2024-01-01 19:30:00,93.21903634077471,93.52068467062797,92.88418170666307,93.25726873357833,200
2024-01-01 19:45:00,93.88156340964323,94.55420078114749,93.43888159204693,93.66574576772547,562
2024-01-01 20:00:00,93.19585437626364,93.55085470864766,92.78225764567073,93.06610527171922,410
2024-01-01 20:15:00,93.55278833541475,94.36488260873841,93.21319251059438,93.01539671458815,580
2024-01-01 20:30:00,91.31637950892346,92.02058003161605,90.85690091699763,91.60110804897569,810
2024-01-01 20:45:00,91.04447443450329,91.6810637008643,90.55206876526903,91.25499645376632,757
2024-01-01 21:00:00,91.56825879423242,92.12829137231222,91.37092151614853,91.23767558234952,993
2024-01-01 21:15:00,91.10298065883292,91.7950439082849,90.45524515296223,91.20764599745753,840
2024-01-01 21:30:00,90.92644671579778,91.59693792834952,89.80828133510548,90.59947862183864,559
2024-01-01 21:45:00,89.67120858852604,89.7623597956715,88.71687268094583,89.38713072678131,534
2024-01-01 22:00:00,88.67857770000128,89.28574586357382,88.0832546663714,88.48079452094433,551
2024-01-01 22:15:00,88.82533806093376,89.10263198017275,88.2798320209377,88.36610898280176,196
2024-01-01 22:30:00,88.44677029949273,88.86661939021029,88.07871113264916,88.08769386934361,298
2024-01-01 22:45:00,87.6250240158345,88.70108259550346,87.65779760856516,88.41942122424012,265
2024-01-01 23:00:00,88.20610418278588,89.13138709055296,87.86680179586205,88.51937426872128,975
2024-01-01 23:15:00,89.1065558195454,88.93373178429616,88.3842290945004,88.8628089455137,396
2024-01-01 23:30:00,90.49410925410619,90.51722648764313,89.83205727168782,90.04636192952762,269
2024-01-01 23:45:00,89.86056065173608,90.27592349471553,89.75816083858993,90.13936456547543,678
2024-01-02 00:00:00,89.15174387112835,89.93758378399424,88.74567143703901,89.38168448269083,300
2024-01-02 00:15:00,89.723768720689,89.97569680923344,89.57089761929156,89.17194621230529,698
2024-01-02 00:30:00,90.17519405307964,91.02349532471676,89.11645523681605,90.05410097042203,837
2024-01-02 00:45:00,87.57366634257274,88.0424000776985,87.06379769379807,87.33880368429993,660
2024-01-02 01:00:00,85.98124822596495,86.13001289105142,85.19286242129203,86.02010946287001,557
2024-01-02 01:15:00,85.42018116843398,86.45085775823354,85.4977825922194,86.08735822448772,633
2024-01-02 01:30:00,84.71408487386759,84.93195549423767,84.10556441028949,85.26979245989475,853
2024-01-02 01:45:00,84.09859947606678,84.82709015681242,83.81479518173481,84.0599689224433,939
2024-01-02 02:00:00,84.62745369203543,85.4397376846331,84.17675999090929,84.95895722017184,834
2024-01-02 02:15:00,86.08957818966866,87.05505145148885,85.61806321318464,86.11779883655218,639
2024-01-02 02:30:00,87.62826840984428,88.20310756914886,86.7403786404052,87.9505686400068,186
2024-01-02 02:45:00,86.99567175407148,87.1521820858149,85.717199745512,86.90641493458158,265
2024-01-02 03:00:00,86.44094308259095,86.74178256212453,85.58755860136525,86.45106954000674,384
2024-01-02 03:15:00,85.49977989713967,85.87980022261533,85.43021211815434,85.29604264348703,639
2024-01-02 03:30:00,84.04632566724354,84.36546490457985,83.96797983801314,84.11038994478535,628
2024-01-02 03:45:00,85.32810689733549,85.3916151655699,84.80519901677138,85.00529362103917,144
2024-01-02 04:00:00,85.29986144869427,85.64638108870433,84.66519960155115,85.4816976871493,882
2024-01-02 04:15:00,85.06461612817633,85.7934934896902,84.55371949309769,85.05504647333012,256
2024-01-02 04:30:00,85.3261417792774,85.59785450462945,85.28507450418185,85.58734546372824,741
2024-01-02 04:45:00,86.47540524151039,86.5844139282501,85.95109971268832,86.63311474982078,694
2024-01-02 05:00:00,87.63018369140738,88.29882261195998,86.69226652550987,87.59859860186032,491
2024-01-02 05:15:00,87.69931168933513,88.11469488507281,87.56684696298792,87.90620476065448,294
2024-01-02 05:30:00,87.06848124618257,88.13602798840316,86.78834502746929,86.87163423965892,657
2024-01-02 05:45:00,87.06597224936746,87.74162839072638,86.57642259375812,86.79510531158684,348
2024-01-02 06:00:00,85.96636149827414,86.9745329218336,85.74932682986186,85.69593254315181,463
2024-01-02 06:15:00,84.49182763506039,85.08759452427238,83.73301168633976,84.55081987723666,801
2024-01-02 06:30:00,83.46522779142936,83.36516748947643,83.16143494992833,83.38052514425596,859
2024-01-02 06:45:00,83.74748062174221,84.05692702873345,83.27269180273957,83.52524891440775,563
2024-01-02 07:00:00,83.09157069743317,83.84376732796117,83.1045598292386,83.35321075112923,275
2024-01-02 07:15:00,84.55014808422298,85.31503583958686,84.55444009545111,84.75217002502245,342
2024-01-02 07:30:00,84.501607899047,85.1931627199133,83.99900447412459,84.41110760895545,192
2024-01-02 07:45:00,84.05526601335315,83.98656362263765,83.67868826497335,83.7384723330158,339
2024-01-02 08:00:00,82.4816396109248,82.96857309189004,81.29157962476619,81.71063193078882,992
2024-01-02 08:15:00,83.77779887288696,84.50430747248468,83.28824735492671,83.65873496047095,937
2024-01-02 08:30:00,83.44815715537976,84.43729097711655,83.2801908604664,83.77374619562374,529
2024-01-02 08:45:00,83.05968132654608,83.56297763634849,82.01076604209703,83.09552787806012,265
2024-01-02 09:00:00,82.14707476125027,82.18092781229484,81.95609184209935,82.17616020206977,144
2024-01-02 09:15:00,83.15577354759708,83.64314767027209,83.13527833788473,83.05349472415988,644
2024-01-02 09:30:00,80.71361273041454,81.52204025556023,79.96742126408753,80.6796288158199,330
2024-01-02 09:45:00,80.31589763130486,80.50504063138897,79.81298446976169,80.01122408856833,600
2024-01-02 10:00:00,80.01440696089861,80.32701694922652,79.12423141436413,79.84038290234189,951
2024-01-02 10:15:00,79.12710089365467,79.7695871171628,78.93588180027069,79.14749718636806,597
2024-01-02 10:30:00,77.3737944537958,78.65264502750652,77.72937664467908,78.13853900353278,667
2024-01-02 10:45:00,77.29543525429516,78.16328344069645,77.43195582494499,77.3296312982408,475
2024-01-02 11:00:00,77.20933021788476,78.22146546212835,76.85361775121419,77.55022217965748,296
2024-01-02 11:15:00,75.43154366686892,76.60462014485182,75.71072382922071,75.79210873438385,399
2024-01-02 11:30:00,75.61275450717595,75.99676671420025,75.66411028441016,75.99065820829408,183
2024-01-02 11:45:00,76.52728572671523,77.10084700876443,76.24038306813493,76.82744614095986,751
2024-01-02 12:00:00,76.35803506382034,76.63346881229519,75.68935023838357,76.32858773859236,775
2024-01-02 12:15:00,76.926876864256,77.4138517384,77.01819847581861,76.83495400738904,216
2024-01-02 12:30:00,76.03726896330619,76.27844439164727,75.66133729586768,75.88625915747323,294
2024-01-02 12:45:00,76.12779986846448,76.99365747589317,75.51350590587053,76.35687745577714,469
2024-01-02 13:00:00,75.5751494996991,75.90671582780587,75.08336688076672,75.79309015028326,174
2024-01-02 13:15:00,76.04318699117667,76.52927558586155,75.39041082016273,75.76528960440001,403
2024-01-02 13:30:00,77.73275070300706,78.10803344015854,77.03293517815099,77.41833218770981,959
2024-01-02 13:45:00,76.12698193160139,76.62231140094832,75.52156907975092,76.44246144832894,969
2024-01-02 14:00:00,74.29342064101237,74.73073175204546,73.85000494854069,74.61060071156948,846
2024-01-02 14:15:00,74.07461056371434,74.09103458391826,73.23424774388192,73.82092424379239,561
2024-01-02 14:30:00,73.83199303964726,73.52019805678819,73.2840179928483,73.27660573937962,401
2024-01-02 14:45:00,73.92783191428731,74.86402426904094,73.84295991522472,74.03686344728723,442
2024-01-02 15:00:00,76.20875878582724,76.96024030923043,75.40871939755861,75.84686161035646,260
2024-01-02 15:15:00,75.86763476700284,76.32352061079956,75.4917945499929,75.74049645279557,703
2024-01-02 15:30:00,77.59129349451115,78.19491339726918,76.73437854183956,77.42746674386926,602
2024-01-02 15:45:00,77.71126822106017,78.37804395176974,76.95415865897138,77.60610241493873,946
2024-01-02 16:00:00,77.19568487988845,77.42155493732766,76.59105863334499,77.17803321834971,959
2024-01-02 16:15:00,79.16739713859076,79.60201997650508,78.04733808000353,78.6223350958707,145
2024-01-02 16:30:00,80.52767951193631,80.49237687998419,79.9714790145728,80.22600117633378,212
2024-01-02 16:45:00,80.15764930324455,80.35910059608757,80.05446869421456,80.04795256236123,221
2024-01-02 17:00:00,80.02647447877912,80.28417897027686,79.4194851426127,80.16546723202421,172
2024-01-02 17:15:00,79.72912184099046,80.74983720838122,79.54459733280841,79.78723999044644,464
2024-01-02 17:30:00,80.38825665930283,80.78060911135701,79.94413405165044,80.53957729706764,828
2024-01-02 17:45:00,79.12620256777846,79.42419659691475,78.22410976407447,78.76282462712837,215
2024-01-02 18:00:00,78.14312386894596,78.13762527848182,77.75591504946568,78.40234252464732,999
2024-01-02 18:15:00,76.89066465146915,77.25691405392828,76.38482925832047,76.49876127042083,503
2024-01-02 18:30:00,75.82158842383132,76.32732602485453,75.21656065343927,75.98901220091729,785
2024-01-02 18:45:00,78.25472450018438,78.61424765360105,77.12255582380462,77.89060281156307,943
2024-01-02 19:00:00,77.66276344907645,79.01546120716611,77.7666003712471,77.94489538641348,786
2024-01-02 19:15:00,79.35469994102061,79.4693667619181,78.83564498780159,79.19853932157353,416
2024-01-02 19:30:00,77.98325151111308,78.03092255232971,77.67636037455414,77.75396339752368,382
2024-01-02 19:45:00,79.37866729207069,79.36388985380675,78.7482870658209,79.21916909861434,932
2024-01-02 20:00:00,79.55567122137231,79.38103735211814,78.67515361961068,79.39527990938393,960
2024-01-02 20:15:00,79.49526559407678,79.36579577461842,78.42326191126035,79.4884687393968,938
2024-01-02 20:30:00,79.15586977606692,79.47290570217199,78.96704315982566,79.25169856614157,710
2024-01-02 20:45:00,79.89836569252702,80.14357027807834,78.96641785551438,79.99255810315432,441
2024-01-02 21:00:00,79.99366411205175,80.8012406777718,80.02299239893526,80.14199812608844,838
2024-01-02 21:15:00,78.9571699143177,79.826994111387,78.34247922026849,79.36361348886945,825
2024-01-02 21:30:00,79.6099004887472,80.54852762223709,79.51419865413607,79.46722998327864,370
2024-01-02 21:45:00,79.63359926790525,80.3168899505388,78.75358932456143,79.84583154943132,981
2024-01-02 22:00:00,78.42674370764254,79.01073588396723,77.91911891472567,78.8567044207623,343
2024-01-02 22:15:00,77.40638995981959,78.38986469863475,77.06312154052458,77.58479001917283,933
2024-01-02 22:30:00,78.23836386714524,78.85260086427682,77.43591555628477,78.13577472866403,665
2024-01-02 22:45:00,76.79186382467937,77.84454373315631,76.73549464522503,76.93335166737798,461
2024-01-02 23:00:00,77.13571206207041,77.10612107991261,76.51605906625272,76.98185215015106,954
2024-01-02 23:15:00,78.29582014541137,79.28037514018882,77.36120540845444,78.21071459840051,702
2024-01-02 23:30:00,77.60382491668837,77.81544912258208,77.37812831826135,77.62382039486126,367
2024-01-02 23:45:00,76.75694906607895,77.41669131088996,76.24144570179158,77.08816226230549,955
2024-01-03 00:00:00,77.25700025294333,77.36881282355583,76.73665018926889,77.01361143035278,384
2024-01-03 00:15:00,78.17073148562672,79.00957977594167,77.25599309128481,78.07906430947047,766
2024-01-03 00:30:00,78.02989179275056,78.31287482660152,77.64234396867354,77.93334618063078,600
2024-01-03 00:45:00,78.07104568807645,78.99573933278047,77.93632194349259,78.22442093555047,656
2024-01-03 01:00:00,77.73689581989292,78.1011698767904,77.7926059338186,78.13849129865943,596
2024-01-03 01:15:00,77.89514816950971,78.57784256848075,76.95914252392264,77.85150066852795,899
2024-01-03 01:30:00,78.19745375398468,78.66304445645602,77.84251920402721,78.41527890832234,671
2024-01-03 01:45:00,78.62392060299028,79.08038918099979,78.45715438248169,78.80289382472894,395
2024-01-03 02:00:00,77.10218511271434,78.19685010687671,76.4854126953127,77.17356670872365,908
2024-01-03 02:15:00,77.43552998276996,77.99204288902853,77.44381645161387,77.53960629115741,462
2024-01-03 02:30:00,75.69950310666266,75.99938982446847,75.49254807164208,76.01921530348234,224
2024-01-03 02:45:00,77.34124200037967,78.05094176837805,76.4881037506142,77.26322975542921,950
2024-01-03 03:00:00,78.20293882967603,78.75705892659339,77.53497026239963,78.32646467095346,520
2024-01-03 03:15:00,78.81869718941323,79.42497652710641,78.67027117341568,78.8776998999478,888
2024-01-03 03:30:00,78.13125526948484,78.93474677070049,78.16041357012597,78.35730860474715,784
2024-01-03 03:45:00,80.30382696491831,80.27310343386752,79.59499100227528,79.92001528145815,170
2024-01-03 04:00:00,80.85396253568089,81.95726459772226,80.55132423760273,81.23044154534361,739
2024-01-03 04:15:00,80.78087877370541,80.72758019556493,79.93786586517719,80.50323290640938,199
2024-01-03 04:30:00,79.95688216678786,80.59536403187359,79.87457449504635,80.35098519034923,752
2024-01-03 04:45:00,80.34091962149621,81.11959695954764,79.81671941452016,79.93564292837108,373
2024-01-03 05:00:00,80.96844390344083,81.31895426475275,80.07765691320795,80.78278634563236,811
2024-01-03 05:15:00,79.00001700150038,79.97018249425838,78.9215239590215,79.40630644499534,768
2024-01-03 05:30:00,79.39518114401417,79.45486973052229,78.46518014638364,79.37162596966738,244
2024-01-03 05:45:00,79.76542718376567,80.48958552419539,79.5945300445561,79.7915604894683,517
2024-01-03 06:00:00,79.09509243504743,79.14754186617725,78.41667868733504,78.68913889370592,389
2024-01-03 06:15:00,78.72185199778285,78.72734236070114,77.87740174110793,78.49657349281118,527
2024-01-03 06:30:00,77.91687474564135,78.34056968235892,77.10168423749089,78.11024530179004,445
2024-01-03 06:45:00,79.04685005375327,79.20853905274069,78.10361778531009,78.90174396613966,740
2024-01-03 07:00:00,78.77991079389837,79.39469205133197,78.22952508421203,78.9658645671449,692
2024-01-03 07:15:00,77.80854083258066,78.09170135243494,77.52598469262165,78.18887158326669,270
2024-01-03 07:30:00,77.25611503441795,78.4740636433513,76.95294341761053,77.78833212403264,332
2024-01-03 07:45:00,77.08616679897128,77.08834886985781,76.13731431950711,76.96984453629676,340
2024-01-03 08:00:00,77.22645879953579,77.46697796841266,76.88338106598644,77.39094633412974,924
2024-01-03 08:15:00,76.76540226441782,77.08169528013354,76.44521101471898,76.43607508903969,844
2024-01-03 08:30:00,77.11786219961178,77.1482346869333,76.00178399422967,76.95656240744246,337
2024-01-03 08:45:00,76.33783161374357,76.35043676105695,75.52685409854837,76.20175646886901,440
2024-01-03 09:00:00,74.93685155848392,75.34707871740541,74.21324456772344,75.00042662942248,311
2024-01-03 09:15:00,74.83575385729799,75.58512350066553,74.30663451294203,75.04560928131738,339
2024-01-03 09:30:00,74.77566100703066,75.80569524560904,74.83954520411392,74.92945551685338,628
2024-01-03 09:45:00,74.00061789779643,74.39161949325977,73.02563368345126,73.83537192286846,451
2024-01-03 10:00:00,73.61825912657332,74.04263758105019,72.89365906890562,73.69139921868455,293
2024-01-03 10:15:00,74.96175361358654,75.17205184740313,75.02829256427148,75.1408334092232,471
2024-01-03 10:30:00,75.00623969202165,75.473335615367,75.05236476021031,74.91177657241165,445
2024-01-03 10:45:00,75.40054133676811,75.91515304081868,75.00157725049499,75.35892020500829,539
2024-01-03 11:00:00,75.85465461707194,76.6695525590097,75.52339200663299,75.74776844684754,178
2024-01-03 11:15:00,76.77638346663092,76.79494509704884,75.96351536998291,76.98348732725162,796
2024-01-03 11:30:00,75.98547622166082,76.76181216400062,75.8517768657046,75.91807059738997,506
2024-01-03 11:45:00,76.9453648493178,77.45549930352,76.09417704537427,77.3219172820093,401
2024-01-03 12:00:00,76.9289965521563,77.92021861624168,76.41508867759968,76.85548969328045,672
2024-01-03 12:15:00,77.77089071153176,78.80084749906743,77.8603349272422,77.97530224824739,117
2024-01-03 12:30:00,77.45875541009926,78.50760377640157,77.45514172930463,77.26005188678505,671
2024-01-03 12:45:00,75.91990327902253,76.15583557664651,75.70795834054395,75.75303116057141,334
2024-01-03 13:00:00,76.01172673862425,76.2234006619481,76.00380871573287,75.93351914203585,136
2024-01-03 13:15:00,76.44989612194514,77.0640038114407,75.7398213774934,76.47379750806085,753
2024-01-03 13:30:00,77.53530746854985,78.52045457468861,76.98220587193929,77.17516533535164,851
2024-01-03 13:45:00,77.17576016075036,77.88301407690578,76.36279947183323,77.19548809441896,750
2024-01-03 14:00:00,77.9097996804524,77.93877376911072,77.3853066820509,77.75166482870397,460
2024-01-03 14:15:00,77.57096904849654,78.5192860996536,77.60988706312958,78.04185483894295,303
2024-01-03 14:30:00,77.84040568161026,78.26427267957499,77.42136710011036,77.59996655569547,922
2024-01-03 14:45:00,79.15105707190538,79.32598394697588,78.76920267228797,79.21173391642479,199
2024-01-03 15:00:00,79.06121045745951,79.13203476209692,78.02871800587768,79.02451374308926,379
2024-01-03 15:15:00,78.08068871360562,78.64281876430182,77.57234462003363,78.18385447394105,575
2024-01-03 15:30:00,78.11748273083631,78.75215978225515,77.73485773773976,78.14074928342801,745
2024-01-03 15:45:00,78.90175129566016,79.43358786493077,78.40739174088284,79.19317305272234,348
2024-01-03 16:00:00,80.90182999069613,81.24370085685601,80.60170470480038,80.64107497591985,305
2024-01-03 16:15:00,80.6118836084151,81.48313535883155,80.4895998103244,80.69775974133968,698
2024-01-03 16:30:00,80.3801685924332,80.53904099042033,80.23035095266201,80.15973690937629,543
2024-01-03 16:45:00,81.38264764939656,81.76956705961756,80.94507697551913,81.38198540672171,696
2024-01-03 17:00:00,80.90954676178134,81.77492582135868,80.65946310120329,81.09662277137598,980
2024-01-03 17:15:00,80.58487301337132,81.70415413593095,80.49582465164895,80.89210340512314,584
2024-01-03 17:30:00,81.14952196945666,82.19107445838095,80.43035408938152,81.22431295289893,474
2024-01-03 17:45:00,80.64602382236981,80.88936109993342,80.18496653328411,80.91237457060804,138
2024-01-03 18:00:00,80.24962688195201,80.98271424158548,79.37804001908121,80.14564174291174,416
2024-01-03 18:15:00,78.98091542447608,79.47195943243132,79.16298054740417,79.35753295006687,424
2024-01-03 18:30:00,78.57196886203398,79.43856611632548,77.58561275376644,78.54278732037461,997
2024-01-03 18:45:00,78.50585556900383,78.40722250778283,77.41749891211681,78.28072740087391,706
2024-01-03 19:00:00,76.71937720203834,77.6611025501635,76.37301463821164,76.981332050598,566
2024-01-03 19:15:00,76.90958744698824,77.92901657744201,76.21893562683346,77.48133828070038,587
2024-01-03 19:30:00,76.36912007169892,77.61360636001842,76.68315802908566,76.88618503975508,574
2024-01-03 19:45:00,76.64236673738759,76.6601484254492,75.93413655015807,76.29334519339014,466
2024-01-03 20:00:00,78.0244633375853,77.87444322536142,77.29775917000146,77.86613746483671,626
2024-01-03 20:15:00,77.13671398880584,77.29973477855259,76.24258939763206,77.22661143463525,566
2024-01-03 20:30:00,78.09892110326867,78.52673794731218,76.8276743187124,77.23677247230029,476
2024-01-03 20:45:00,77.00997607327776,77.90479135326092,77.08200490800633,77.30141237541731,314
2024-01-03 21:00:00,78.26299601236805,78.83703333265255,77.91074211634754,77.87183861385371,593
2024-01-03 21:15:00,79.96410733971592,79.71249265504082,79.04443613537202,79.60750856325109,174
2024-01-03 21:30:00,79.20948413015313,79.60072840076108,78.19772748947501,79.2254154859515,359
2024-01-03 21:45:00,79.64020265505697,79.87975106554444,79.16288621820867,79.64334133882822,335
2024-01-03 22:00:00,79.13540558371307,79.66632392963267,78.48324241993522,79.31602205409364,892
2024-01-03 22:15:00,76.97298150211591,77.89209073944149,76.72322642176047,77.52632553971439,895
2024-01-03 22:30:00,76.77867152775308,77.78432719169005,76.65204572471524,76.88045208729898,577
2024-01-03 22:45:00,75.83612173329163,77.0640363986618,75.72880443682229,76.05060132347616,280
2024-01-03 23:00:00,74.57662592122712,75.14196192277278,73.97162175799065,74.4653208957405,928
2024-01-03 23:15:00,74.09224310665223,75.45290575864662,73.96676878145306,74.62962712540676,205
2024-01-03 23:30:00,75.54676446621858,76.13973261130924,74.85981553908414,75.32866999431758,535
2024-01-03 23:45:00,75.32487095410184,75.63014050533342,75.2568897104795,75.50770940747246,350
2024-01-04 00:00:00,76.07915667136953,76.11294643733649,75.96037358392502,75.99721644877827,639
2024-01-04 00:15:00,77.31432720685862,77.3249540807108,76.70886392463922,76.77060211907936,507
2024-01-04 00:30:00,77.51157664671067,77.56276261456051,76.41646825466542,77.35574043011191,271
2024-01-04 00:45:00,75.82357053637493,76.24831461458716,75.80652043615255,75.89401471912137,906
2024-01-04 01:00:00,75.27941420485166,75.46423457581044,74.36064646985744,75.37938346300413,149
2024-01-04 01:15:00,76.77113806425399,76.81082514492888,75.02938508622604,75.76990605021344,594
2024-01-04 01:30:00,76.87208794493255,76.56904777908274,75.68417227864592,76.68038956140224,344
2024-01-04 01:45:00,75.30906610742689,76.2853500738378,75.19216042611558,75.41617284167847,734
2024-01-04 02:00:00,74.80397892384265,75.14840016900641,74.46410261323079,74.64678280831271,979
2024-01-04 02:15:00,73.75996136025935,74.27442179577935,73.4418385916602,73.93312876359118,830
2024-01-04 02:30:00,73.90333201812146,74.17209745085823,73.59386164330226,73.61980855545335,676
2024-01-04 02:45:00,72.52283364795129,72.51382924121927,72.04497693563408,72.43508128176349,333
2024-01-04 03:00:00,71.80458777994221,72.3886342135324,71.33065761322332,72.14288910836214,716
2024-01-04 03:15:00,72.06653772608624,72.12324496965003,71.64974094059923,72.00112838629806,337
2024-01-04 03:30:00,71.29866320064772,71.87158335189089,70.98763288239456,71.22180735727785,908
2024-01-04 03:45:00,70.27547934210446,71.02667305970833,69.64061099913062,69.92372438053877,892
2024-01-04 04:00:00,72.45206087251955,72.52433837354008,71.90334510037991,72.08801146764051,678
2024-01-04 04:15:00,72.11038620178874,72.9643601248698,72.14755414925295,72.08458338025207,779
2024-01-04 04:30:00,71.62478659576631,72.00029832021913,71.45229290471511,72.11892098201265,108
2024-01-04 04:45:00,70.84326575876617,71.30285770037574,70.43230450038865,71.18179822977315,674
2024-01-04 05:00:00,69.77303649509255,70.59524215259083,69.35530886263719,69.99944300250993,344
2024-01-04 05:15:00,69.48379763050131,70.22531799267617,68.9657016129889,69.416783669552,196
2024-01-04 05:30:00,69.86671741516037,70.65582831937601,69.27712816139737,70.02532957548267,899
2024-01-04 05:45:00,70.9212246775909,71.84042921882985,70.2216709364331,71.20815064949693,270
2024-01-04 06:00:00,68.70161203900106,69.56291245852846,68.46225979385035,69.11700240536364,614
2024-01-04 06:15:00,68.4721544773042,68.88687120381701,67.49801627829032,68.14355089390322,741
2024-01-04 06:30:00,67.63338003051712,68.1832361154102,67.17422735473023,67.54559879797253,703
2024-01-04 06:45:00,66.77312340568876,67.57568317898956,66.4837342990433,67.29867262926233,921
2024-01-04 07:00:00,67.58207399934724,68.15212542293509,66.9234721956277,68.09356665114652,113
2024-01-04 07:15:00,66.88527136723728,67.04380515627689,66.62646937885232,66.80487333886114,188
2024-01-04 07:30:00,67.06407088289262,67.12800626268367,66.10152627670307,66.73751430155282,286
2024-01-04 07:45:00,65.91304575083119,66.85724947324054,66.06903593292911,66.37082656917939,260
2024-01-04 08:00:00,65.97182105666715,66.95045487625688,65.47024371235543,65.90132828129924,706
2024-01-04 08:15:00,68.01324350466165,68.94435374469224,67.18304601342768,67.77969227620537,632
2024-01-04 08:30:00,66.92637090951843,67.21822951059326,66.11074406352088,66.8181683490002,117
2024-01-04 08:45:00,67.26430834164937,68.14463432734149,66.48798218589154,67.07968560388157,445
2024-01-04 09:00:00,66.56519550482744,67.34048994145445,65.43843389278143,66.20328484707356,902
2024-01-04 09:15:00,68.00938710622111,68.41469550391761,67.38008106088863,68.28115519534514,894
2024-01-04 09:30:00,67.07541674725131,67.72244043778304,66.60561383191312,67.66812061259401,300
2024-01-04 09:45:00,64.94971773715802,66.05901770084057,64.43884844720178,64.92840763989547,435
2024-01-04 10:00:00,65.04053020007306,65.01466990513408,64.65200443467434,65.09570632254065,684
2024-01-04 10:15:00,63.424806259758135,63.830792786723805,62.78438774495758,63.87295472611519,899
2024-01-04 10:30:00,63.639584810992666,64.42388513348381,63.65761974171561,63.9686165460189,582
2024-01-04 10:45:00,63.70733957086111,64.6995643622963,63.17196027841381,63.85580179421118,422
2024-01-04 11:00:00,65.0880377099648,65.07221673590583,64.89469113852367,64.89851891636621,728
2024-01-04 11:15:00,65.27808440823108,65.3121072266078,65.13214842900015,65.39611450312955,260
2024-01-04 11:30:00,66.54658111069445,67.52968252721382,66.23653604182702,66.85951706305211,941
2024-01-04 11:45:00,66.29860668186751,66.43305843382072,65.5752707147306,66.39626197792852,716
2024-01-04 12:00:00,65.40313759042546,65.68113773656897,64.7214633634646,65.33142317172361,149
2024-01-04 12:15:00,65.37016573215354,65.53174615781356,65.15080433450922,65.31125200577922,824
2024-01-04 12:30:00,65.24213528813783,65.50880162567181,64.46856710736594,65.69985569538446,283
2024-01-04 12:45:00,65.0579221282598,65.41785944962882,64.2712594362009,65.44585526542365,382
2024-01-04 13:00:00,65.2447731994708,65.40026911556886,64.2167740005897,65.1554253122783,284
2024-01-04 13:15:00,63.17855630016004,64.13197254593925,62.78816911464228,63.621981218538245,703
2024-01-04 13:30:00,62.62191374613822,63.05344233859636,62.65829273725214,62.71358354563165,299
2024-01-04 13:45:00,62.50765947416683,62.82016343285001,61.94967380854905,62.79184934122292,291
2024-01-04 14:00:00,62.20069592114029,62.834608504635796,62.043671854809105,62.10848874437107,217
2024-01-04 14:15:00,62.7355827646148,63.97983658065414,62.06149495581386,62.88752635457565,963
2024-01-04 14:30:00,62.71551761518039,63.7920376461392,62.45112505640242,62.85108181444676,133
2024-01-04 14:45:00,61.12320500831501,61.26324767548334,60.89475068059373,60.97530683384606,752
2024-01-04 15:00:00,63.29314634730264,63.660504887074275,62.653206749770995,63.59714214912971,208
2024-01-04 15:15:00,62.419577475017824,63.59775870560784,61.669589338162446,62.33192104093872,336
2024-01-04 15:30:00,63.40355156916539,63.34840990177974,62.11009108131957,63.21948964296613,365
2024-01-04 15:45:00,63.84194774828927,64.29314600099839,63.75150882560837,64.12798847714019,458
2024-01-04 16:00:00,62.28331199981977,62.85351536683515,61.550699547069755,62.09390270956552,515
2024-01-04 16:15:00,61.602365199640666,61.57003259225488,60.73492121157421,61.40077491556806,977
2024-01-04 16:30:00,60.64793530503663,61.23967431806957,59.932228024741214,60.71859809383842,535
2024-01-04 16:45:00,60.07002299201156,60.76730696572634,59.5281720710989,60.137405724628955,409
2024-01-04 17:00:00,61.01226015237466,60.63877595179279,60.6136983929407,60.77669688970532,234
2024-01-04 17:15:00,60.07836743430513,60.59544510767759,59.26972494149008,60.012698502418964,781
2024-01-04 17:30:00,61.40521503378312,61.25052814122511,60.67542244569386,61.18486951945983,365
2024-01-04 17:45:00,59.491257458609134,59.728516705663566,59.43343910887146,59.45373936134083,236
2024-01-04 18:00:00,57.97657194661775,58.28956733081534,57.6097254129043,58.16615238337348,252
2024-01-04 18:15:00,58.515270215049874,58.803628517501515,58.246628003219364,58.20510339750231,874
2024-01-04 18:30:00,59.68288705077226,59.35342674650565,58.599357552096606,59.45615542762736,285
2024-01-04 18:45:00,59.400523972724045,59.393818509998376,59.26071023845322,59.37869164222561,718
2024-01-04 19:00:00,59.30123581558809,59.35996841370235,58.59733872249881,59.586285814492584,476
2024-01-04 19:15:00,59.674919299052775,59.84443432554588,59.63895304570794,60.06747250757853,497
2024-01-04 19:30:00,59.28537399207128,59.87355677561746,58.92704020375018,59.43662815689321,408
2024-01-04 19:45:00,58.69995522397792,59.48491001152502,58.233080024509995,58.983251893477615,366
2024-01-04 20:00:00,58.87789948470523,59.74334289576128,58.863152031624,59.04405392525813,854
2024-01-04 20:15:00,59.129343356413784,59.71074628326293,59.275671248378856,59.55942006450515,569
2024-01-04 20:30:00,58.4671221038049,58.73509365113235,57.82417392405314,58.496270476044444,881
2024-01-04 20:45:00,57.23904030151092,57.69761035921964,56.72910626791311,57.39077702402812,357
2024-01-04 21:00:00,58.94353435527825,59.24057318973797,58.22732822707164,58.609100382515855,850
2024-01-04 21:15:00,58.09018348502706,58.49195482667739,57.49116055223909,57.92063197097195,183
2024-01-04 21:30:00,58.74708557341244,59.40583182065359,58.18654961549341,58.64128716055881,298
2024-01-04 21:45:00,58.65486435801046,58.83421085434084,57.90568377926735,58.276095977491174,349
2024-01-04 22:00:00,57.98248139357708,59.08355204590659,57.51441259132274,58.050787308006136,579
2024-01-04 22:15:00,58.43169578716795,59.10082044824042,58.08471773663129,58.72914350213754,310
2024-01-04 22:30:00,59.22395129816317,60.27078431887302,58.822092731921686,59.45356466274899,844
2024-01-04 22:45:00,58.17696894240005,58.70991063450422,57.50899641020638,57.9107586552814,321
2024-01-04 23:00:00,58.1627264458082,58.27298159374705,57.66629576985963,58.1535054694967,621
2024-01-04 23:15:00,57.092755379112944,57.59174369393953,56.74739913780424,57.443329787586336,515
2024-01-04 23:30:00,57.49610974358373,57.97129962287825,56.99623721261521,57.65995462999743,644
2024-01-04 23:45:00,58.196263434986435,58.720406764633346,57.751433507849356,58.59860314518776,359
2024-01-05 00:00:00,59.353331786126034,59.58075269315423,58.28027407738793,58.690459427254254,988
2024-01-05 00:15:00,59.0814659055572,59.52523319382421,58.827376562435674,58.70773747463326,479
2024-01-05 00:30:00,58.72916056970759,58.80015671942086,58.449520527019935,58.74191583871126,567
2024-01-05 00:45:00,58.95235115522305,59.39644532427435,58.824406612271304,59.00088460254393,609
2024-01-05 01:00:00,59.27993454895783,60.08914872723834,59.16823087155902,59.251319612133095,493
2024-01-05 01:15:00,60.61374945956049,61.54776707298204,59.94780825693517,61.198356481622646,593
2024-01-05 01:30:00,61.4298519235723,61.63514111146218,60.45824252015296,61.09114226964276,972
2024-01-05 01:45:00,60.84643030065543,61.15918173895564,60.23947206151259,60.60994495355673,157
2024-01-05 02:00:00,60.48329653768344,60.300438405894276,59.71114614638984,60.67835334893287,111
2024-01-05 02:15:00,59.25754461012149,59.658501676472326,58.583379577938125,59.5453647263387,306
2024-01-05 02:30:00,58.76979836542877,59.07828668727272,58.86762552605143,58.855335098723685,434
2024-01-05 02:45:00,57.7041402106539,58.17605847584826,57.02618563867131,57.627787165565024,235
2024-01-05 03:00:00,56.555392370904656,57.37438170298304,55.88370416132856,56.36716566591985,715
2024-01-05 03:15:00,56.09828284972819,56.716476460424616,56.240537436341874,56.02182612611463,171
2024-01-05 03:30:00,55.073062127278654,55.69771731957665,54.20925763712901,55.12149177083312,586
2024-01-05 03:45:00,52.683588933738456,53.10585508736488,51.844612537400906,52.641872118080954,169
2024-01-05 04:00:00,52.78095774496177,53.879446070262226,52.03259239807132,52.68871218917315,925
2024-01-05 04:15:00,51.9959829298161,52.697446225744045,51.16418975072415,51.97318073027504,910
2024-01-05 04:30:00,52.41120532068754,53.30668709887473,52.17950639861101,52.611155134124694,665
2024-01-05 04:45:00,52.23974604175472,52.651361753617756,51.45746220480029,51.9183167934897,343
2024-01-05 05:00:00,51.03787332003762,51.69631160424097,50.77045838934125,51.48124191540288,610
2024-01-05 05:15:00,52.599581986535426,53.00596810935028,52.45479067792863,52.63798646229386,229
2024-01-05 05:30:00,53.593504215003996,53.86749676072823,53.59909633929018,53.687579241021076,869
2024-01-05 05:45:00,54.650660710998,55.61223289941641,54.323140125987855,54.70571100662764,270
2024-01-05 06:00:00,53.50837812944458,54.30148788309805,53.35180700099139,53.85818732116598,946
2024-01-05 06:15:00,53.61613593789276,54.09671866219098,52.95517896823368,53.99673487235202,356
2024-01-05 06:30:00,50.54742589367856,51.37596802794226,50.242481112503086,50.62018707078325,169
2024-01-05 06:45:00,49.781072924377916,49.901706546365226,49.25701742365955,49.87529035891383,615
2024-01-05 07:00:00,51.26500771585945,52.20290823483227,50.90157119114714,51.20979329665181,374
2024-01-05 07:15:00,50.89625004470676,51.68526745332339,50.99663387228943,50.59219782977553,428
2024-01-05 07:30:00,50.01346635976036,50.22925195616083,49.22250273496057,49.73562487362666,886
2024-01-05 07:45:00,50.59640672975387,50.6259686581998,49.85215703664338,50.2474454865836,101
2024-01-05 08:00:00,50.073589598904334,50.61633666544674,49.060945402749724,49.73738127709207,539
2024-01-05 08:15:00,49.51224094000543,49.740478239613715,49.15946224922769,49.492929904306195,941
2024-01-05 08:30:00,49.65717764154696,50.15752826912055,48.92365875007659,49.26444347579168,965
2024-01-05 08:45:00,49.60736557044465,50.06888459337501,49.62998710184699,49.64886042682668,931
2024-01-05 09:00:00,50.016519048226876,50.42425637899467,49.564146094755294,50.309166410388414,969
2024-01-05 09:15:00,50.50621394761095,50.62662497297468,49.52868498417836,50.057454079184026,925
2024-01-05 09:30:00,52.982780682582636,53.2408136140204,52.5361324022601,52.95367653891818,217
2024-01-05 09:45:00,52.1490562718508,52.48464967970987,51.01981159922672,52.2561847044792,708
2024-01-05 10:00:00,53.65622758602426,54.08205211957121,53.147886627697495,53.64871664527594,340
2024-01-05 10:15:00,53.83493825337277,54.28668792813713,53.573124930274226,53.81215813893481,152
2024-01-05 10:30:00,52.268647830954265,52.857640900282476,52.049533563814585,52.6929281787434,705
2024-01-05 10:45:00,52.25776501796951,52.76080161099873,51.46013904468528,52.04523306375689,906
2024-01-05 11:00:00,49.83383006960131,50.21229209994211,49.289080828411365,49.692199113063815,886
2024-01-05 11:15:00,49.31642213219333,49.87899909821368,48.89964281278903,48.98337747361242,337
2024-01-05 11:30:00,52.395653846924475,52.57318270713937,51.69482277997081,52.44175927630974,276
2024-01-05 11:45:00,52.43042087500714,52.20858072663142,51.63693572404482,52.10795040249289,822
2024-01-05 12:00:00,53.403268474507826,53.65304983738771,53.064242753873216,53.18088951627437,348
2024-01-05 12:15:00,53.837073251933845,54.74037939918433,53.711452400287264,53.93383645374841,416
2024-01-05 12:30:00,52.7893682611477,53.17712653598991,52.733526746184296,52.656519585417065,619
2024-01-05 12:45:00,52.16167425849014,53.012689580130484,51.78480248661608,52.35132080729093,397
2024-01-05 13:00:00,51.37550342895702,51.19739716509052,51.043647504893215,51.23207229829108,463
2024-01-05 13:15:00,51.16183534184219,52.00566304027005,50.85984541175177,51.38174247538272,258
2024-01-05 13:30:00,50.45969831606437,51.44683009480188,49.88891115234318,50.72917720605365,733
2024-01-05 13:45:00,50.02511359832073,50.405574146067295,49.045986309277,50.00137052562757,436
2024-01-05 14:00:00,49.913004075065054,50.26263464555915,49.516277781824954,49.697811563488585,739
2024-01-05 14:15:00,48.2551149917185,48.66876580556171,47.8028710784627,48.42864170102943,229
2024-01-05 14:30:00,47.83878312683202,48.720194467459386,46.986253036864326,47.580049186588795,334
2024-01-05 14:45:00,45.40421104095964,46.300047097389715,45.209986768047216,45.52342339867382,798
2024-01-05 15:00:00,45.65689381226195,46.48765756786983,45.14906932612791,45.82089470809764,411
2024-01-05 15:15:00,44.34063705936273,45.64977718323758,44.8815867709235,44.6947548138563,853
2024-01-05 15:30:00,43.95398044396726,44.669299964770765,43.41305496192647,44.15883811340396,565
2024-01-05 15:45:00,44.8596354697889,45.675775455941526,44.69341171825592,44.940281012677396,889
2024-01-05 16:00:00,45.28732548904361,45.865508780991654,44.908507662751184,45.137112986471095,718
2024-01-05 16:15:00,45.728695289800754,46.105908214577404,45.201951675595296,45.90658478846028,466
2024-01-05 16:30:00,47.71659351920467,47.98000590273941,47.00266572121034,47.42167275831431,765
2024-01-05 16:45:00,49.03228596597058,49.9012777055617,48.89973864021167,49.2188609249156,919
2024-01-05 17:00:00,48.95732838863953,49.946946718660065,48.81663772846265,49.36969933817635,800
2024-01-05 17:15:00,50.407643401526286,50.70957805455196,50.29666568120332,50.820073309132695,535
2024-01-05 17:30:00,50.22990498892879,50.68796503201601,49.86578463413942,49.63764553411362,922
2024-01-05 17:45:00,48.5413168528655,49.218070883634326,47.68222882278241,48.48768196096347,844
2024-01-05 18:00:00,48.311536857494936,49.38275801038641,48.464185812173945,48.83033766717043,774
2024-01-05 18:15:00,47.885268680591906,48.61664016980183,47.37675287254584,47.59599084598841,623
2024-01-05 18:30:00,46.49598379304772,46.61175273139978,46.12300879691148,46.427912113085014,211
2024-01-05 18:45:00,46.771153451752134,47.25122155718073,46.70696039125298,46.82256094227375,480
2024-01-05 19:00:00,47.47852090849925,48.25503207590437,46.529211365215964,47.153198240429816,566
2024-01-05 19:15:00,48.40050896602866,49.22267795355116,47.69754247827976,48.31598110518819,765
2024-01-05 19:30:00,48.4520574599795,48.78150994763433,47.69112607130391,48.439017096245145,373
2024-01-05 19:45:00,48.376245861789364,48.81211556406382,48.27808947709964,48.70628959043239,548
2024-01-05 20:00:00,49.00503480594264,49.7462670452822,48.84039565470539,48.995091514981254,144
2024-01-05 20:15:00,47.6600937405892,48.203605298641705,47.571725112557544,47.64058767154412,451
2024-01-05 20:30:00,48.673606337339976,49.02954184628522,47.89711535923051,48.641760785301365,914
2024-01-05 20:45:00,50.470622322713815,51.064011892259195,49.629687793275345,50.3212388126352,250
2024-01-05 21:00:00,49.38817408783655,49.8787470159941,49.147999903532956,48.906546142680654,117
2024-01-05 21:15:00,49.349693705278696,49.7114473424492,49.06840628537948,49.104919451072774,517
2024-01-05 21:30:00,48.708059341254454,49.100068331008345,47.60558800293214,48.429854341132774,680
2024-01-05 21:45:00,48.339520990423175,48.61781207388801,47.584982219372755,48.38969841265745,124
2024-01-05 22:00:00,47.28497888477587,47.304946559618834,46.208340841616,47.20784301967475,143
2024-01-05 22:15:00,47.356499829530556,48.66347408504345,47.76947251691881,47.540410597213345,818
2024-01-05 22:30:00,47.799993868932496,48.01612024921284,47.068514095886776,47.90468285682246,153
2024-01-05 22:45:00,47.86605325256792,48.02070938636203,47.012204952567295,47.693347873808506,721
2024-01-05 23:00:00,47.839239698993545,48.65160686985713,47.876315902613946,47.60987255463206,145
2024-01-05 23:15:00,46.33809890664008,46.93881620094698,45.7986706031842,46.49704052045865,483
2024-01-05 23:30:00,47.98657568222254,48.716656923019706,47.92568772362497,47.9186795539379,724
2024-01-05 23:45:00,47.20832020917113,47.52462302724451,46.329708347268934,47.0810843184188,679
2024-01-06 00:00:00,47.53786075040148,48.38412623846513,46.51015692255396,47.253677132713456,923
2024-01-06 00:15:00,46.35312033813842,46.66877966410327,45.738982428221945,46.35424037470641,687
2024-01-06 00:30:00,44.89825689728444,45.304477283745044,43.83940589088091,44.66040873269078,997
2024-01-06 00:45:00,45.87254014483603,46.56920236281728,45.0681828458232,46.36348643607992,672
2024-01-06 01:00:00,44.46681895942402,45.27015821301701,43.51957806282469,44.90496574019109,469
2024-01-06 01:15:00,43.57848425379739,43.9896382992215,43.51535388842243,43.57026231560352,223
2024-01-06 01:30:00,42.98091961664195,43.41630683082722,42.44232347186649,43.03220417323382,750
2024-01-06 01:45:00,42.464397312749206,42.77721850335893,42.39341253397693,42.552015915209246,842
2024-01-06 02:00:00,41.476150818370115,41.846367993324144,40.92052595880851,41.47174281500982,166
2024-01-06 02:15:00,41.21501784588788,41.99901254051122,41.34007582667101,41.534982738097554,503
2024-01-06 02:30:00,40.94943259546631,41.168786932742215,40.06431558360991,40.60067157865521,349
2024-01-06 02:45:00,41.44166661485395,41.98769093740396,41.05484484971001,41.163739089887926,684
2024-01-06 03:00:00,40.82475936877221,41.11624600783391,40.38506242094511,40.30933774548029,836
2024-01-06 03:15:00,39.21893791885847,39.53536082598058,39.17033171863176,39.06935804627268,546
2024-01-06 03:30:00,38.06013696462219,38.47550842278792,37.60156310575298,38.17612353799965,840
2024-01-06 03:45:00,38.61009024902173,38.78528129192997,38.61501298420188,38.59739658614967,488
2024-01-06 04:00:00,37.21192397341818,37.63185498995255,37.12941339286701,37.56480193569863,646
2024-01-06 04:15:00,35.38829852447781,36.030265118787895,34.67857877675799,35.21353090623362,326
2024-01-06 04:30:00,36.14967445734284,36.45107304086946,35.66092564279846,36.27754534666018,648
2024-01-06 04:45:00,36.252531997178174,36.327097508903,35.87263951315162,36.15767825958429,819
2024-01-06 05:00:00,36.00485037963228,36.47403922133375,35.12832913192518,35.89602940508127,858
2024-01-06 05:15:00,35.70799364893422,36.12632062272056,35.55864748120394,35.65187402022515,527
2024-01-06 05:30:00,35.52064339915099,35.45006022642292,35.010768532057696,35.53505425649623,799
2024-01-06 05:45:00,37.58630880172389,38.143092486407205,37.161940159391506,37.55105628474647,575
2024-01-06 06:00:00,37.55616197277642,38.118453387100026,36.896395572740545,37.803228348596605,291
2024-01-06 06:15:00,38.08431938471457,38.88777258772083,37.02553922803367,37.98465945745328,912
2024-01-06 06:30:00,37.8442399244426,37.92574566132204,36.72319230683809,37.331280767018384,684
2024-01-06 06:45:00,34.73660831789254,34.99012544741547,34.42888255896924,34.80806770750058,663
2024-01-06 07:00:00,33.037154385697555,33.48840962362214,32.35123333868755,33.63861148604671,914
2024-01-06 07:15:00,33.02439912178698,33.68633983043992,32.35306511548131,32.99113170152221,148
2024-01-06 07:30:00,32.83792425274165,33.025798018180446,32.19052579346173,32.799187434407735,774
2024-01-06 07:45:00,31.71478975585876,31.711335897485455,30.97163235726541,31.325391053591822,490
2024-01-06 08:00:00,31.6757074741452,32.3865842901771,31.226209273982832,31.07868321240669,788
2024-01-06 08:15:00,31.77345302822984,32.04939253202831,31.19774210520022,31.253608786669353,719
2024-01-06 08:30:00,32.73384259508579,33.81592317980181,32.39424651718421,32.95094611406715,961
2024-01-06 08:45:00,33.16743554057106,33.69914114275109,32.28846750094439,32.80596170954513,799
2024-01-06 09:00:00,31.390591470296357,32.060724071732245,31.39124895623489,31.26555555748476,587
2024-01-06 09:15:00,32.13617261652807,32.50397310771339,31.47172643238306,31.979626064158342,131
2024-01-06 09:30:00,32.120767636963194,32.898634101881974,30.930994838609717,31.77524355102596,877
2024-01-06 09:45:00,33.12938754358416,33.01038549540769,32.33427418850596,32.80926338462123,138
2024-01-06 10:00:00,33.80782725142707,33.94047251941318,33.571382762029685,34.06784144492796,561
2024-01-06 10:15:00,34.897836291228494,35.076301141012706,33.920253304300815,34.61746082520468,523
2024-01-06 10:30:00,35.143398653777446,35.84342266821945,35.27658648664424,35.609077194005145,279
2024-01-06 10:45:00,32.68830993470308,32.79463622350548,31.87738166271837,32.68051866281223,950
2024-01-06 11:00:00,34.649442821986156,34.90550531391282,34.5037560087891,34.47948476313483,657
2024-01-06 11:15:00,34.53984056560982,34.70691854048051,33.40510840024697,34.24427056156852,694
2024-01-06 11:30:00,33.56273060336838,34.63204130338807,33.28505995133769,34.119948657730575,666
2024-01-06 11:45:00,33.00312899822573,33.973983423036124,32.09775068107036,32.95653189851967,188
2024-01-06 12:00:00,34.05727787371421,34.88365718728802,33.16079919027545,34.30138854673288,522
2024-01-06 12:15:00,32.68354084478684,33.72743705291224,32.57411548104382,32.902696106015675,145
2024-01-06 12:30:00,33.113844732756206,33.20356017720155,32.67815247913819,32.74126542901323,512
2024-01-06 12:45:00,32.48719863197686,33.636991597821634,32.04873671686274,32.81562664591068,259
2024-01-06 13:00:00,31.724396760803188,32.305764355943666,30.743879071617577,31.64413808632225,260
2024-01-06 13:15:00,33.20968650477316,33.81410223506403,32.86015936601701,33.142703733780806,420
2024-01-06 13:30:00,32.280852010009454,32.65198303341135,31.71009035704319,32.00196474256153,976
2024-01-06 13:45:00,32.075124289366,32.18088797068527,31.157684468288185,31.944476369775327,962
2024-01-06 14:00:00,30.943842784439795,31.564745884610957,30.713500741232032,30.994297269858798,446
2024-01-06 14:15:00,30.033746228460753,30.909420841995924,29.62424088192592,29.696470759701636,469
2024-01-06 14:30:00,29.744635119705045,29.539356713620464,28.512802432003987,29.569255617832958,207
2024-01-06 14:45:00,30.511566578696872,31.0495860554048,29.853770021614242,30.71925106838133,714
2024-01-06 15:00:00,33.480631272702155,33.98206602253085,33.54952608507546,33.79879836686971,303
2024-01-06 15:15:00,31.58054163486355,32.4442613801761,30.98728816004955,31.465918826977923,223
2024-01-06 15:30:00,31.294971688671477,31.92868534830573,30.7533430703711,31.185874638267748,140
2024-01-06 15:45:00,33.488102824898625,33.95338962169717,32.78488118372289,33.320128912519344,227
2024-01-06 16:00:00,32.73605826494195,33.135658458061684,32.071804121768025,32.98837923996517,656
2024-01-06 16:15:00,31.871638593141352,31.98127501629064,30.794977066938777,31.50501147714695,533
2024-01-06 16:30:00,31.114917708172538,31.711593816807877,31.325789884810423,31.44644737502699,254
2024-01-06 16:45:00,31.499200551322332,32.26867546722912,31.244816657027197,31.366878465588414,330
2024-01-06 17:00:00,33.83525035582945,34.72250442603139,33.81627788931662,33.98805925715149,319
2024-01-06 17:15:00,33.724192610195715,33.96026046191686,33.299771544427685,33.71454463673067,726
2024-01-06 17:30:00,36.11990779154047,36.86055127415998,35.55835805552113,35.63847974940881,454
2024-01-06 17:45:00,35.93755778637962,35.92001410769159,35.35651286078956,35.75127471730107,219
2024-01-06 18:00:00,33.468829420147976,34.46151602724636,33.25730541205036,33.60495058229003,931
2024-01-06 18:15:00,33.14376643932585,33.73221312888785,32.975876345034045,33.3063388706175,423
2024-01-06 18:30:00,33.26473842234191,34.022060535353624,32.7396882200049,33.32250722482396,817
2024-01-06 18:45:00,34.189814830482675,34.279024281368926,32.9413532136739,33.430250230114794,667
2024-01-06 19:00:00,33.518351422244905,34.25810078518802,32.94003304341564,33.33313203531032,798
2024-01-06 19:15:00,31.006636326936082,32.31761472951044,31.249948801973037,31.351227431880126,774
2024-01-06 19:30:00,31.17820468085889,31.43002232418508,31.142615093078927,30.92164302548208,216
2024-01-06 19:45:00,32.24266761855723,33.262989531487484,31.859906033422728,32.57805341681033,389
2024-01-06 20:00:00,33.534193018054665,33.82615295598166,32.972445531906864,33.390977084593565,603
2024-01-06 20:15:00,30.60603567002238,31.545849960224434,30.423322192006523,30.667203502135717,262
2024-01-06 20:30:00,31.62746259647337,31.774157700885112,30.674141693713896,31.400285432536673,115
2024-01-06 20:45:00,31.99378197376153,32.85040221506971,31.3508069733646,31.822363435755697,304
2024-01-06 21:00:00,33.49806009662627,33.64334498803148,32.275134731774,32.93531276593522,220
2024-01-06 21:15:00,31.061589067523514,31.472634813706396,30.938142214383028,31.281756517685356,558
2024-01-06 21:30:00,29.976999083145614,30.755398287672712,29.660667930182246,29.915475926964064,596
2024-01-06 21:45:00,28.570029833353697,29.686176113064533,28.339388588952538,28.78772048990571,827
2024-01-06 22:00:00,30.793695825905015,31.407130925201034,30.6586797121293,30.851128074642514,613
2024-01-06 22:15:00,30.542541233784515,30.569470703109854,29.902996238405045,30.626386294708976,392
2024-01-06 22:30:00,32.74238045262026,33.117772471258554,31.623461235834867,31.899928481775753,648
2024-01-06 22:45:00,32.53624831155529,33.13825041247157,32.31497601483616,32.82626055819391,911
2024-01-06 23:00:00,32.39313326166498,32.574712820936554,31.949258463323265,32.46242412768102,214
2024-01-06 23:15:00,32.21901191068703,32.47450543892271,31.734757972921283,32.27292506662172,421
2024-01-06 23:30:00,29.918988701845212,31.198527410449618,29.741371923734555,30.08980527802407,148
2024-01-06 23:45:00,29.279570898665597,29.736763775333156,29.08936631355999,29.288091024099923,390
2024-01-07 00:00:00,29.31379915095981,29.478411497198064,28.83934658463179,29.21684550446482,960
2024-01-07 00:15:00,29.74036880237608,30.21445651026199,29.356069041639117,29.258470298847087,521
2024-01-07 00:30:00,29.884931776591237,30.759562417389656,29.066292502518966,30.218368235257365,835
2024-01-07 00:45:00,31.941274498766642,31.995319719749375,30.902581955840894,31.842441045869755,229
2024-01-07 01:00:00,30.498379266104497,30.833286998977364,30.158804894814136,30.34769904614138,630
2024-01-07 01:15:00,30.531510702230246,30.743616628465965,30.53014188390113,30.694129785471603,671
2024-01-07 01:30:00,28.696512190833893,29.154280817032262,28.80689698464567,29.033553034168033,759
2024-01-07 01:45:00,30.289298837015995,30.34160080875971,29.954605344305097,30.044724158906167,388
2024-01-07 02:00:00,29.074223644070646,29.929992015469075,29.114644475913313,29.511708369103822,406
2024-01-07 02:15:00,28.105701033200212,28.91617123799205,28.250613609697112,28.445347659433075,235
2024-01-07 02:30:00,29.907886758248583,30.204822884738537,29.067602370535454,29.86715165430024,885
2024-01-07 02:45:00,29.201550633898506,29.89412421708416,28.710734208616348,29.025778911229676,415
2024-01-07 03:00:00,28.081012457361265,28.44867883960704,28.053447448505096,28.04881641508323,557
2024-01-07 03:15:00,29.34658258099323,29.70595922980435,29.123515789911725,29.366231499185513,136
2024-01-07 03:30:00,29.232715114680744,29.487475577912292,28.50941298102755,29.115482603693188,916
2024-01-07 03:45:00,29.098508924731387,29.057457877931206,28.7298967684676,29.06361873987811,722
2024-01-07 04:00:00,29.457781154116983,29.886827078038067,29.369666173949216,29.716149095127676,712
2024-01-07 04:15:00,29.819595320875834,30.629449469651078,29.210217707880272,29.643344383382683,872
2024-01-07 04:30:00,29.153948339193224,29.156934547661148,28.523073009601802,28.805511014499928,617
2024-01-07 04:45:00,28.394188905686086,29.56468445657585,28.36435639881513,28.58293403630652,743
2024-01-07 05:00:00,29.256792310300064,29.406779271143105,29.015133214499993,29.112458185616436,228
2024-01-07 05:15:00,28.823676556234698,29.190495896920346,28.470988618127485,29.3148760442913,550
2024-01-07 05:30:00,28.74740260790894,29.495155684855106,28.196335685101136,29.28382641706704,132
2024-01-07 05:45:00,30.342729056360074,31.036449794382943,29.48372708081987,30.178357278371937,612
2024-01-07 06:00:00,29.875038036874553,30.27332345037752,29.601703204552216,30.0881462053236,501
2024-01-07 06:15:00,29.77751875754524,29.756441723657005,29.153941714906416,29.701732212714912,442
2024-01-07 06:30:00,28.789564105541494,29.2841234718621,28.752853055518866,29.061572724059392,615
2024-01-07 06:45:00,28.159340673393746,29.255145194285667,27.87213457956457,28.551973023567463,731
2024-01-07 07:00:00,27.992663381967557,28.427920259087948,27.241310173443892,28.007151646227527,937
2024-01-07 07:15:00,28.013032379802713,28.930485830611367,28.01999986613667,28.60476272352511,143
2024-01-07 07:30:00,28.83644306174996,29.530208857029276,28.840036379253824,28.562663789246127,724
2024-01-07 07:45:00,28.23226149145382,28.07578567431844,27.37492111302419,27.879325197046178,622
2024-01-07 08:00:00,28.305482051355224,28.8508684686091,28.475945509654473,28.839990853493706,103
2024-01-07 08:15:00,29.632922514981324,30.31936721038887,29.284446956102446,29.39828664199828,629
2024-01-07 08:30:00,30.279699073589377,30.211051897582248,30.015524527965162,30.018671924123723,450
2024-01-07 08:45:00,30.782328813744247,30.929829213518904,30.053808432712746,30.747257850264486,185
2024-01-07 09:00:00,28.920951156687025,28.822863550521678,28.600308750877478,29.134127299831516,749
2024-01-07 09:15:00,29.10990532284405,29.556055366372863,28.8932772613274,28.904596549094467,180
2024-01-07 09:30:00,28.563459421477436,28.945513837864386,28.228780720922963,28.830859423718497,843
2024-01-07 09:45:00,28.874600606969274,29.575164502482803,28.927688505413368,29.00303940697216,820
2024-01-07 10:00:00,28.32748125684153,29.307550503547425,28.642838351794232,29.071644077701567,443
2024-01-07 10:15:00,28.840283329310694,29.525683466835037,28.37225515018067,29.24762920622526,471
2024-01-07 10:30:00,28.56912366721716,28.96499203239162,27.22762648494276,28.249519416012575,876
2024-01-07 10:45:00,27.693388013022833,27.64768228208123,26.80960365559376,27.241513281348666,735
2024-01-07 11:00:00,27.616513998770305,27.93698597960006,27.08495971267361,27.773763017601016,850
2024-01-07 11:15:00,30.263855384336882,30.896917254015417,29.76592546153931,30.143109334783613,153
2024-01-07 11:30:00,31.003025329978087,31.24133055614028,30.556934335438726,31.246706989175667,690
2024-01-07 11:45:00,29.971348641996663,30.578819177373603,29.95521611620892,30.283279402252166,624
2024-01-07 12:00:00,29.750073678881257,29.97222743266742,29.07622297852435,29.23462639466948,923
2024-01-07 12:15:00,30.654054844820376,31.671678595790993,30.474772743211172,30.641683073790887,580
2024-01-07 12:30:00,29.90456413923627,30.489944679326108,29.474781437810915,30.097669779858638,892
2024-01-07 12:45:00,30.04450919835425,29.933918512292493,29.906497381942152,29.800441986584353,431
2024-01-07 13:00:00,31.052203283847515,31.700127657390397,31.22051105335641,31.14558814514923,244
2024-01-07 13:15:00,31.986130209768746,32.32611662536231,31.61984148425,32.06045991591819,476
2024-01-07 13:30:00,32.168646380446106,31.952948448286328,31.661308706480227,31.801884507402377,582
2024-01-07 13:45:00,31.35039913042857,32.2902475230342,30.600535230281846,31.07839333415037,533
2024-01-07 14:00:00,32.98717185914469,33.087528460294244,31.911916154305985,32.697475137515006,420
2024-01-07 14:15:00,31.489297610642172,32.45262733914302,30.672092346228403,31.60115545052424,174
2024-01-07 14:30:00,32.1922843605159,32.1537342915375,31.34246911145561,32.10376996924159,259
2024-01-07 14:45:00,31.19390878037586,31.873929022362034,30.990989649843556,30.961276341966574,471
2024-01-07 15:00:00,29.943755505153547,30.51219793738563,29.30647890375669,30.1698558628965,751
2024-01-07 15:15:00,32.385030140002705,32.88464178165745,31.835216975570503,32.29768424813264,846
2024-01-07 15:30:00,32.28998509979247,32.60455425799807,32.09892492987938,32.06785364342773,601
2024-01-07 15:45:00,32.71808697884523,33.07386565139211,32.44049151514472,32.6112635059155,953
2024-01-07 16:00:00,31.22432720085014,32.59217673436843,30.855959323850215,31.466186927147426,884
2024-01-07 16:15:00,32.449953366381024,32.534231648360695,31.67207604555029,32.05105516472838,801
2024-01-07 16:30:00,32.04960602134734,31.979736130295418,30.863492592684352,31.418633727059003,509
2024-01-07 16:45:00,31.632347852306328,32.710549207641165,30.80572273925124,31.735158728545453,195
2024-01-07 17:00:00,32.81485461669364,33.29589560234721,31.775460219601936,32.63970508079725,595
2024-01-07 17:15:00,32.24390693933186,32.198860972957036,31.504105440129113,32.08372609530226,464
2024-01-07 17:30:00,32.272937222684625,32.990000632365785,32.02084664085528,32.31431418730606,303
2024-01-07 17:45:00,33.119237645408525,33.433838337430366,32.58318736724878,33.25094502919439,510
2024-01-07 18:00:00,32.7863502802981,33.87857393423099,32.48866937250357,32.6394296564243,866
2024-01-07 18:15:00,33.57142066070615,34.362233194162,32.9017347625171,33.11180648453192,263
2024-01-07 18:30:00,33.30916288080833,33.91276444610353,33.245238598721855,33.454671658794226,614
2024-01-07 18:45:00,32.6848093132991,33.206260797540885,32.572507498645884,32.76303983718345,634
2024-01-07 19:00:00,32.34307157502144,32.746219697948206,31.59292140834958,32.49320723050387,977
2024-01-07 19:15:00,31.795396334900467,32.422251617402175,31.61606925594655,31.64375601163949,521
2024-01-07 19:30:00,31.250642306590716,32.18166416890807,31.026171789464815,31.326774554503483,130
2024-01-07 19:45:00,32.36753784939639,33.265274089281185,32.057400777590665,32.42699664914028,494
2024-01-07 20:00:00,31.941501502448233,32.556746615866864,31.364592867824694,31.74932521840314,197
2024-01-07 20:15:00,31.022529815780082,32.25771129064617,30.99560844792401,31.554826940179108,938
2024-01-07 20:30:00,30.576106121058686,31.515612698454458,30.75527635777646,30.475177565089922,621
2024-01-07 20:45:00,29.789833944978795,30.15470207328055,29.481962115902615,29.83949726448075,966
2024-01-07 21:00:00,29.90494822465417,30.895756368880573,29.771596481655756,29.787547939940232,170
2024-01-07 21:15:00,29.58731674652012,29.88981823185405,28.851309604117283,30.128191184296217,509
2024-01-07 21:30:00,30.436213711443894,31.418254772336333,29.81382960063889,30.360893514304014,836
2024-01-07 21:45:00,30.59207269210295,30.928801518584404,30.021382358013877,30.48967058212009,372
2024-01-07 22:00:00,29.714474271674025,29.82739577128272,28.92059778861194,29.457047312424645,705
2024-01-07 22:15:00,31.600993316495565,31.81524356486628,31.665416976763197,31.81372438757113,109
2024-01-07 22:30:00,32.734412236527284,32.43782733201165,31.798319531203823,32.309862965305186,317
2024-01-07 22:45:00,30.778894872530383,31.186997280695326,30.443006217749886,30.7669336353009,502
2024-01-07 23:00:00,30.247940864748987,30.783741198382227,29.76459556467088,29.727706357304303,689
2024-01-07 23:15:00,30.486542551324163,31.051687285261924,29.49693857063715,30.353162572163964,279
2024-01-07 23:30:00,28.664881688952963,29.603042299099215,27.993632264943894,28.366796879326245,752
2024-01-07 23:45:00,27.983214975439697,28.570902544854725,27.437143465542192,28.056906016631963,756
2024-01-08 00:00:00,28.237835247085513,28.874289515957194,27.698952679865005,27.98655953751932,196
2024-01-08 00:15:00,27.63036259450252,28.24343938870786,27.304327088345598,27.360429385414296,659
2024-01-08 00:30:00,25.75475587878769,26.175317956918267,25.75883651718642,25.85271771058447,710
2024-01-08 00:45:00,25.14146912571873,26.440475197940472,25.481551320956104,25.409087950291102,721
2024-01-08 01:00:00,27.19219247955188,27.41671617954048,26.705386841758706,27.239926268818305,129
2024-01-08 01:15:00,27.414558421413382,27.75237222434358,27.366000640190606,27.545608943862344,559
2024-01-08 01:30:00,29.662222492296586,30.13487820005303,29.51925169772606,29.72592985261243,778
2024-01-08 01:45:00,28.830370444217348,29.804779987417007,28.808096135114546,28.69014826556275,633
2024-01-08 02:00:00,30.61231506537206,31.086112543641836,29.661250767994236,30.92072862404621,674
2024-01-08 02:15:00,30.00455608461655,30.1114711201722,28.991908915886896,29.34441485822427,544
2024-01-08 02:30:00,30.493673721508866,30.62425439291939,29.782554128785097,31.055575712189565,416
2024-01-08 02:45:00,31.890939288171154,32.38820044253484,31.449607413598493,31.911918165498015,159
2024-01-08 03:00:00,31.015721444514313,31.49749523549762,30.97074385361155,31.415824320594417,297
2024-01-08 03:15:00,32.95563432117144,33.66554442870659,32.905777726623896,32.62359268649918,221
2024-01-08 03:30:00,32.42681808288381,33.19089161456293,32.22328947472172,32.27980038099116,196
2024-01-08 03:45:00,31.99171133109454,32.850458878082826,31.8851622149936,31.68354070480733,579
2024-01-08 04:00:00,32.088318129881834,33.05349494871357,31.945802844870478,32.03325019469932,284
2024-01-08 04:15:00,30.905346625425402,31.299503073965052,30.895634341128854,30.520342086316212,901
2024-01-08 04:30:00,31.654274492838667,32.76004164603007,30.956689234470275,32.23249435826393,314
2024-01-08 04:45:00,33.22507801227063,33.63842227852299,33.283063379318314,33.30789813251081,606
2024-01-08 05:00:00,34.53018232435917,35.06078519511607,33.455257657416816,34.08384794550197,659
2024-01-08 05:15:00,34.37688257818998,34.76646931844745,34.308042400613616,34.06291112092879,942
2024-01-08 05:30:00,33.78585793342173,34.35481249495925,33.54010533935975,34.051309572128645,933
2024-01-08 05:45:00,35.05285172054111,35.42671206637204,34.385839271124595,34.972041341411135,439
2024-01-08 06:00:00,35.845831690903395,36.343809112604234,35.58146001010172,35.72429406170409,349
2024-01-08 06:15:00,35.794077610757505,36.556752553124156,34.930556340114585,35.10094561394834,606
2024-01-08 06:30:00,37.01950360633095,37.45081982089727,36.42355380253985,36.94795359310387,864
2024-01-08 06:45:00,36.41876690294304,37.07038278185097,35.86491688680636,36.23985711578682,186
2024-01-08 07:00:00,37.28694538460942,38.08000439538435,37.048940522563484,37.16682384926201,327
2024-01-08 07:15:00,37.42692720993648,38.181311192535304,37.69761057200075,37.65985791682674,580
2024-01-08 07:30:00,38.106559284309014,39.00990218928008,38.01526573700429,37.834306119240104,290
2024-01-08 07:45:00,37.22195532696963,37.43690320609719,36.23667147007527,37.077811339730545,308
2024-01-08 08:00:00,36.11858849477896,36.380445103681474,35.38958948018812,36.37551050118262,430
2024-01-08 08:15:00,36.1168714800897,36.96850044426203,35.37456241386595,35.97635342541469,695
2024-01-08 08:30:00,33.95363265211816,35.24715896168498,34.06024572280887,33.860940992412324,875
2024-01-08 08:45:00,35.2377658342465,35.486262198703834,34.67938831193947,34.762170949939886,613
2024-01-08 09:00:00,35.4674467378033,36.54062861242315,35.502682156262345,36.008131855804024,881
2024-01-08 09:15:00,38.93271917270465,39.26043538937042,38.58248708896299,39.06594079153102,693
2024-01-08 09:30:00,38.340070270287704,38.85552033860127,37.88119481326218,38.14100356717522,507
2024-01-08 09:45:00,39.49203115021893,40.10937845237335,38.45231698285336,39.31231781371046,173
2024-01-08 10:00:00,38.33717503076327,39.17479059640343,38.382470940238434,39.06226468212624,996
2024-01-08 10:15:00,38.576302817765104,38.89158845496854,38.45100384944792,38.60522626158531,102
2024-01-08 10:30:00,39.19929554595344,39.347891103719526,38.60794442642374,39.15066260048376,403
2024-01-08 10:45:00,39.53375842541518,39.87646470499753,39.36245244101573,39.3515556473137,329
2024-01-08 11:00:00,38.87010094829437,39.766046712509,38.79075309927616,39.08040986685498,995
2024-01-08 11:15:00,38.991029780004276,39.0310340486434,38.64214067578956,38.81737221767121,587
2024-01-08 11:30:00,38.69077955472286,39.40601852736735,37.779642731005815,39.0777085053202,644
2024-01-08 11:45:00,36.74462666687981,37.471924770931565,36.33389128018047,36.73842830111969,485
2024-01-08 12:00:00,35.767639895899656,36.23987117177509,34.86037801307214,35.582533252021946,927
2024-01-08 12:15:00,35.43607002239462,36.280054377993686,34.662839767238445,35.538782786513764,522
2024-01-08 12:30:00,34.210207550227544,35.002027139579575,34.43679725842983,34.659655489548726,102
2024-01-08 12:45:00,34.988687659360316,35.89301554511566,34.13124344798438,34.747009124159945,946
2024-01-08 13:00:00,34.895158654685844,35.8826232616228,34.473591633293076,34.863196465724066,268
2024-01-08 13:15:00,35.76135977471746,36.1909348385284,35.56825413071599,35.941456161754736,183
2024-01-08 13:30:00,35.256671639417256,35.83095478114923,34.34781180893912,34.7328210269109,102
2024-01-08 13:45:00,34.198119419073485,35.11581600602124,34.29498470652936,34.401607704969344,180
2024-01-08 14:00:00,35.967281993968854,36.8888316723639,35.1966940233716,36.24673005394801,204
2024-01-08 14:15:00,35.98409510615255,36.709105031409536,35.66554739795759,35.599497896371545,334
2024-01-08 14:30:00,36.629490543599225,37.37478154385062,35.62069634270075,36.53508635511293,575
2024-01-08 14:45:00,34.936820815689195,35.41151482640933,34.27462051130284,35.23939192894422,316
2024-01-08 15:00:00,34.58727255528079,34.364590585921626,33.837982130614215,34.2648521449687,743
2024-01-08 15:15:00,32.99282509713315,34.09386119068304,33.15604087748446,33.29231316835654,431
2024-01-08 15:30:00,35.268712538384015,35.00021646803827,34.919803092656615,35.002945725839325,285
2024-01-08 15:45:00,35.41248314841382,35.80605760370454,35.22885958491982,35.45193621832172,237
2024-01-08 16:00:00,36.09404151778394,37.11275750091757,35.31828030226991,36.23391239930474,463
2024-01-08 16:15:00,34.59140504844618,35.40170599798651,33.99759632963034,34.5554898593999,939
2024-01-08 16:30:00,33.60582460729485,34.162275713068915,32.978449486676126,34.00053740025328,243
2024-01-08 16:45:00,34.10806318156582,34.41724274092735,33.26775661426971,33.8301872345226,879
2024-01-08 17:00:00,33.88423346043876,34.54754527488848,33.73891307523216,34.274602197832294,684
2024-01-08 17:15:00,34.86001797805491,35.05806920646272,34.09666900219945,34.64636772209484,181
2024-01-08 17:30:00,35.47368840000123,35.868570700604174,35.27753670833133,35.4165769758321,645
2024-01-08 17:45:00,33.44981352650738,34.20036419342007,33.76845729141834,33.96944224849597,520
2024-01-08 18:00:00,35.82595850196413,36.63050233328407,35.62631141633351,35.61055049876919,613
2024-01-08 18:15:00,35.83844846276914,35.97672866114203,35.22824715929448,35.89544497183688,652
2024-01-08 18:30:00,35.11481576527314,35.32166273461107,34.664105448842946,34.85281741784189,784
2024-01-08 18:45:00,33.9016918877612,34.46855100752052,33.27414855359042,34.22928057580442,783
2024-01-08 19:00:00,32.039887844406266,32.46459857297897,31.534371076841246,31.47315720051737,442
2024-01-08 19:15:00,29.782039473419488,30.677542308799566,29.776245646039065,29.707732464314354,544
2024-01-08 19:30:00,30.861850098097,30.71244493826406,30.15690472994265,30.449799099803677,861
2024-01-08 19:45:00,31.94471415694482,32.81049840715422,31.789947293034484,31.441460532281564,733
2024-01-08 20:00:00,32.33905500712983,32.74516229565679,32.21653933305877,32.16896370219183,776
2024-01-08 20:15:00,32.676423631385234,33.45576067483202,31.729096068989836,32.20137187394125,467
2024-01-08 20:30:00,33.824867482709664,34.454175864204046,34.125439465309476,34.1007827952868,883
2024-01-08 20:45:00,33.59322225876183,34.78575936287397,33.34839799580431,33.92518580862373,114
2024-01-08 21:00:00,31.562354175315207,31.50078130597863,31.035615883071095,31.12480041398464,143
2024-01-08 21:15:00,31.948541168814035,32.33105533810467,31.95396498128217,31.772376988524186,944
2024-01-08 21:30:00,30.550070596936063,31.475504919982317,30.13043317312476,30.572600223686717,743
2024-01-08 21:45:00,30.99836949209298,31.2250672394202,30.657601969389837,31.097719738985624,276
2024-01-08 22:00:00,30.268432376501416,30.54068185809425,29.591459222506597,30.352130920781793,215
2024-01-08 22:15:00,31.608358482435317,32.70853614830127,30.843402493530643,31.919978145288578,157
2024-01-08 22:30:00,31.83506572982125,32.30443792294914,31.55036739491877,31.997290332227482,681
2024-01-08 22:45:00,32.65396415010756,33.315442183473586,32.47197750332614,32.60143272078711,787
2024-01-08 23:00:00,32.67773247929156,33.24795839056469,31.986369169411645,32.72266006783284,331
2024-01-08 23:15:00,32.453615310354415,33.22040875289648,32.262185045150105,32.63759731425358,942
2024-01-08 23:30:00,33.0096106605567,34.1104262720608,32.37324140700184,33.109098043460946,230
2024-01-08 23:45:00,32.58387641618193,32.826083270185244,32.32575668259494,32.53654044228341,109
2024-01-09 00:00:00,32.683586465594274,32.88957884930167,32.226178671739966,33.178272742667126,567
2024-01-09 00:15:00,32.25246183385203,32.231340446230334,31.07096681916225,32.14306222241272,594
2024-01-09 00:30:00,30.182948619051967,31.46615501959565,29.76330046753681,31.065733639769086,958
2024-01-09 00:45:00,32.122929918820844,32.783009087768086,31.846773117692365,32.027894176250825,675
2024-01-09 01:00:00,32.87692057678507,33.887966895022885,32.27191349251553,33.426895616715896,510
2024-01-09 01:15:00,32.41310083238196,32.89808169121223,32.011107880685955,32.16349561330171,610
2024-01-09 01:30:00,32.1926709364531,32.18937544115201,31.21324772044854,32.29314337642146,485
2024-01-09 01:45:00,30.762650269284624,31.19064881226931,30.372842583911844,30.819456903387575,785
2024-01-09 02:00:00,31.469202115414348,31.934278763700416,30.680305121147875,31.517492316164038,396
2024-01-09 02:15:00,31.170418656333453,31.834738563485946,31.131409260891175,31.133781382693815,636
2024-01-09 02:30:00,31.854262610497564,32.163106006349906,31.765528314926545,31.512061239701445,399
2024-01-09 02:45:00,30.492052150871928,30.93434715422894,29.787892247017805,30.531234721128882,356
2024-01-09 03:00:00,30.731036291929865,31.083567403959247,30.064544743826225,31.272807079377607,174
2024-01-09 03:15:00,32.1990867417859,32.53042073041208,31.51630914583902,31.944792558070674,501
2024-01-09 03:30:00,32.41675121459386,32.73141755413446,31.821548736150653,32.05667363116604,380
2024-01-09 03:45:00,32.446580172929,32.89039610893057,32.249816978307514,31.843776096469504,792
2024-01-09 04:00:00,33.62068695558451,34.15465494606783,33.74098335866221,33.94799954965098,329
2024-01-09 04:15:00,35.032439122140886,34.779564059465294,34.22596100877423,34.51559260286101,662
2024-01-09 04:30:00,35.35355441351658,36.24372719909625,34.50838066824552,35.367529231875736,773
2024-01-09 04:45:00,36.22733379589804,36.86654052468499,35.4197741316949,36.36530633482158,830
2024-01-09 05:00:00,36.52394013684853,37.251404319897354,35.92811209447399,36.39405694574556,626
2024-01-09 05:15:00,37.0324121295547,37.695540292242434,36.308700089197416,36.718778738282126,186
2024-01-09 05:30:00,37.776511366860184,37.82329162036413,37.368347754513785,37.49539919889795,719
2024-01-09 05:45:00,35.918249020579296,36.50250299720407,35.53655981354449,35.619227192445855,272
2024-01-09 06:00:00,36.13422161123195,36.64684070271456,35.33962505346492,36.187886248282275,697
2024-01-09 06:15:00,35.33205576758997,35.87283357903451,34.56591158168404,35.67601151662156,874
2024-01-09 06:30:00,34.96630038056049,35.797603610927084,34.37805406978065,35.17513453454001,706
2024-01-09 06:45:00,37.4475320262936,37.79405866537947,36.557303948786966,37.20852582689545,372
2024-01-09 07:00:00,37.31098623911451,37.161390540118454,36.99780826716003,37.32937254120892,309
2024-01-09 07:15:00,34.91230888610296,34.904919892761264,33.73394953354003,34.739996804496144,531
2024-01-09 07:30:00,35.87290264481232,36.04094058254739,34.731979364335245,35.8722180376682,280
2024-01-09 07:45:00,35.325791813712186,35.06139105114835,34.33173470798607,34.74139484217798,810
2024-01-09 08:00:00,35.04699113105182,36.090896812031694,34.81619063043226,35.31413688882624,180
2024-01-09 08:15:00,35.17246351171775,35.82992635303629,34.564132831466566,34.87043056421909,232
2024-01-09 08:30:00,35.0623673746649,35.37085334026295,34.036737320278476,34.669060209004705,510
2024-01-09 08:45:00,34.94629975486262,35.45563048499821,33.75653554324182,34.616610089189535,666
2024-01-09 09:00:00,37.34010123443729,37.54163233159633,36.87731889233299,37.42721473542789,577
2024-01-09 09:15:00,36.59219703589121,37.52673783479778,36.46586488896054,36.815500362698714,625
2024-01-09 09:30:00,36.952370338102284,37.599657751017055,36.03435321032494,36.378821441659525,393
2024-01-09 09:45:00,38.317853686607556,38.47042108504823,37.44180551989288,38.2108445993862,909
2024-01-09 10:00:00,39.35933972037277,40.48058025574994,39.394181316208076,39.313655029715875,852
2024-01-09 10:15:00,40.78830369595674,41.49699320503262,40.41452374531079,40.34002011475932,278
2024-01-09 10:30:00,39.30649977631038,39.336267123250366,38.92044389359968,39.12618098446784,827
2024-01-09 10:45:00,40.320413157436114,40.61660417830056,39.56134813928217,40.26695662182094,634
2024-01-09 11:00:00,40.33934242554926,40.64976895111841,39.94498511913157,40.79860163780917,207
2024-01-09 11:15:00,39.66906918647222,39.589780652804066,38.98252107059683,39.10939516281755,858
2024-01-09 11:30:00,39.42125456065697,40.07759629077344,38.7363204905332,39.66039533073693,515
2024-01-09 11:45:00,40.04013529712713,40.4859205312889,39.82649928983171,39.562913551861726,894
2024-01-09 12:00:00,41.244870015865594,41.494718914055845,41.055647906220415,41.023989417644266,913
2024-01-09 12:15:00,42.23666949273655,42.520660119580434,42.03900971728142,42.276170295228276,367
2024-01-09 12:30:00,42.9866662902749,43.49190963625449,42.093929511654466,42.9004770354452,306
2024-01-09 12:45:00,40.24503200702133,41.0390850600702,39.41359718232381,40.54642315306985,813
2024-01-09 13:00:00,39.27568890677689,39.82814613580434,38.4375355666844,39.015578857568094,522
2024-01-09 13:15:00,38.77705471182249,39.893149462862645,38.40956756972611,38.53388366886025,736
2024-01-09 13:30:00,40.70857228552919,41.427604084396016,39.73456601273958,40.420399838482574,557
2024-01-09 13:45:00,41.85636015547007,42.65932780446363,41.08979945810224,42.27352726102496,731
2024-01-09 14:00:00,42.351197916840384,42.77514196660645,42.21032529985533,42.10651784548223,716
2024-01-09 14:15:00,43.58483723023523,43.78751229999185,43.56325602356666,43.41724997137759,338
2024-01-09 14:30:00,44.54716366419341,45.20632684914614,43.832068267149374,44.17964350698565,526
2024-01-09 14:45:00,44.03969618436418,44.23966683238508,43.937260725877294,44.08353880450989,247
2024-01-09 15:00:00,45.75843712946101,46.2149724796002,44.72942541171215,45.59277219148049,892
2024-01-09 15:15:00,46.585573300010985,47.2564320120217,46.3863950204437,47.0725534917906,139
2024-01-09 15:30:00,48.12943436502655,48.418680802717304,47.11384261557257,47.985286022697466,211
2024-01-09 15:45:00,48.36201491221501,49.03804052068577,47.37798320134771,48.12125653444362,722
2024-01-09 16:00:00,48.50353145709724,48.90725012120749,47.285642241505194,47.933484273861254,257
2024-01-09 16:15:00,47.95072461114854,48.24957072576821,47.08806495798601,47.833359418618116,467
2024-01-09 16:30:00,46.677501472024964,47.2665016256158,46.14705188887304,46.73908666373345,417
2024-01-09 16:45:00,48.02127876612019,48.45180146983761,47.9062989588636,48.33607604376521,842
2024-01-09 17:00:00,48.007701199010505,48.195229109381295,47.56123545299623,47.78460734794138,221
2024-01-09 17:15:00,45.55301570968391,46.47742846410335,45.84564549021285,45.85775929986611,965
2024-01-09 17:30:00,47.78313359938208,47.663403754795205,47.22351914721975,48.28838338003146,690
2024-01-09 17:45:00,46.03703145951074,46.66632879404842,45.690887146678946,46.05351478084855,591
2024-01-09 18:00:00,46.058762835467554,47.03286324565869,45.14615982395799,46.31022424321015,683
2024-01-09 18:15:00,46.513972343756954,46.90625157386319,45.98398739001343,46.44819493207403,188
2024-01-09 18:30:00,47.347610546115824,47.341379203994634,46.994218281593,47.26021694087496,455
2024-01-09 18:45:00,47.57451652374462,47.71263598108469,47.1992161297289,47.39968957120677,778
2024-01-09 19:00:00,46.22135982867247,46.97303771055195,45.156419960924964,46.512668630126626,491
2024-01-09 19:15:00,45.32462623211322,45.7715341165036,45.183009333903115,45.01669391594908,604
2024-01-09 19:30:00,43.7291420543535,43.647875640869024,42.98909235515002,43.80806465181409,856
2024-01-09 19:45:00,43.85018654437847,44.45273958844806,43.55088418051454,43.702405392337624,999
2024-01-09 20:00:00,44.1478508843363,44.46575454301275,43.334589841271885,43.93348101018506,260
2024-01-09 20:15:00,43.85844176543846,43.82884991078143,43.513371317867225,43.727945904159505,448
2024-01-09 20:30:00,42.1845579237594,42.88774983603771,41.76630970386283,42.49433750140584,553
2024-01-09 20:45:00,41.568690358874505,41.63866212120172,40.84595777585567,41.10287384835191,608
2024-01-09 21:00:00,41.003985255811585,41.2343419997343,40.97944523045407,41.154587072435696,915
2024-01-09 21:15:00,38.909477179581444,39.83709646420343,38.9479207424343,39.05694566645344,175
2024-01-09 21:30:00,38.68141074104815,39.51258282589358,38.112608258903926,39.42374992185557,952
2024-01-09 21:45:00,39.326404580472854,39.944221728005886,38.7636315818425,38.82701309320868,646
2024-01-09 22:00:00,39.40435758351917,39.95819660715272,39.25237008155006,39.787208877578095,892
2024-01-09 22:15:00,39.13776272168934,39.44711152140466,38.32870439758053,38.72180580539117,849
2024-01-09 22:30:00,38.63052383445557,39.001284988015044,37.569677958455934,38.6073384153518,899
2024-01-09 22:45:00,38.36215703334842,39.46897564537795,38.212806975012086,38.842065787467675,237
2024-01-09 23:00:00,39.64976832283323,40.213513556568685,39.12827371955124,39.821960166969106,435
2024-01-09 23:15:00,39.22182944797813,39.519912420431844,39.13441261181489,38.98460698752952,837
2024-01-09 23:30:00,39.096853208199306,39.641120018700185,38.149275345494466,39.51225972061577,422
2024-01-09 23:45:00,38.70524690436986,39.52898182507086,38.61367790370331,38.38174632738359,304
2024-01-10 00:00:00,38.697883328960806,39.08078775025872,38.46279192274809,38.51501618509603,223
2024-01-10 00:15:00,39.34711761091355,40.20703937780925,38.813246020690755,39.40964415572891,970
2024-01-10 00:30:00,38.925430851389386,39.10750132144785,38.2222834415301,38.80448045086063,286
2024-01-10 00:45:00,40.54648378523023,40.95644963858511,40.22973369849083,40.62843212355458,827
2024-01-10 01:00:00,40.30404696503592,41.14995066909171,39.675451643228925,40.83237941625671,280
2024-01-10 01:15:00,40.63510740862983,41.600776614966534,40.47693824553494,40.767468740826544,721
2024-01-10 01:30:00,38.84261341315013,39.63565615787665,38.68233082409999,39.343848359505124,692
2024-01-10 01:45:00,39.22496852469113,39.8883457004983,38.68550410918383,39.35263356863261,453
2024-01-10 02:00:00,40.745985819258834,40.52107596354689,39.633927330463706,40.24047639150507,417
2024-01-10 02:15:00,41.0992831988955,41.83226440157074,40.923290824439206,41.09497327524021,902
2024-01-10 02:30:00,42.100254506454604,42.091489532984866,41.08644104646435,41.75647780846664,877
2024-01-10 02:45:00,42.18043202659389,43.236648022504255,41.710768214125466,42.316203368338485,586
2024-01-10 03:00:00,43.41311987129533,43.742073518966656,42.67035351616247,43.29349730712674,186
2024-01-10 03:15:00,42.952990215548866,43.32275704932055,42.07417136872657,43.063848500045694,949
2024-01-10 03:30:00,41.89654444572977,43.06919276528886,41.94659058251275,41.99689168378871,557
2024-01-10 03:45:00,43.50853467447221,44.41413714976379,43.46366821338075,43.64156380427214,998
2024-01-10 04:00:00,44.58896064463033,45.425975099440365,44.20858700600978,44.79450691999264,875
2024-01-10 04:15:00,45.62902754007534,46.6614844265252,45.82824697807831,45.86209428668693,204
2024-01-10 04:30:00,45.83468430036576,46.85365853194519,45.501906721562875,46.075837549660086,138
2024-01-10 04:45:00,44.253772683428444,44.88659088159091,43.963317667706605,44.14020896726542,440
2024-01-10 05:00:00,46.17174031113503,46.57813357653552,45.53917326146084,45.95188600522393,923
2024-01-10 05:15:00,46.01521902406687,46.18527784578277,45.37340317095523,45.96537726416723,968
2024-01-10 05:30:00,45.91217946512039,46.969040578009746,45.97656818363838,46.43385924789135,747
2024-01-10 05:45:00,48.32824130263737,48.99184255992681,47.72540179812429,48.185642012716976,844
2024-01-10 06:00:00,48.81701938741041,49.02543074228233,48.439288439557686,48.890306850404905,592
2024-01-10 06:15:00,48.43512955142667,49.575111725325485,48.355038928486664,48.50310316654761,250
2024-01-10 06:30:00,48.316774730491254,48.17350874512111,47.207768085427105,47.94933407883986,530
2024-01-10 06:45:00,45.48887736581326,45.55130993141024,45.22352256269721,45.61173051132165,939
2024-01-10 07:00:00,47.813079246428444,48.06167062487565,47.47761608998055,48.1457970955246,193
2024-01-10 07:15:00,46.45337337471532,46.63955249549917,45.87250415277238,46.45856668090749,669
2024-01-10 07:30:00,46.396015961694005,47.32460165546024,46.01958946974658,46.47252560616913,317
2024-01-10 07:45:00,47.26760622497876,47.801410834859816,46.494137112954895,47.274737908561285,197
2024-01-10 08:00:00,46.10749077743195,46.495528768018985,45.124215921094475,46.04658468859266,599
2024-01-10 08:15:00,46.9391325441136,47.83105374573222,46.02701808594664,47.191835325218925,999
2024-01-10 08:30:00,46.13026514998691,46.29194381523532,45.950206102356205,46.15620144550294,467
2024-01-10 08:45:00,44.46453401865745,45.255931219849415,43.59911748649155,44.3621755431919,646
2024-01-10 09:00:00,42.905599091703436,43.046282314696434,42.68810157734627,42.28831272713211,835
2024-01-10 09:15:00,43.373003997078925,44.136987208613945,43.4971721047958,43.29947737398743,476
2024-01-10 09:30:00,43.79854500479876,44.745915358110985,43.47193428827457,44.18016234954592,995
2024-01-10 09:45:00,44.232286845307826,44.98449095760959,43.83466903766777,44.317765085550384,342
2024-01-10 10:00:00,43.218243060758056,43.688895200329355,42.93970701058324,43.47178042451212,485
2024-01-10 10:15:00,42.28430024197108,42.62801401911558,42.09655496663007,42.378634306332664,745
2024-01-10 10:30:00,44.969001898681924,45.39911431482478,44.306557639606815,44.9084619832846,622
2024-01-10 10:45:00,44.14522464910107,44.58802536420771,43.65814416822153,44.06715204475788,681
2024-01-10 11:00:00,43.12792648310819,43.59517361735898,43.244602715214754,43.378819763245765,753
2024-01-10 11:15:00,43.48909353105524,43.409512412020206,43.17192920240046,42.96077593389831,345
2024-01-10 11:30:00,43.58920434249523,43.48775739416783,42.571161338155946,43.0182056067197,898
2024-01-10 11:45:00,43.93483353255262,44.92525334566359,43.64861553311017,44.16951496044873,732
2024-01-10 12:00:00,44.297200397410144,44.854474873242985,43.291005216047715,44.429750134911124,892
2024-01-10 12:15:00,46.11166148246589,46.40497391116685,45.252225765990474,46.2174940941233,843
2024-01-10 12:30:00,45.48336157612241,46.311187068208696,45.57057020036699,45.645846649441,454
2024-01-10 12:45:00,45.023259866911665,45.705373704069274,44.81530023985599,45.258270278255786,380
2024-01-10 13:00:00,43.54028014957017,44.398561551051344,42.76618428797784,43.26601987888946,463
2024-01-10 13:15:00,42.822192519443945,43.562288891398175,42.14337683995039,42.8348409483927,507
2024-01-10 13:30:00,43.83800940322504,44.647389764581064,43.29909952117979,44.32276111890642,469
2024-01-10 13:45:00,44.923450716254685,45.26023080243293,44.73906297542297,44.899695566845985,135
2024-01-10 14:00:00,45.630470848701435,46.26225628985851,45.443972950829526,45.521042771552516,315
2024-01-10 14:15:00,44.8624335946877,45.0375118013393,44.588151862346145,44.80940501232622,492
2024-01-10 14:30:00,45.47761038605678,45.52701865438438,44.48291418655513,45.30992919493416,920
2024-01-10 14:45:00,43.57200870933319,44.29373867508869,43.20891388059071,43.75931340299587,752
2024-01-10 15:00:00,45.33616656768511,46.05368472013114,44.55511289060182,45.19687660454278,864
2024-01-10 15:15:00,44.54188251537257,45.86762429813868,44.17186325130903,44.916477676319616,553
2024-01-10 15:30:00,44.71706964148486,44.65328387682351,43.837037102236074,44.5729907911637,736
2024-01-10 15:45:00,43.2812793843595,43.217358908434065,42.83759250737251,43.05220262038981,617
2024-01-10 16:00:00,44.253765710764974,44.6990745468719,44.24475798163867,44.432314798267214,112
2024-01-10 16:15:00,43.79850206039711,44.90535748199495,43.67261590810214,44.202751324048904,614
2024-01-10 16:30:00,45.942111131324125,46.42131662697739,44.93044276135835,46.06469308175439,577
2024-01-10 16:45:00,47.55729396876399,47.98805845124668,46.69798831886381,47.169626707242585,355
2024-01-10 17:00:00,47.87067075576452,48.29058069080574,47.73561798994292,47.66030122076365,275
2024-01-10 17:15:00,48.27814902224483,49.10130003991081,48.29415159005555,48.54718126934135,392
2024-01-10 17:30:00,48.81508396989942,49.21929402957282,47.93812495408651,48.228584639064486,693
2024-01-10 17:45:00,47.661621720334836,47.94868468936679,46.72248286566006,47.76111434012204,361
2024-01-10 18:00:00,49.95240753143596,50.32224620389812,49.96123909620343,50.09464482982318,522
2024-01-10 18:15:00,48.87570480995159,49.803382575318295,48.15847010169157,49.02846682397045,770
2024-01-10 18:30:00,50.39708159528959,50.26737617008823,49.75155936869155,50.46402288327688,354
2024-01-10 18:45:00,51.15412248137811,51.407267210093345,50.492033269082654,50.74684581910318,172
2024-01-10 19:00:00,49.698246503758654,49.99948253758015,49.43464474595878,50.016679203469465,615
2024-01-10 19:15:00,50.76458995960886,51.41562650103329,50.61187176130322,50.53066257223797,887
2024-01-10 19:30:00,50.963923091169214,51.542067552394,50.7067758128428,51.17905956044779,216
2024-01-10 19:45:00,49.077061259326555,50.00951531650458,49.06296466804896,49.56052966146299,704
2024-01-10 20:00:00,48.39761691955225,48.593190055409245,47.979928845890605,48.42678108711052,224
2024-01-10 20:15:00,47.98707134034282,48.780847984650606,47.127786603855064,47.922026810067884,277
2024-01-10 20:30:00,48.80619690470755,49.17486959516342,48.50531600877861,48.54209185118562,121
2024-01-10 20:45:00,50.25693563282244,50.439385223646674,49.51580921975529,50.07562462396753,984
2024-01-10 21:00:00,50.74376601581363,50.90628377345965,50.278738209839325,50.73285153939766,546
2024-01-10 21:15:00,49.5035448718839,50.31280796206235,49.34285424158452,49.71553712963963,690
2024-01-10 21:30:00,50.32717795749834,51.164942580338675,50.34772320486129,50.44567787764319,521
2024-01-10 21:45:00,49.02520802863716,49.58551421790461,49.158301254479866,48.89787411982269,995
2024-01-10 22:00:00,48.10389000515626,48.48835996037392,47.921481492692365,48.05638657276171,478
2024-01-10 22:15:00,49.154673805235866,50.03018451304651,48.56927258032452,49.25488241626189,860
2024-01-10 22:30:00,47.51080436161514,48.4786686542978,46.63600038868144,47.49874162804206,978
2024-01-10 22:45:00,48.58331171360419,49.07942913470441,47.71794957060607,48.83412990907156,608
2024-01-10 23:00:00,48.699458584166145,48.73071502594685,47.693232630332496,48.90285701519309,494
2024-01-10 23:15:00,47.58731893466511,48.07460888736844,46.665771335504104,47.586973624197746,152
2024-01-10 23:30:00,46.48360059593141,47.5674336205348,46.000312925662634,46.70648207065728,637
2024-01-10 23:45:00,47.296726260336534,47.40555112034786,46.55640751983399,47.210113718750755,274
2024-01-11 00:00:00,48.753650507594294,49.29140297290471,48.114672859401075,48.4628342506298,586
2024-01-11 00:15:00,48.863824949939485,48.984577457569884,48.12981628505092,48.00771677089412,610
2024-01-11 00:30:00,46.4463935244758,46.395512404643,45.77735514150297,46.039134829150505,201
2024-01-11 00:45:00,46.92590965915482,47.547628620437784,46.3775455653124,46.363593404577706,819
2024-01-11 01:00:00,46.61824311177244,47.276747530552086,46.4611633868242,46.34221854241047,753
2024-01-11 01:15:00,47.402161065930265,47.21611709810762,46.18490340265643,46.76651807502765,873
2024-01-11 01:30:00,47.485192955854586,48.02339914242133,46.44188314781412,47.23939869673898,265
2024-01-11 01:45:00,46.46831317160481,47.448700459351265,46.438709466819546,46.259051997839784,261
2024-01-11 02:00:00,46.144139911112674,46.49625096596809,46.29492425302176,46.503870541306824,207
2024-01-11 02:15:00,45.053072632998685,44.89280624367543,44.385703132207276,44.82846857475719,449
2024-01-11 02:30:00,46.04602902728666,46.26470570338292,45.53071484972184,45.98941412311166,187
2024-01-11 02:45:00,46.89728956630309,47.18947449215063,46.252503812257785,46.726436078813926,988
2024-01-11 03:00:00,48.53330632239437,48.616738880059515,48.08352770229377,48.59906175434624,736
2024-01-11 03:15:00,47.0154497266606,47.45065732448696,46.06167431199049,46.914105228367205,972
2024-01-11 03:30:00,47.23450606968801,47.96564462699115,47.0519767750826,47.38472876410467,318
2024-01-11 03:45:00,47.6003407189772,47.82762777724727,46.86435648057033,47.60757406415443,117
2024-01-11 04:00:00,47.79779685688225,48.30437679112935,46.60153246072449,47.59133254362843,150
2024-01-11 04:15:00,47.82618203230002,48.897645067139365,47.25066616587577,48.028994457133386,922
2024-01-11 04:30:00,47.136996512393026,47.506235644439016,46.79946948298788,47.449343484178726,388
2024-01-11 04:45:00,48.32820320810437,48.23592929232131,48.087570323177424,47.888943009325935,183
2024-01-11 05:00:00,48.364215905474936,49.3513079530324,48.38296418481809,48.64733185329484,736
2024-01-11 05:15:00,47.071528707016995,47.29194422829983,46.90050780730962,46.9718677600503,442
2024-01-11 05:30:00,46.86900410013125,47.391177090488426,46.787891446847176,46.706000334415485,434
2024-01-11 05:45:00,47.042738358933875,47.11811525262613,46.25991719413338,46.738381267513745,756
2024-01-11 06:00:00,48.583703152378725,49.5257948500391,48.26060270351624,48.86549910171858,317
2024-01-11 06:15:00,49.33477238250978,49.33330909858881,48.66169135953593,48.99156862277001,658
2024-01-11 06:30:00,49.46834359173131,49.77729881637953,49.403403634018,49.368009459930256,300
2024-01-11 06:45:00,49.72516022495693,50.53581896850487,49.8190164760318,50.56237923117652,157
2024-01-11 07:00:00,51.12091715952543,51.76314491711596,50.43217365692954,50.98483148491243,342
2024-01-11 07:15:00,51.00306973136815,51.41014420973559,50.28042051163419,50.7111103409481,325
2024-01-11 07:30:00,50.76545028748876,51.48543537712225,50.46839890699476,50.45476211442834,370
2024-01-11 07:45:00,50.148682797102715,50.85795838422476,49.697411213609435,50.1572148169243,645
2024-01-11 08:00:00,49.05385135936783,49.286981174972254,48.64459731446858,49.12511280561338,883
2024-01-11 08:15:00,47.90994325087321,49.08745552006898,47.67516899191515,48.40644939832244,593
2024-01-11 08:30:00,46.61869852086166,46.4320130328312,46.184398099959665,46.617962421807434,612
2024-01-11 08:45:00,45.09481996531922,45.319291349293636,44.63272313356012,44.88478715169966,939
2024-01-11 09:00:00,47.47733291148568,48.70009152255651,47.45556995032639,48.10427123945687,779
2024-01-11 09:15:00,46.061624699185906,46.91631007391977,45.25357844132018,46.281952228634445,209
2024-01-11 09:30:00,47.03584727710238,47.39521921661199,46.31982906218853,46.5238732271053,892
2024-01-11 09:45:00,47.41535110669755,48.15178361707286,47.168223968089116,47.076710718805224,397
2024-01-11 10:00:00,48.65209171212112,49.00647691492266,48.12380176201513,48.81216268289118,168
2024-01-11 10:15:00,47.929432201843206,48.708653570220214,46.968344495048484,48.07132991078444,623
2024-01-11 10:30:00,49.18242368749893,49.35260548574878,48.330382619033415,48.84768048102471,660
2024-01-11 10:45:00,49.63408486624552,50.04992347483606,49.425365214079235,49.618104329874484,351
2024-01-11 11:00:00,49.937500014381975,50.88812427866343,49.06366591408813,49.76046494917509,657
2024-01-11 11:15:00,49.19598211816584,50.11654632122224,49.206659920811816,50.05020999643424,971
2024-01-11 11:30:00,50.488329171405624,50.72998514755995,49.92715032856923,50.33001449803179,411
2024-01-11 11:45:00,49.57806217953785,49.402947758587786,49.192938794243666,49.37408382358941,761
2024-01-11 12:00:00,48.73155901442573,48.98229031988356,48.09798712061436,48.340696475330056,467
2024-01-11 12:15:00,48.753579638969406,49.31519138872437,48.220774518016476,48.797647832981845,573
2024-01-11 12:30:00,47.88245048715818,48.620259384690264,47.6720422628498,48.45843854645015,938
2024-01-11 12:45:00,49.14808946454406,49.83431092980052,48.530496798092734,48.72896673124767,788
2024-01-11 13:00:00,48.211274802905095,49.27127222913878,48.00481647950675,48.42947503275387,970
2024-01-11 13:15:00,47.390719267799966,47.82086866519042,47.04795990836004,47.278729248267915,281
2024-01-11 13:30:00,46.77228472884666,47.925583327091644,46.252027049886266,47.05741487526898,496
2024-01-11 13:45:00,46.594113313203,47.59874973225336,45.88326966140509,46.43195555536423,901
2024-01-11 14:00:00,44.79734072046598,45.637889168327476,44.32109057399647,45.08434951785226,139
2024-01-11 14:15:00,44.43510697484586,44.68554070238046,43.92789894435534,44.30546629926084,587
2024-01-11 14:30:00,44.18349433962586,44.966766367649726,44.29256254074656,44.68667027270191,775
2024-01-11 14:45:00,44.29238094597192,44.098441539161925,43.52604918169861,44.15355541386551,843
2024-01-11 15:00:00,44.20336621958762,44.634410694441414,43.34617690209634,44.073950033326604,523
2024-01-11 15:15:00,44.085852545128795,44.23105525964011,43.167932264866636,44.276717686521465,334
2024-01-11 15:30:00,42.68443845313535,43.326895846218505,42.57699532497314,42.28320963650221,507
2024-01-11 15:45:00,43.5350304286959,44.60433268324402,43.05701529232129,43.41764483953686,994
2024-01-11 16:00:00,42.239722785332596,41.95025692836038,41.52203644655596,41.84223559191086,548
2024-01-11 16:15:00,42.576668592987666,43.09751481979414,42.37610079983131,43.015633593288136,570
2024-01-11 16:30:00,42.57817506370399,42.879283570256305,42.25371104141359,42.62199395460355,810
2024-01-11 16:45:00,43.85221257958841,44.39027028496203,42.89099889840509,43.60211995062648,159
2024-01-11 17:00:00,44.25647957479311,44.89811751795332,44.180402717462385,44.25864075055371,201
2024-01-11 17:15:00,42.80571712624134,43.611839452286766,42.58172615643442,42.78935588214083,913
2024-01-11 17:30:00,42.369525482022816,42.88283245184313,41.733273341080725,42.49024814527231,400
2024-01-11 17:45:00,41.63088497927585,41.800283084370676,41.214517855560395,41.27032058431764,474
2024-01-11 18:00:00,40.2906281805771,41.330977363883136,40.125480783685944,40.6503725229685,500
2024-01-11 18:15:00,41.16075975195048,42.14258140472556,40.401766611897834,41.25412417427896,332
2024-01-11 18:30:00,40.574402389495155,41.02659090559577,40.037034545772315,40.42677070382196,430
2024-01-11 18:45:00,41.1297951640692,42.06420965034752,40.69940942961575,41.21975313917885,555
2024-01-11 19:00:00,42.02221498278146,42.52296074574093,41.68319786463685,41.65657458918254,767
2024-01-11 19:15:00,41.528839538725165,42.0608351591933,41.2449820353568,41.68104060752713,985
2024-01-11 19:30:00,40.74337587272763,41.77015178470034,40.49492866334218,40.88025319867705,331
2024-01-11 19:45:00,41.43159204087096,42.205548602591826,40.482477890621475,41.2764466365066,815
2024-01-11 20:00:00,40.35401481636989,41.36111443958823,40.162680217408386,40.58003113609995,423
2024-01-11 20:15:00,40.494874617704475,41.6486801320595,39.77737764926692,40.484754771137354,777
2024-01-11 20:30:00,40.7102454662145,41.64767144094572,40.16076225366041,40.96315529102687,848
2024-01-11 20:45:00,42.56491254053865,43.457925286136614,42.055459495297264,42.76309761474589,116
2024-01-11 21:00:00,43.67706010416381,43.70635798553185,43.34359345117763,43.398530080659306,589
2024-01-11 21:15:00,42.61095182766045,43.73241621854243,42.166747034472145,43.071401524149294,600
2024-01-11 21:30:00,44.77961157722008,46.12979860395767,44.145612208404415,45.52127599849324,873
2024-01-11 21:45:00,45.439223345005644,45.28321461796475,44.945744526015844,45.18090125081888,357
2024-01-11 22:00:00,44.60403187082397,44.635166573116706,43.51759822716367,44.372158572404814,950
2024-01-11 22:15:00,46.29804633230069,46.66409963692251,46.11406902214468,46.082215631868635,863
2024-01-11 22:30:00,45.062597846566284,45.95179574738665,44.67620915067949,45.14162477334815,539
2024-01-11 22:45:00,46.48930036317988,47.43371106279979,46.48977707810271,46.694918151399406,820
2024-01-11 23:00:00,47.794292884070174,47.87073633009944,47.287425180827704,47.762028855875585,880
2024-01-11 23:15:00,47.035564140900895,47.44854342663205,46.49410175626204,46.87242614661805,184
2024-01-11 23:30:00,45.92467068887398,46.31535496774598,45.452170796301374,45.764853800064195,972
2024-01-11 23:45:00,44.16772249142861,44.93312681561837,44.06058498397374,44.49417506041819,269
2024-01-12 00:00:00,45.73391881576732,46.196672394919155,45.49185012438631,45.526459238044424,493
2024-01-12 00:15:00,45.02267760130346,45.86480879716289,44.714444377307785,44.81630801512386,749
2024-01-12 00:30:00,45.299687903342864,45.65505800947142,44.69697238432433,45.71682674603241,987
2024-01-12 00:45:00,45.765619526511905,46.15870920974236,45.60476653952811,45.64603266296409,412
2024-01-12 01:00:00,44.85480015756965,44.80420798151813,44.443939434708355,44.795237510472205,733
2024-01-12 01:15:00,45.78228366904751,46.203813550901195,45.502983255418435,45.77235194113735,912
2024-01-12 01:30:00,45.7715656139811,45.9747820698919,45.24660086978794,45.901387474984325,707
2024-01-12 01:45:00,44.48502098819827,45.1470837666963,44.484750582144564,44.86555974251828,509
2024-01-12 02:00:00,44.34116731230419,44.76069479622094,44.020262866490775,44.74185946721231,477
2024-01-12 02:15:00,46.63793015926679,47.1709063436809,45.1848145773374,46.23213767644404,311
2024-01-12 02:30:00,46.222937100313786,46.69973556036027,45.73904855189232,45.73601305207649,500
2024-01-12 02:45:00,46.82830040222079,47.2277844492145,46.164269315577826,46.77608970906761,665
2024-01-12 03:00:00,47.20152440791701,48.31734587125634,46.85633252445288,47.49838467895987,490
2024-01-12 03:15:00,47.15931135583279,47.91911771982303,47.12047734293948,47.13841850994945,381
2024-01-12 03:30:00,46.9515138602268,47.117636941573636,46.15789273574729,46.52258232912951,553
2024-01-12 03:45:00,47.01199775411084,47.59396679984217,46.01810105187643,46.549677482829445,135
2024-01-12 04:00:00,45.02549424317057,45.51792505726479,44.69548896488096,45.58419936579532,636
2024-01-12 04:15:00,45.24937731247707,45.26680639855303,44.83872395790477,44.53638244199381,923
2024-01-12 04:30:00,46.42203322556572,46.673321264514385,46.45243582355701,46.648757100111894,548
2024-01-12 04:45:00,45.0035279139564,45.51947704056539,44.06085086681023,44.576905905614744,726
2024-01-12 05:00:00,45.59676545852842,46.26078460210923,45.47496378210718,45.88116312289738,693
2024-01-12 05:15:00,46.40488382178099,47.14845116954139,45.26342767636921,46.12360579958679,854
2024-01-12 05:30:00,44.83346120387554,44.90429572620283,44.09595960504252,44.474822665565505,980
2024-01-12 05:45:00,45.50923849641734,45.85600949675157,44.908342067840564,45.54641882098673,283
2024-01-12 06:00:00,43.96647642287191,44.648695519346205,43.58000829182764,44.22998789809307,452
2024-01-12 06:15:00,44.05186827098797,44.59694728273817,43.26030358395746,44.30925909431333,120
2024-01-12 06:30:00,43.78265712818518,44.21950451170874,43.04351769925307,43.521088335764055,850
2024-01-12 06:45:00,42.01189623459512,42.69640483297003,41.515670806032055,42.401240534527055,169
2024-01-12 07:00:00,41.106130106760624,41.87942549413175,40.565540533698595,41.360885729662066,437
2024-01-12 07:15:00,41.27270804021608,42.01393152763069,40.859083707676206,41.37885168915072,658
2024-01-12 07:30:00,40.82229447210367,40.72644216832033,40.41180614157311,40.28418050330967,742
2024-01-12 07:45:00,39.6072212613116,40.343832058562995,39.89019774906739,40.33458590742022,778
2024-01-12 08:00:00,40.68479369786492,40.76264262010157,39.495979707084786,40.344644407147975,175
2024-01-12 08:15:00,37.94743784067705,38.73213352802804,37.68437193138261,38.16851361623483,161
2024-01-12 08:30:00,36.82442511251826,37.12563120127773,36.103010256457004,36.948901136036994,866
2024-01-12 08:45:00,39.07275072222875,39.75501264307934,38.65106909047406,38.735225073844035,662
2024-01-12 09:00:00,38.338960340987995,38.96182017543875,37.33919147697055,38.26324373193666,161
2024-01-12 09:15:00,39.03471458512346,39.51446584265734,38.90439678282932,38.863691488041795,362
2024-01-12 09:30:00,40.57062179766761,41.28035148963734,39.90371129659472,40.38011302809458,494
2024-01-12 09:45:00,39.04471355090292,39.20670097733764,38.438931876382235,38.94912378670422,501
2024-01-12 10:00:00,40.211032052567056,41.0676400810479,39.912863793908805,40.560549822793384,488
2024-01-12 10:15:00,40.14770804213044,40.804731394117496,40.160500589186256,40.45158975817413,720
2024-01-12 10:30:00,39.78224590079988,40.89768718461421,39.14635949127699,40.04338107743452,811
2024-01-12 10:45:00,39.74525616725775,40.19093493867965,39.29769670980258,39.7215527396739,614
2024-01-12 11:00:00,42.10385652964431,42.942780666185726,42.303701455678215,41.96874477287163,306
2024-01-12 11:15:00,43.44743922415954,43.85108882976545,42.96132022941626,43.35602803434174,962
2024-01-12 11:30:00,43.96961815640026,44.77563214528772,43.83798275427362,44.06541893841426,216
2024-01-12 11:45:00,43.599051115998655,44.1769039295059,42.88919831675986,43.924336701023925,137
2024-01-12 12:00:00,43.492980444830394,44.345097317754366,43.24767339159966,43.38210927441033,644
2024-01-12 12:15:00,41.97654167328948,42.7157713257592,40.875056206533436,41.63299000483766,379
2024-01-12 12:30:00,41.83916696264797,42.90797347264333,41.48646660355671,42.335659920545325,141
2024-01-12 12:45:00,42.35567206266288,43.022657309136484,41.83271707061792,42.54748748620634,551
2024-01-12 13:00:00,42.132717250589955,42.18630717742155,41.673283007406084,41.527181536956306,571
2024-01-12 13:15:00,40.41446480472092,40.627221938719394,40.49827221203234,40.54287536526368,346
2024-01-12 13:30:00,40.09742062246189,41.3080003400572,39.852599186947685,40.41982275312141,621
2024-01-12 13:45:00,42.58422626591642,43.082158477567994,42.46861959671247,42.484125397072546,391
2024-01-12 14:00:00,41.375764836676574,42.0609140879293,41.29856099245049,41.64767250853594,304
2024-01-12 14:15:00,39.731878599459705,40.70904715137272,39.55267395294729,39.88613567370737,198
2024-01-12 14:30:00,37.817592107688384,38.86990003077147,37.55069680704287,37.981496715489754,583
2024-01-12 14:45:00,37.42481914352246,37.569185019088884,36.684468055257234,37.8170927497363,835
2024-01-12 15:00:00,38.11544865407485,38.467805053481065,37.32226046549129,37.731236485987075,143
2024-01-12 15:15:00,36.959232001003286,37.60467949813967,36.189527110252676,36.43450889755918,636
2024-01-12 15:30:00,38.610153582687786,39.71553861160283,38.6777052286747,39.073138845472265,180
2024-01-12 15:45:00,38.184260627860326,38.484318770707674,37.936219395054835,38.337812291578715,616
2024-01-12 16:00:00,39.58965934946595,40.68254456243987,39.62654721897414,40.10063520628999,489
2024-01-12 16:15:00,40.948692507531405,41.484742862802804,40.34375255336429,41.34096507708197,737
2024-01-12 16:30:00,41.30593350848575,41.678500114192914,40.93415976731104,41.33935658715563,299
2024-01-12 16:45:00,42.05696852888375,42.11237084578121,41.4682443458311,42.09335271416587,106
2024-01-12 17:00:00,39.87747049305228,40.4012132743527,39.40283080335608,40.10145693789081,673
2024-01-12 17:15:00,40.08172691007862,41.11473722332506,39.16131626292784,40.43772240854463,312
2024-01-12 17:30:00,42.68148865735821,43.07192512007391,41.86415033177577,42.923673177236374,145
2024-01-12 17:45:00,41.895745853718786,42.275341522998374,41.94192555013031,42.293937323063666,605
2024-01-12 18:00:00,42.31283880184157,43.060887289455884,41.71806324453608,42.230025766573476,429
2024-01-12 18:15:00,42.44931834036804,43.252074282471014,42.10429558454887,42.581904529068574,301
2024-01-12 18:30:00,43.95104925565905,44.02442925677766,43.26681529533817,43.82756402948444,993
2024-01-12 18:45:00,44.2619668853591,44.421257232958325,43.30512195045586,44.18615707625518,218
2024-01-12 19:00:00,44.3632555709048,45.69736879434495,44.442872236413315,44.656367219004075,381
2024-01-12 19:15:00,45.35332292919008,45.53422539040502,45.093607435978264,45.15277355874749,972
2024-01-12 19:30:00,43.24291118825346,44.11683165227488,42.32662367107664,43.311445871836504,715
2024-01-12 19:45:00,44.64470865973045,44.789978587076746,43.62212612750882,44.57043591620272,631
2024-01-12 20:00:00,45.023678407391,44.937043130173436,44.29521505950456,44.67642244320096,561
2024-01-12 20:15:00,44.79011524439529,44.74324890444463,44.187433068877034,44.34309190849266,389
2024-01-12 20:30:00,43.63995747335478,43.78373894998333,43.565204032055036,43.625019905318226,542
2024-01-12 20:45:00,45.2471865985691,45.87327759120163,44.91073704865852,45.478906603723416,973
2024-01-12 21:00:00,44.958037350091494,45.23963254437522,43.81337124233493,44.41057676002834,332
2024-01-12 21:15:00,45.28167023063586,46.15812192511361,45.15585913183919,44.970784656234514,626
2024-01-12 21:30:00,46.19506699196138,47.13949708040814,45.70967779364327,46.23011410871553,475
2024-01-12 21:45:00,46.34286604320592,46.951740386462745,45.80474126964118,46.535117093127475,335
2024-01-12 22:00:00,46.54254517069619,47.023662681665876,45.58551827079575,45.998806291558985,168
2024-01-12 22:15:00,46.99094275291188,47.24641730978021,46.8170404137738,46.51226238384253,314
2024-01-12 22:30:00,46.39192198563292,47.04543048791319,46.158271630305926,46.32126611828757,455
2024-01-12 22:45:00,46.21789066548076,46.83430871598852,45.80334617315718,46.05334033136459,782
2024-01-12 23:00:00,46.64418635145121,46.66546584462734,46.2216260582327,46.68782492223367,526
2024-01-12 23:15:00,46.335851005482084,46.350749793107994,46.04095295055229,46.00341592009842,696
2024-01-12 23:30:00,46.13983533295407,46.75835422052326,45.93171082099006,46.302431812488365,961
2024-01-12 23:45:00,47.41824458307885,48.23234055924792,47.28127485260069,47.59002032491743,700
2024-01-13 00:00:00,47.616178372301924,47.720380500736766,46.26585140763147,47.26553215280301,880
2024-01-13 00:15:00,48.23380633518552,48.433967175836806,47.84313041425536,47.9867841664456,822
2024-01-13 00:30:00,45.87428413385951,46.216676914702504,45.76459128132847,45.76125415372211,198
2024-01-13 00:45:00,46.25716027997124,46.22251309914783,45.67211518676404,46.15328925855419,561
2024-01-13 01:00:00,45.608917505610826,46.18006761763457,45.93669591794958,46.2396760167308,230
2024-01-13 01:15:00,46.25561999902088,46.73185343632544,45.76325047053831,46.09538418517753,822
2024-01-13 01:30:00,46.20380456562434,47.519254151443604,46.500467790766926,46.61211563865209,715
2024-01-13 01:45:00,47.96360180277116,48.32932462246061,47.86858960868666,48.16401313270725,633
2024-01-13 02:00:00,47.31078018982832,47.646814131560326,47.12100490047933,47.47589739662776,392
2024-01-13 02:15:00,45.44120153354001,46.10457797431493,44.46920918204287,45.27796857733123,120
2024-01-13 02:30:00,45.84881580790364,46.673415179621486,45.008847333794826,45.52406767193411,867
2024-01-13 02:45:00,45.2811691984491,45.71389407241335,44.974802288617944,45.48579707442874,159
2024-01-13 03:00:00,44.858465038006415,44.799156596918216,43.68150737792296,44.2986083985296,514
2024-01-13 03:15:00,43.26657892922794,43.29816125428155,42.80846268657078,42.68280748221748,968
2024-01-13 03:30:00,43.46860523556646,43.705578800065396,42.51745314640685,43.34338291365134,735
2024-01-13 03:45:00,45.11802867894859,45.51364459314777,44.55538315785446,45.27907248240868,516
2024-01-13 04:00:00,45.195023134396955,45.955656039703086,44.11231863086181,44.65514980226271,557
2024-01-13 04:15:00,45.213109145587026,46.17923585603794,45.18700484115113,45.52303218295561,504
2024-01-13 04:30:00,45.982242824426436,45.92461891652849,44.93545924356296,45.48946733815969,866
2024-01-13 04:45:00,47.621223401782565,48.47270381565168,47.329376879865926,47.687027939869154,363
2024-01-13 05:00:00,46.95773238644114,47.885354556514216,46.50637232386346,47.083854949370256,859
2024-01-13 05:15:00,47.12999970357767,47.61005464657628,47.15516892599696,47.327854552769104,333
2024-01-13 05:30:00,46.50119655452865,46.47704932529337,45.611563178618994,46.12147670782575,512
2024-01-13 05:45:00,46.50050701940521,47.139150132805796,46.14104846380278,46.21316946395745,687
2024-01-13 06:00:00,45.97737326050445,46.529006571225146,45.77773296685444,45.637339293544116,346
2024-01-13 06:15:00,44.45870637291641,44.77454987428746,44.19235684562666,44.22398174226104,657
2024-01-13 06:30:00,45.791987014442945,45.99982980268535,44.82004149846557,45.39429733306138,178
2024-01-13 06:45:00,45.85931191871316,46.328258970731575,44.90964609626355,45.30039172967812,244
2024-01-13 07:00:00,46.3157396326925,46.87105824849525,46.08521476718277,46.07370106427974,126
2024-01-13 07:15:00,46.24432810060198,46.76776748071374,46.24813088861032,46.57844922998799,167
2024-01-13 07:30:00,45.659874542091714,46.13855586629654,44.69680015267233,45.288591665404944,200
2024-01-13 07:45:00,46.18876718936373,46.868233739143456,45.95558507156874,45.87489572642061,416
2024-01-13 08:00:00,46.111448127419926,46.988058444044675,46.078716867916626,46.06792085685681,433
2024-01-13 08:15:00,46.54478176071217,46.32900176027581,45.46240941585806,46.25300455029347,229
2024-01-13 08:30:00,47.7531462475827,48.194996603299494,46.91655349312666,47.70591344197777,316
2024-01-13 08:45:00,46.89794090449619,47.196268530330286,46.37922469776044,46.84107178851551,752
2024-01-13 09:00:00,46.01363676920801,45.953690711968136,44.90170546318703,45.28919424710846,533
2024-01-13 09:15:00,47.13853396315856,47.158273075772534,46.95837015212699,46.98620937341733,893
2024-01-13 09:30:00,46.703804108311786,46.82491041588885,46.21090123960282,46.95685443195277,708
2024-01-13 09:45:00,47.10683861424321,47.27987220319862,47.052726960975185,47.05257166554727,231
2024-01-13 10:00:00,48.531992854667244,48.536801363798496,47.504462926144264,48.30952575173945,239
2024-01-13 10:15:00,46.306502435885534,46.86165483960756,45.66420251533923,45.969645040341554,913
2024-01-13 10:30:00,48.070024579799686,49.44027099540408,48.39254308548422,48.67630886266736,542
2024-01-13 10:45:00,48.00890324116407,48.297140660790376,47.29012613722644,48.11132807875374,149
2024-01-13 11:00:00,46.29747239200209,46.7046659903207,45.50373223121857,45.96586922672801,585
2024-01-13 11:15:00,45.032371292176826,44.889628432301905,43.82329132459353,44.86438295761311,919
2024-01-13 11:30:00,44.563185345065826,44.88652638202034,43.86866322161607,44.601873942020525,573
2024-01-13 11:45:00,42.65281741710278,43.61693322831255,42.28018986676487,42.742624390592695,245
