timestamp,open,high,low,close,volume
2024-01-01 00:00:00,100.2828200416047,101.18637276927394,99.58645877013865,99.98102073899466,249
2024-01-01 00:05:00,100.40239835672654,100.56766685510937,99.9625665356818,100.4191542353826,496
2024-01-01 00:10:00,100.2005043999265,100.53177800424648,99.20719075981769,100.00791368032804,588
2024-01-01 00:15:00,100.11203226970545,100.72624141871883,99.2834900524683,100.13964522604023,754
2024-01-01 00:20:00,99.3612833192001,99.9752912449494,99.30207709323449,99.58493839856241,710
2024-01-01 00:25:00,99.8211083612136,100.11411553296541,99.86432324854891,100.01309098785286,679
2024-01-01 00:30:00,99.29040149941095,99.77415453121276,98.59330240115568,99.07292774946431,634
2024-01-01 00:35:00,98.79915681462099,98.62438195130152,97.95378280765675,98.4618826891682,530
2024-01-01 00:40:00,99.5401370218419,100.16812264378059,99.05414614840699,99.4159761773591,140
2024-01-01 00:45:00,100.11420848698958,100.87215282663763,100.1704473578094,100.25490732990549,470
2024-01-01 00:50:00,100.01869319458646,100.3048479589755,99.8087411154367,100.43048528725014,363
2024-01-01 00:55:00,99.85623056883253,100.41307733131575,98.79336653290801,99.70058453602228,661
2024-01-01 01:00:00,98.20578684413745,99.20869292200048,98.07494417030411,98.15522231840134,496
2024-01-01 01:05:00,99.32397571765533,99.7632387941304,98.53582689634042,99.27876282155454,321
2024-01-01 01:10:00,100.6981366830452,100.88514763827379,100.37498487967036,100.8236233097404,675
2024-01-01 01:15:00,100.70672429051243,101.48457675254394,99.98445939721744,100.61142566024209,589
2024-01-01 01:20:00,101.23436278061723,102.01124416071336,100.958831331625,101.06549703154201,719
2024-01-01 01:25:00,101.63060319327019,102.19573134034891,101.37616061964083,101.53236114988412,916
2024-01-01 01:30:00,101.80694482379106,102.95290683680803,101.90977562594195,102.01780359240162,806
2024-01-01 01:35:00,101.95430698080382,101.96503048307277,100.73367787440098,101.92811739335518,261
2024-01-01 01:40:00,103.06866182920429,103.45245375419977,102.01887460460327,102.63215813565621,516
2024-01-01 01:45:00,105.10095315422778,106.06079053912083,104.94856055389894,104.86416185761406,264
2024-01-01 01:50:00,106.21478622914628,106.58432040162445,105.60476540609167,106.55163164657523,944
2024-01-01 01:55:00,106.27689798150192,106.20145733247259,105.51847836178024,105.62372716889067,989
2024-01-01 02:00:00,106.29168490832828,106.67188508643089,106.08776904728616,106.14005693025743,800
2024-01-01 02:05:00,106.078451895859,106.88486788126727,106.17418317468997,106.29833696869846,121
2024-01-01 02:10:00,106.68039593398404,106.9423865657619,105.5299346060937,106.63934060146994,495
2024-01-01 02:15:00,105.81919046352206,106.45249294830528,105.78161838386744,105.99212736095078,831
2024-01-01 02:20:00,106.60014596312868,106.67321271629778,106.53954034827002,106.68452665119713,212
2024-01-01 02:25:00,107.13972294986698,107.9384265228194,106.41303283863367,106.99303480282356,376
2024-01-01 02:30:00,106.77515645768976,107.95898683177099,106.15927794693782,107.25872013803098,583
2024-01-01 02:35:00,106.20184610660193,106.85098861334531,105.33911541388629,105.70974604849357,711
2024-01-01 02:40:00,104.50031746426079,105.01289236688613,104.08038541074917,104.60267789319268,215
2024-01-01 02:45:00,104.03881194669194,103.94417054942463,103.37764812910298,103.66169336799622,691
2024-01-01 02:50:00,102.91221347246095,104.0318614468694,103.0127534191841,103.0330344664044,577
2024-01-01 02:55:00,103.03338085905908,104.12585542917046,102.8756533065153,102.96275847313446,946
2024-01-01 03:00:00,103.84180074584597,104.43972271842503,103.57193624969233,103.75425610685339,521
2024-01-01 03:05:00,102.65082627210712,103.07141007274758,101.94711518521714,102.77610553329309,834
2024-01-01 03:10:00,104.70467174308698,105.22842103750324,104.08647198493139,104.16927379513658,130
2024-01-01 03:15:00,104.75322092097943,104.71396199466713,104.32016156642902,104.17664241447729,432
2024-01-01 03:20:00,104.51683042874264,104.87771384516266,103.84650539164556,104.1975265047886,600
2024-01-01 03:25:00,103.46104754160092,104.36992458783003,103.05640740427704,103.793704069535,165
2024-01-01 03:30:00,102.15229556116698,102.15249511170458,101.93791803557167,102.10302386878396,549
2024-01-01 03:35:00,100.47005245199473,100.59366977147123,100.39939152161718,100.40732931877277,272
2024-01-01 03:40:00,100.8219842354524,101.68716803476171,100.56875199173183,100.96119784228367,361
2024-01-01 03:45:00,100.9758917272091,101.80082643906854,100.53026113300068,100.82649241111439,331
2024-01-01 03:50:00,101.94093595821334,101.87615132037817,101.37388970389695,101.82333000844412,719
2024-01-01 03:55:00,101.75247715747362,102.58258204295191,100.91628244297267,101.8339019266434,207
2024-01-01 04:00:00,102.21231344607135,103.2528503787541,101.80846343294971,102.56859160707994,518
2024-01-01 04:05:00,102.56941953914874,103.40952462733206,101.75859347752804,102.66079161835876,754
2024-01-01 04:10:00,100.59135919444611,101.5011761554875,100.15445776869643,100.47281449964558,693
2024-01-01 04:15:00,100.15813113428787,100.80584119094532,100.01384099100027,100.47954874099898,257
2024-01-01 04:20:00,101.14595691218206,100.79493488769127,100.32428937449139,100.8153935440897,815
2024-01-01 04:25:00,101.62398931839691,102.25392945101696,101.39830064105023,101.48948482698646,345
2024-01-01 04:30:00,100.69184392916885,101.32296411366019,99.87417227649645,100.27934108681139,390
2024-01-01 04:35:00,101.69006559404627,102.38245328284196,100.91405133524353,101.5170734731038,469
2024-01-01 04:40:00,100.82528258987477,101.8192573638189,100.39432251745276,100.91083142762122,757
2024-01-01 04:45:00,102.10419576723807,102.69543713839863,101.44196325946498,102.61708430350053,352
2024-01-01 04:50:00,101.05510204205741,102.2383224059078,100.54706939644443,101.30543914940834,565
2024-01-01 04:55:00,102.42132333518633,102.8304301048488,101.372970639148,102.31156895763621,969
2024-01-01 05:00:00,103.70193759744089,103.49040254502933,102.83290738243466,103.09726366006522,835
2024-01-01 05:05:00,102.96627168068616,103.33739829631921,102.83724751161645,102.9185103478582,822
2024-01-01 05:10:00,101.93529926882991,101.96102169548321,100.80551907285923,101.51885814359797,599
2024-01-01 05:15:00,101.24328288317842,101.47683423102951,100.60837819506861,101.20621269574539,112
2024-01-01 05:20:00,102.8717385668144,102.64569017250975,101.84473115764492,102.2713055230726,458
2024-01-01 05:25:00,104.38883710051351,104.68309620452638,103.74582787520413,104.2965990206728,462
2024-01-01 05:30:00,103.28146615974998,103.553380080208,102.71049064497673,103.11291546757009,788
2024-01-01 05:35:00,103.64167608272909,103.93583820454064,103.20135488064544,103.22654307921478,235
2024-01-01 05:40:00,103.42315105352651,103.93377096935994,103.58268134932374,103.73078758343908,596
2024-01-01 05:45:00,103.80084744683937,104.36108934759035,102.69475321076125,103.80761589225604,613
2024-01-01 05:50:00,104.1074733589005,104.83179343017102,103.2216386240903,104.00555315925178,954
2024-01-01 05:55:00,101.52347649824816,102.73457805680242,101.91938592725023,102.25238741866387,750
2024-01-01 06:00:00,102.78897727646125,103.33398167071155,102.44705440486152,103.06839111115445,936
2024-01-01 06:05:00,103.32599884305536,103.50541297820496,103.14350008127373,103.91768217955986,543
2024-01-01 06:10:00,103.07690532130165,102.8361372296744,102.52877817937603,102.49349957751473,171
2024-01-01 06:15:00,101.76138845667306,102.30712531016299,101.1697660236125,101.39554568966358,904
2024-01-01 06:20:00,101.10018183977525,102.17055168284939,101.03625486511443,101.24376397627988,808
2024-01-01 06:25:00,101.37161476261619,101.7814749129963,100.03642143366834,101.04532840119606,418
2024-01-01 06:30:00,101.81338066945713,102.0257347294391,100.57491098155775,101.84516936547342,501
2024-01-01 06:35:00,100.91531930140452,101.68674716144659,100.7081481636105,101.17189681992362,744
2024-01-01 06:40:00,101.75089091854562,101.98144361859025,101.22609062870644,101.77487959406194,686
2024-01-01 06:45:00,101.94488200992396,102.44371366705398,101.54129199849206,102.26786298360511,733
2024-01-01 06:50:00,102.43743067278743,102.75744345576202,101.94286030835303,102.60775377960748,488
2024-01-01 06:55:00,103.47381195759479,104.58939138774149,103.07133137809777,103.77333716411523,908
2024-01-01 07:00:00,103.00144067974254,103.05392369687301,102.81758825087282,103.03357817991375,177
2024-01-01 07:05:00,102.88737692182315,102.87420296159823,102.00123186691943,103.02668072532087,977
2024-01-01 07:10:00,101.69325974624691,102.61441098173947,101.22957115177594,101.81303419380201,283
2024-01-01 07:15:00,103.03737623132227,103.57182861086424,102.72594149639659,102.99677934318952,702
2024-01-01 07:20:00,102.31613552008335,103.4955078643472,101.96698813921516,102.78987033663029,230
2024-01-01 07:25:00,104.8739728275056,104.53368311385371,104.08586161031035,104.28175065101502,566
2024-01-01 07:30:00,105.69636675977539,105.86620484110078,105.37109084330636,105.65810748606187,659
2024-01-01 07:35:00,105.11539013409136,105.7286767430455,104.99962952689818,105.11552589369788,404
2024-01-01 07:40:00,106.31896840938447,106.79925061215648,105.64980709513551,106.65650328473487,887
2024-01-01 07:45:00,106.7060589405403,107.69078955933394,106.41044591665592,106.8328527040543,506
2024-01-01 07:50:00,105.9422268283894,106.3234784800262,105.43341797671728,106.39321253027876,381
2024-01-01 07:55:00,104.16807112066493,104.55768884115626,103.42412088508573,103.97876840894735,848
2024-01-01 08:00:00,104.80763913773714,105.62155917996938,104.64281759474817,104.91785598528978,307
2024-01-01 08:05:00,105.24843645741628,105.21586492338044,104.0990883143719,104.84036209899797,823
2024-01-01 08:10:00,103.84354675800564,104.23786507175548,102.80769245329958,103.90089178912008,368
2024-01-01 08:15:00,103.05705531696144,103.60208194482803,102.46305290623205,103.18189163896977,120
2024-01-01 08:20:00,103.80579089366813,104.44389313048124,103.51728192050231,103.52264625761924,159
2024-01-01 08:25:00,103.27970729227782,103.6960702979256,101.96280130828951,102.91127961085886,218
2024-01-01 08:30:00,103.2744232962473,103.53998978060694,102.23484546424493,103.3611530233161,729
2024-01-01 08:35:00,101.51735093798706,101.98689221741289,101.85947653561861,101.93641154770117,705
2024-01-01 08:40:00,101.29494450132802,101.79238885744222,100.5163454997973,101.2877960370239,194
2024-01-01 08:45:00,101.61111631235096,101.7557317203969,100.50546189456254,101.24740769439927,696
2024-01-01 08:50:00,99.84055773056694,100.24180256728437,99.27745723988913,99.50617334474263,926
2024-01-01 08:55:00,100.8927949791076,100.84951123250508,100.40370034223324,100.75469061675845,661
2024-01-01 09:00:00,101.17001209011802,101.989077706788,100.45410107506673,101.17863327334977,920
2024-01-01 09:05:00,101.09955610363517,101.7133233202136,100.3341579431898,101.01628449894434,900
2024-01-01 09:10:00,99.90196817187775,100.07498673814314,99.95972962235508,99.80357836385927,514
2024-01-01 09:15:00,98.98331663935008,99.42803032922971,98.87614761020498,99.146824035798,115
2024-01-01 09:20:00,99.03337530341018,99.60966781185013,98.69758107164928,99.25606843054027,485
2024-01-01 09:25:00,97.5887007688125,97.81823902964743,96.64030310310024,97.15975452673707,791
2024-01-01 09:30:00,98.02890822795098,97.97160523721317,97.78773955660388,97.80609964706466,879
2024-01-01 09:35:00,98.7424366124015,99.50658693697578,97.5463536749445,98.35991647601297,549
2024-01-01 09:40:00,97.20426078271906,97.81840666236866,96.6378647171918,97.26304496473526,417
2024-01-01 09:45:00,96.5849862312699,96.9577827268817,95.68112293040316,96.35982640663572,417
2024-01-01 09:50:00,99.14483376296991,100.11218540558066,98.44145192586356,99.51464961003423,708
2024-01-01 09:55:00,99.78628885505822,100.69926673738198,99.56599416842681,99.63499123887198,551
2024-01-01 10:00:00,100.03821560868417,101.0532774692494,99.36554307267257,100.22479806775107,797
2024-01-01 10:05:00,100.47746653355266,100.90961988770574,99.69157637653464,100.38330655899757,782
2024-01-01 10:10:00,99.28265858967592,99.83493078108413,99.39748789638023,99.09886679763925,593
2024-01-01 10:15:00,99.37541104779395,100.02978430384418,98.57315879439572,99.2664227919231,130
2024-01-01 10:20:00,101.49028617164525,101.95960920815925,100.81887623627777,101.67582845444925,305
2024-01-01 10:25:00,101.72142684467009,102.68550067815751,101.1400085190621,101.80925192496125,209
2024-01-01 10:30:00,102.56861611665433,103.30285873193397,102.34000128022689,102.81919329273907,126
2024-01-01 10:35:00,104.18626607211691,104.08889399309857,103.34395958519646,103.52097443760658,602
2024-01-01 10:40:00,106.53726522279382,106.8088504756829,105.91932908700129,106.3269736202597,322
2024-01-01 10:45:00,105.20011554568777,105.40918425122948,104.76603135981257,105.12320669348729,802
2024-01-01 10:50:00,104.90253163017418,105.86358179678001,104.71527683665113,105.1860537475185,601
2024-01-01 10:55:00,105.04077761376324,105.51761429333659,104.66893990421418,104.99179943396956,445
2024-01-01 11:00:00,105.48982752429689,106.57709200069455,105.5821332059703,106.03775364958284,287
2024-01-01 11:05:00,106.31444252158627,106.85587189689987,105.91546351223475,106.70922404821827,367
2024-01-01 11:10:00,107.144041362265,107.03972125451597,105.97530743254435,106.7864018396496,856
2024-01-01 11:15:00,107.63630374286672,108.09407141262426,107.59693950234126,107.53418802044295,378
2024-01-01 11:20:00,107.93264715871007,107.99853110286891,107.2104950030995,108.21461511167598,803
2024-01-01 11:25:00,107.91826850688203,108.51980424352699,107.5915127682177,107.9212682024027,155
2024-01-01 11:30:00,106.1755074348503,106.72053627488154,106.20356717499682,106.33921246787591,358
2024-01-01 11:35:00,107.43000678486995,107.98398797036779,106.90635158688671,107.28950480072352,965
2024-01-01 11:40:00,108.52781740177605,109.2254001062847,107.89775261730007,108.36083859588469,422
2024-01-01 11:45:00,109.01822093765671,110.34232188655294,108.84229710112825,109.65440456386887,411
2024-01-01 11:50:00,107.35675496693051,107.57332675661326,107.05468749325878,107.48220376560423,479
2024-01-01 11:55:00,108.26009719320993,108.72999526443469,108.10035058737672,108.16165446646181,164
2024-01-01 12:00:00,109.51587246381952,109.18708820494984,108.35063118998083,109.17279355484189,628
2024-01-01 12:05:00,109.26313023754908,110.07966276714215,109.02938764419721,109.49925865626348,402
2024-01-01 12:10:00,107.90017994747323,108.25488385536683,107.12942721096297,107.44567170665806,257
2024-01-01 12:15:00,107.74585004320757,108.59520032704323,107.74952636807947,108.09493183640944,338
2024-01-01 12:20:00,108.069170682337,108.41003671261362,108.08017389245695,108.15461159377959,607
2024-01-01 12:25:00,109.28403104429178,109.13296912057285,108.54327870010556,109.37319391088879,819
2024-01-01 12:30:00,109.50187201859048,109.97984333152677,108.54216638606955,109.06694040706101,709
2024-01-01 12:35:00,110.68644167733035,111.54821008510672,110.77148667422668,110.94744322520239,671
2024-01-01 12:40:00,112.67036631581989,113.23458256652931,112.03021456455184,112.62769958398638,321
2024-01-01 12:45:00,111.20242904080604,111.4875858668154,111.06771930171925,111.15164058418448,474
2024-01-01 12:50:00,110.99780077277231,111.33775846432654,110.61785241962086,110.97900774580195,127
2024-01-01 12:55:00,109.17398859039885,109.50378249009331,109.01815149766456,109.14584403797338,621
2024-01-01 13:00:00,108.27771045317141,109.27881120583947,107.62926313570973,108.12929330258194,306
2024-01-01 13:05:00,108.21052494604109,108.70605334117793,107.9163567931596,108.33921359333571,106
2024-01-01 13:10:00,107.12101147148206,108.02986387388874,106.33249030506397,106.89356371233895,218
2024-01-01 13:15:00,105.88016854459647,106.88092730648474,105.56914423675983,106.03216679964122,843
2024-01-01 13:20:00,103.99509671521815,104.50313882508216,103.82875183628659,104.181699279228,775
2024-01-01 13:25:00,103.74397102915398,103.76969702876045,103.34592008623845,103.80715357059435,338
2024-01-01 13:30:00,101.60168073017996,102.30921456280797,101.0875814567073,101.39557912386907,574
2024-01-01 13:35:00,102.96368498865526,104.00194519291644,102.43118137343954,102.9433345921219,113
2024-01-01 13:40:00,104.53907082874692,105.10957053012015,104.0765793702153,104.283842730146,174
2024-01-01 13:45:00,104.21844838473409,104.49327360682811,103.56781856522578,104.19038164979995,580
2024-01-01 13:50:00,106.52161955279196,107.13223706260159,106.08161801271292,106.6422918761574,724
2024-01-01 13:55:00,107.26686198199506,107.91257389234147,106.43992625177654,106.85501631304281,431
2024-01-01 14:00:00,105.63327431179873,106.3213723890261,104.64255149166662,105.85952366291801,374
2024-01-01 14:05:00,107.08480404421597,107.12361974184503,106.4823649056975,106.85036856318256,742
2024-01-01 14:10:00,106.91383862367366,107.2926937295745,106.24127205694953,106.13068242874961,205
2024-01-01 14:15:00,105.59691541480734,106.63494242382508,105.57555388282857,106.00832217643925,827
2024-01-01 14:20:00,104.43853081832128,105.24295180574084,103.90077173036282,104.83662266211516,415
2024-01-01 14:25:00,103.71696475026312,104.2790021501372,103.55405146104509,103.54885805978363,532
2024-01-01 14:30:00,103.77174079810788,105.28071959924722,103.58552455961323,104.64226007714872,430
2024-01-01 14:35:00,104.06199479578598,104.35770785870523,103.45692498115105,103.88045776683455,894
2024-01-01 14:40:00,105.21199492684568,105.95245356652315,104.34679293274377,105.55920927006164,789
2024-01-01 14:45:00,104.7978805542846,105.66310691155333,104.56033314043991,105.05814863654511,787
2024-01-01 14:50:00,105.26343276408782,105.36966481356788,104.25136551162491,104.9464813241462,446
2024-01-01 14:55:00,106.56074887183958,106.73196909216358,106.22343725275593,106.30730833395069,590
2024-01-01 15:00:00,108.17791383169403,108.9544794396068,107.07567067429976,108.32064034252238,130
2024-01-01 15:05:00,108.0959713679208,108.5146598199845,107.07011700693376,107.82965149579844,848
2024-01-01 15:10:00,106.7768103603803,107.41641132591343,106.3202995747024,106.87515126230645,995
2024-01-01 15:15:00,107.72661543923302,108.577065845936,107.37845812108624,108.03101115978875,496
2024-01-01 15:20:00,106.3000600895013,106.72017335416899,105.79332255382282,106.29657048162292,170
2024-01-01 15:25:00,107.28887975905255,108.60155354165477,106.9643248379415,107.77341902090029,319
2024-01-01 15:30:00,108.18851050763804,108.73888283888675,107.82397480006502,107.88723600306714,516
2024-01-01 15:35:00,107.17514866408183,107.11295162701734,106.52204799323034,106.50741358951376,614
2024-01-01 15:40:00,107.99986784099876,108.66208039033447,107.5698379436386,107.8464044565668,260
2024-01-01 15:45:00,106.85657065061459,107.41951148053369,106.02541943434113,106.96328258837312,470
2024-01-01 15:50:00,107.08704553325805,106.81751465242799,106.4770348142681,107.03797083051532,206
2024-01-01 15:55:00,107.09200745506506,107.54831710865206,106.72065428572641,107.27023825504186,101
2024-01-01 16:00:00,107.72323078378766,108.38300234971744,107.6359327613098,107.74964037622551,759
2024-01-01 16:05:00,107.06187401915548,108.0498463809491,107.0907679193696,107.16176308930913,100
2024-01-01 16:10:00,107.92760485092187,108.94530779744477,107.32197176048369,108.10995982519808,176
2024-01-01 16:15:00,108.33775567315905,108.28786617442924,107.7300590789593,108.0777302223581,281
2024-01-01 16:20:00,108.55875667607599,109.08376968600993,107.99903510109779,108.34341863324497,485
2024-01-01 16:25:00,109.61310268345109,110.23951609219988,108.55232603946573,109.75046956151985,365
2024-01-01 16:30:00,108.97851803618191,109.45615485242668,108.21125651713739,108.69556115316047,998
2024-01-01 16:35:00,108.54647748461588,109.75402432332066,107.92573940943167,109.00637377337277,617
2024-01-01 16:40:00,108.19133157598417,107.75581028548001,106.71993491119707,107.41714164051307,940
2024-01-01 16:45:00,107.8768347794004,108.07749762905445,106.99546212228401,107.3848083790679,205
2024-01-01 16:50:00,108.08573251537841,108.22788135017579,107.5881645643432,107.99581813931539,451
2024-01-01 16:55:00,109.04510140426028,109.90081654122244,109.05149116568809,109.32410000485744,480
2024-01-01 17:00:00,108.78639988251602,108.9958700789579,108.04921016017734,108.56686217582757,442
2024-01-01 17:05:00,107.73265932637518,108.12386873523363,107.25587705493768,107.7960935426701,336
2024-01-01 17:10:00,106.36098533861565,107.23729435374835,106.09794122568127,106.58994186807014,715
2024-01-01 17:15:00,108.09873330995818,108.78607612244032,107.60234129644319,108.11229791691471,292
2024-01-01 17:20:00,108.35388291791291,109.0262323591242,107.93792727644865,108.19823162966551,241
2024-01-01 17:25:00,108.85108106617689,109.42257172168094,108.56607825710633,108.58940190995183,645
2024-01-01 17:30:00,108.72130023961469,109.42497655396616,108.11765044777664,108.63752486724212,368
2024-01-01 17:35:00,108.03510581971356,109.08438683501177,108.03804102727115,108.10429406980458,197
2024-01-01 17:40:00,108.08446101755317,108.71928992151392,107.48648373007723,107.99465701934528,783
2024-01-01 17:45:00,106.41090488788853,106.99036709781835,105.56158725696396,105.41365193786632,700
2024-01-01 17:50:00,106.80291182104172,107.8879963715967,106.39076541771608,107.32458862162495,562
2024-01-01 17:55:00,108.27376105739498,109.27324675538085,108.16412088020466,108.55063342343946,765
2024-01-01 18:00:00,108.63239699361,109.10466747985924,107.9435291481044,108.91225194202332,477
2024-01-01 18:05:00,108.78066373144617,108.99979342079693,108.05083182051868,108.87484040887153,367
2024-01-01 18:10:00,108.46685521060768,108.8240324919228,107.68256466944571,108.66626678180866,594
2024-01-01 18:15:00,110.44661552830229,111.10482303027443,110.04532274231528,110.57828250820006,502
2024-01-01 18:20:00,109.82705872668986,110.57361138939221,109.35228026333954,109.69301940660027,223
2024-01-01 18:25:00,110.61169002879703,111.24501446308342,110.39351338771614,110.56073299203739,945
2024-01-01 18:30:00,111.21716312489556,112.08003186265219,111.19073492990915,111.17668425462921,245
2024-01-01 18:35:00,109.72651120665958,110.64989113168255,109.5096077761138,109.9052691143735,262
2024-01-01 18:40:00,111.05262839660953,111.34494079943931,110.14958283524183,110.83395053448254,279
2024-01-01 18:45:00,110.51892652336656,110.97037250944186,110.62421509123497,110.7600204992804,789
2024-01-01 18:50:00,110.48791466238094,110.46052102447888,109.77432597965208,110.11091091297885,466
2024-01-01 18:55:00,107.71081340919207,107.88523247884098,107.33239509525983,107.88344096798538,438
2024-01-01 19:00:00,106.85938790841257,107.43381561274963,106.24862592980347,106.74967543088141,139
2024-01-01 19:05:00,107.58236204064615,107.88668990578135,107.27345669277078,107.3051104825003,266
2024-01-01 19:10:00,106.89085875267882,107.16655007217604,106.80135405560068,106.56817338632803,340
2024-01-01 19:15:00,107.07941581243583,107.46141570353976,107.2628275211387,106.94566716991757,132
2024-01-01 19:20:00,108.3658581418046,109.18043583958902,107.7826157937652,108.37756110292611,827
2024-01-01 19:25:00,108.58652700099621,109.02571595008872,107.57588607206279,108.63226297257039,968
2024-01-01 19:30:00,110.44646279373623,111.13086071548956,110.30740700821117,110.86530556483798,563
2024-01-01 19:35:00,110.93199996940254,110.86063661913884,110.34978072131287,110.63289471838328,965
2024-01-01 19:40:00,111.08617088138033,111.04925428583631,109.93320695405383,110.58463791527072,895
2024-01-01 19:45:00,112.27206879094634,113.38227473816552,111.96901524074525,112.91806689926919,497
2024-01-01 19:50:00,112.60542941090345,113.38235914932514,111.97133139343228,112.25454338185908,960
2024-01-01 19:55:00,112.97401615033624,113.86251172401991,112.58942017424101,113.30399096011409,436
2024-01-01 20:00:00,113.83616228548752,114.01201100929416,113.84954364333127,113.70499471424806,353
2024-01-01 20:05:00,114.35398056270411,114.30186268569507,114.03555881692792,114.19620215547991,442
2024-01-01 20:10:00,114.64807629733666,114.93069325474079,113.92917233116081,114.45302610863129,432
2024-01-01 20:15:00,113.64905568610841,114.76361475038186,113.66317450170254,114.38248696135057,770
2024-01-01 20:20:00,114.25424733697868,114.76232886869725,113.77182968934264,114.51649100865825,793
2024-01-01 20:25:00,115.3082055655879,115.62469202630028,115.19437576730256,115.30287249810031,499
2024-01-01 20:30:00,114.97161013952751,115.94431004952682,114.95675400789781,114.87933261366179,348
2024-01-01 20:35:00,114.99355207166755,115.78286575128817,114.3639844921775,115.32123363689237,250
2024-01-01 20:40:00,112.42400807658017,113.39768354932501,112.4045377170443,112.69868556808332,258
2024-01-01 20:45:00,112.44850605002988,112.4208841108101,112.29189096334999,112.55401614631698,499
2024-01-01 20:50:00,112.57536692741083,112.92035604841462,111.73210437938971,112.67991302618545,474
2024-01-01 20:55:00,114.42185327989431,115.45650379790479,114.39505064576402,114.3392319374355,249
2024-01-01 21:00:00,114.25849771839476,114.93084196025116,114.155673679647,114.41621143726269,112
2024-01-01 21:05:00,115.27747913750012,115.61648794098497,114.06980831588903,115.22892548752384,862
2024-01-01 21:10:00,114.63104812364647,114.81491450352368,113.77640031183157,114.64123254495708,839
2024-01-01 21:15:00,114.82739118877609,115.5016009743814,114.46457534420496,115.18613383354003,277
2024-01-01 21:20:00,115.70971296383144,116.26317801166887,114.63380040572571,115.48054122574263,800
2024-01-01 21:25:00,115.63536980503682,116.35397412846383,115.24641290840341,115.99490785512766,907
2024-01-01 21:30:00,116.20313483372227,117.23649883770797,115.438280148379,116.82732025789116,400
2024-01-01 21:35:00,117.22669166936966,117.58927221679403,117.3451912716214,117.52354668312294,661
2024-01-01 21:40:00,119.07704309466804,119.66804188234528,118.81732877212382,119.4021932153685,534
2024-01-01 21:45:00,117.25553837276983,117.75821833601528,116.56077847831921,116.73718950127143,518
2024-01-01 21:50:00,116.67300529338145,117.21094971618724,115.9518805247035,116.48345457889074,454
2024-01-01 21:55:00,118.47554789344125,119.1234729922329,118.21410480205049,118.09493805745689,468
2024-01-01 22:00:00,118.08187699315744,118.22471520209018,118.066890191106,118.40255672729774,761
2024-01-01 22:05:00,119.45285205844915,119.49719149852722,118.87604386832616,119.12566189610358,330
2024-01-01 22:10:00,119.04242187518851,119.4959756733475,118.20096690070373,119.13624366760052,810
2024-01-01 22:15:00,120.21281390333135,120.99091660018279,120.07389211042207,120.56991700058093,935
2024-01-01 22:20:00,121.58538905412874,121.95191044281134,120.82300987835364,121.48078719601382,191
2024-01-01 22:25:00,122.0119109066443,122.45137733490579,121.42475327246852,121.91743156576615,548
2024-01-01 22:30:00,121.70262475841207,122.05905830192043,121.00092485328936,121.59003070557452,576
2024-01-01 22:35:00,122.08746976609301,123.36533516422074,121.94601234025424,122.70288043119606,794
2024-01-01 22:40:00,122.43729336548606,122.66584248904306,122.01390808718863,122.74584668128783,131
2024-01-01 22:45:00,121.94353198005713,122.5688392345848,122.06747928224085,122.17618094861722,507
2024-01-01 22:50:00,122.07861178124159,121.90474605989968,121.05072716515735,121.94515699672027,243
2024-01-01 22:55:00,120.77440260084718,121.60706738030514,120.54355068627824,120.80987246485007,155
2024-01-01 23:00:00,122.099608077433,122.11176876034529,121.04875561984683,121.75656594980019,304
2024-01-01 23:05:00,121.35926135471898,121.71606447412778,120.36947592287123,121.02802704087321,263
2024-01-01 23:10:00,120.87578739335433,120.70845976487493,120.53928020482147,120.55178399450358,545
2024-01-01 23:15:00,121.7139096441972,121.78082040211693,121.47803632647799,121.89703360501862,182
2024-01-01 23:20:00,122.99068007609948,123.9840388235724,122.4641324238066,123.69607613572374,336
2024-01-01 23:25:00,123.45003205422245,124.33389165661367,123.29596729422686,123.49340078091434,518
2024-01-01 23:30:00,124.61479836712454,125.55924349853493,124.52731125393376,124.87093502930641,866
2024-01-01 23:35:00,123.161848809202,123.33303322985208,122.56213172411532,122.81425585902167,367
2024-01-01 23:40:00,123.81031937904666,124.63969224398897,123.1692464224995,124.28592362122549,470
2024-01-01 23:45:00,123.41169604983291,124.47628890946356,123.04965421704831,123.76133997836135,616
2024-01-01 23:50:00,125.01299913632347,125.71754202915814,123.79374564186344,124.81051000647787,721
2024-01-01 23:55:00,123.59647139638611,124.12241128715958,122.71713459464374,123.47389128288431,886
2024-01-02 00:00:00,122.7692624157548,123.74510130066923,122.94775815941162,123.42003184031249,915
2024-01-02 00:05:00,121.98805593350096,122.01937453722029,121.86699169214157,121.81018511195478,630
2024-01-02 00:10:00,121.22584727286856,121.74030870114849,121.05309359479249,121.22855312489219,477
2024-01-02 00:15:00,121.3203257171601,121.67892808877711,120.48331308944513,121.39078100115415,841
2024-01-02 00:20:00,120.08956559256475,120.893290408339,119.51405704856677,120.19419267605144,398
2024-01-02 00:25:00,119.36707336455456,119.99251928034292,118.71696543603585,119.2745360286175,428
2024-01-02 00:30:00,120.2734867644344,120.66574759272575,119.36295511157772,119.65182781769622,534
2024-01-02 00:35:00,120.60824920459851,121.15311829572042,120.05706885992642,120.49700866372366,300
2024-01-02 00:40:00,120.7145462952041,121.75926564175525,120.20713842685514,120.60309474648588,956
2024-01-02 00:45:00,121.81055032648476,121.93748002594452,120.72955648164798,121.68257797847622,306
2024-01-02 00:50:00,121.48301752019263,122.33590805908852,121.75398321791978,122.23922784253949,659
2024-01-02 00:55:00,122.78771671276101,123.0943666096968,122.4525303008636,122.76019141340787,143
2024-01-02 01:00:00,122.6708537602314,123.21333243786931,121.63522158881443,122.60944181395134,925
2024-01-02 01:05:00,121.86306113961281,122.25461653072284,121.62968442906441,122.13049765295428,200
2024-01-02 01:10:00,122.66788486907166,123.21726457887303,122.29477752955283,122.10136632320815,239
2024-01-02 01:15:00,121.8465410628343,122.35763994410213,121.22096121324508,122.20600914965387,744
2024-01-02 01:20:00,123.18269880183324,123.97353588562864,122.45535478697369,123.25732349376452,103
2024-01-02 01:25:00,122.79560097906463,123.49577972998893,122.7450654490051,122.63759583347021,366
2024-01-02 01:30:00,123.80971507818116,124.41219476913327,122.97074804300235,123.69728597990655,695
2024-01-02 01:35:00,124.30575866348101,125.31191507137675,124.20348189765829,124.46914299847944,440
2024-01-02 01:40:00,124.73168265437734,125.23737287727371,124.0336635059667,124.99705851826971,920
2024-01-02 01:45:00,124.19225133448421,124.79865597802286,123.52105158597378,124.64058294347853,381
2024-01-02 01:50:00,123.17464267989227,124.11504905474285,122.67535255903029,123.5601140893346,392
2024-01-02 01:55:00,122.48690271804294,123.1908152380464,121.67843072512518,122.4823525527202,341
2024-01-02 02:00:00,122.73768860649697,123.32239057782598,122.78595197846766,122.82618995280761,612
2024-01-02 02:05:00,122.21810499396194,123.11017772894976,121.50034332631292,122.2641250585339,190
2024-01-02 02:10:00,124.1975553784117,124.82058828837587,123.40517417643123,124.34974790037779,489
2024-01-02 02:15:00,123.59612181318401,123.92356384606211,122.8672810050607,123.54310361651822,880
2024-01-02 02:20:00,122.7449151925073,123.1321316383618,121.93751718842059,122.62607691708361,535
2024-01-02 02:25:00,122.48838305929921,123.27322498166374,121.73366356052138,122.29919146204796,505
2024-01-02 02:30:00,120.56256692840634,121.3067606690099,119.86290226692725,120.56956886211563,807
2024-01-02 02:35:00,121.67313106795217,122.39942694546083,121.0072215523502,121.67317014905186,555
2024-01-02 02:40:00,121.41726793225679,121.9412824746418,121.03435604280033,121.01192307504589,623
2024-01-02 02:45:00,121.17354848793114,121.72049222538428,119.90812292091863,120.96721037837776,184
2024-01-02 02:50:00,120.42145215629435,119.9854553618819,119.63915001353776,119.91183822157035,877
2024-01-02 02:55:00,119.60879415993713,120.81396889791007,119.42622850998302,120.09381325122588,703
2024-01-02 03:00:00,120.12559769621897,120.52277660937466,119.76549070105018,119.73428041095278,884
2024-01-02 03:05:00,121.02739659419831,120.80979830019373,119.85725026628079,121.07493979846768,262
2024-01-02 03:10:00,120.50371328463194,120.64176315235572,119.52188601938663,120.02411386551346,445
2024-01-02 03:15:00,120.45640062209173,121.14088333871081,119.90936429173264,120.27644370740055,146
2024-01-02 03:20:00,120.89815755704089,121.26533802627822,120.21273533990924,120.9701078319632,637
2024-01-02 03:25:00,120.91014301332847,120.84468403832504,120.12554970656309,120.60928894622195,506
2024-01-02 03:30:00,121.14915939634156,121.31175607223443,121.0659498151589,121.40748798885481,166
2024-01-02 03:35:00,120.61011434853697,120.96731164422796,120.55238687591388,120.50718076835945,652
2024-01-02 03:40:00,120.27384905203388,120.41293768592354,119.79349980202883,120.54980212217359,205
2024-01-02 03:45:00,120.21390991436857,120.13171932217229,119.07164786497871,120.14059600402588,568
2024-01-02 03:50:00,119.7947483367945,120.33369847460293,119.4345814810634,119.59064012766116,616
2024-01-02 03:55:00,120.13477852772635,120.71083413384154,119.58066727350334,119.63794023422211,513
2024-01-02 04:00:00,119.6633326864402,120.00652653665996,119.45856476430022,119.65279780085532,501
2024-01-02 04:05:00,119.19068391172135,120.11539085044294,118.53858616791265,119.70127949643185,726
2024-01-02 04:10:00,119.43459730451472,119.57542148500355,119.21727515052737,119.78039983331459,475
2024-01-02 04:15:00,121.94734050142128,123.14900200009949,121.65566556789413,122.39593039874053,616
2024-01-02 04:20:00,123.25032544584182,123.77675756788287,122.75392993832477,123.20106373708778,830
2024-01-02 04:25:00,122.30595710104447,122.54072787355358,121.94184647485832,122.66186870023738,108
2024-01-02 04:30:00,121.22493441252185,121.59551893845322,121.08343852816758,121.42661548468332,258
2024-01-02 04:35:00,120.47586565618806,120.90123551154531,119.72977942736338,120.86955310994914,324
2024-01-02 04:40:00,119.19527913686105,119.87347022836688,118.9713629304543,119.72255189307434,493
2024-01-02 04:45:00,120.84878934988241,121.46893914293773,120.3785292105164,120.67518692814458,778
2024-01-02 04:50:00,121.09941221312107,121.9286474946524,120.80703324949884,120.98381219229974,676
2024-01-02 04:55:00,121.38684697210527,121.58486382730997,120.33832491116881,120.97634558168511,233
2024-01-02 05:00:00,122.17838796394824,122.60889888968977,121.43211766982947,122.20730290478984,683
2024-01-02 05:05:00,121.83115829997703,123.01781689024295,121.29249140927088,122.06671449897694,510
2024-01-02 05:10:00,123.18807867099036,123.6600435964353,122.7639932113747,122.78199536388925,941
2024-01-02 05:15:00,121.11895428041656,121.65459396741299,121.06699764460656,121.82150633996376,408
2024-01-02 05:20:00,122.1917073915236,122.59421427107416,121.98670391601539,122.01664434052616,828
2024-01-02 05:25:00,121.47310270492265,121.3550750938112,120.59301058795504,120.98132747113479,801
2024-01-02 05:30:00,121.98759218259823,122.11062302009658,121.74298073553267,122.01459801361143,139
2024-01-02 05:35:00,122.49726093713022,122.76257742183613,122.11200851021698,122.63751372505885,256
2024-01-02 05:40:00,120.78408380380269,121.13332301436961,119.89166077412592,120.88949689646392,799
2024-01-02 05:45:00,121.82890871447258,123.04459897380752,121.82777821554039,122.04018311135427,148
2024-01-02 05:50:00,121.80099717148285,122.13238466520222,121.25878674254496,121.51782662735319,651
2024-01-02 05:55:00,121.87529693692218,122.46364496448183,121.12331456110013,122.1624965879941,472
2024-01-02 06:00:00,121.98273376168893,122.09142496890206,121.2267403226024,121.96230372097621,114
2024-01-02 06:05:00,120.89754482057371,121.42601648001795,120.4711223061289,120.45918778882356,719
2024-01-02 06:10:00,121.65820859849327,121.4472713704155,120.47484371498689,121.14162378784035,984
2024-01-02 06:15:00,121.09816585861836,121.747412756654,121.6065182968181,121.6318301754638,744
2024-01-02 06:20:00,120.89124137207403,121.04069541698034,120.9015844729797,120.60116499948,784
2024-01-02 06:25:00,122.49705756894743,123.08722869194762,121.42634275740598,122.36849033673154,411
2024-01-02 06:30:00,121.94258716722314,122.99909769576816,122.0214164051719,122.2846286282822,391
2024-01-02 06:35:00,122.36317848958531,123.17790819903597,121.8609948938838,122.757156944647,636
2024-01-02 06:40:00,123.21241846278905,123.90086891685694,122.83116395313863,123.29909155806605,600
2024-01-02 06:45:00,123.8558868196489,124.21178197075174,123.37463674755051,123.69840596588091,559
2024-01-02 06:50:00,124.97511714342163,126.32544160771346,124.67433831877698,125.3829746468719,305
2024-01-02 06:55:00,126.7130133170415,127.35172090084947,125.70080158739285,126.45147761517248,170
2024-01-02 07:00:00,124.77841516951266,125.58790047670122,124.15867544909814,124.48815065819213,583
2024-01-02 07:05:00,123.36401370967782,123.83750509648428,122.6297493496299,123.32433065567619,305
2024-01-02 07:10:00,122.80472388673101,123.68061983379759,122.78385121317525,123.0022949288466,715
2024-01-02 07:15:00,122.11615485692087,123.11363098871746,121.3026634512517,122.35456469775082,329
2024-01-02 07:20:00,122.29900046844728,122.2435010604566,121.61165757171021,121.93049440471155,664
2024-01-02 07:25:00,121.85508260014866,122.36861755973545,121.00504075445313,121.75277345148184,885
2024-01-02 07:30:00,121.88025445091752,122.15078940130198,121.45773016392543,121.44868555922591,461
2024-01-02 07:35:00,121.25585430411417,121.42512351583957,120.95707948318919,121.39101894105025,643
2024-01-02 07:40:00,120.55875414478375,120.68743522538074,120.13145939404323,120.42620622335296,142
2024-01-02 07:45:00,120.68622457012683,121.24030570856402,119.89324525227431,120.97446969865821,791
2024-01-02 07:50:00,122.2513949748245,122.87387229824519,121.76974614872596,121.99557242110177,844
2024-01-02 07:55:00,121.09499135505979,121.51269765731595,120.02860772442915,120.78060148123066,338
2024-01-02 08:00:00,121.88693673326516,121.96507546628706,121.71394532119336,122.0066462735286,578
2024-01-02 08:05:00,122.06721326184616,122.39533912696405,121.13500070747236,122.23433584723362,279
2024-01-02 08:10:00,122.250295472583,123.17625970560708,121.88026547235238,122.33917566479522,573
2024-01-02 08:15:00,121.82584862895209,122.31582928537995,121.66273184370773,122.00959638159758,669
2024-01-02 08:20:00,120.9466607985803,121.51055410629736,120.77487246361815,120.80081483794955,209
2024-01-02 08:25:00,120.96906098189535,121.24844417278901,120.35909911608783,120.35529110938445,945
2024-01-02 08:30:00,120.7012522930145,120.75202803096843,119.24263385043382,120.18210815844445,829
2024-01-02 08:35:00,120.39489672500466,121.07884201572722,119.84363023124133,120.45652495281114,932
2024-01-02 08:40:00,119.8760169259346,120.00302784925918,119.14837209972985,119.53390141981848,697
2024-01-02 08:45:00,120.78123245081109,120.90163137152037,120.69584059481461,120.55277577722202,772
2024-01-02 08:50:00,119.27216282911895,119.80359123443449,119.40660827174096,119.76636363364572,545
2024-01-02 08:55:00,118.09349158222375,118.63581860005034,117.98816516503241,117.94460840674486,729
2024-01-02 09:00:00,117.37745993453308,118.24514711813683,116.7449912696312,117.33188410295783,447
2024-01-02 09:05:00,119.12577702864186,119.97033601454062,118.26614648125143,119.13509938488394,850
2024-01-02 09:10:00,121.17673035579311,121.50760435273371,120.23615969310937,120.84330857530131,345
2024-01-02 09:15:00,121.5562930839119,121.74041991701512,120.64466557173306,121.39306882128105,414
2024-01-02 09:20:00,123.41378354208204,124.23982230814916,122.62103300473258,123.57725563403577,249
2024-01-02 09:25:00,121.05761263253859,121.13087657057258,120.43391281720707,121.23463605950295,584
2024-01-02 09:30:00,123.16838628899329,124.17072906813233,123.03385201647208,122.85642221066334,964
2024-01-02 09:35:00,125.12263260068497,125.84561418979786,124.1124810328968,125.21752491104141,631
2024-01-02 09:40:00,123.41605146167926,123.89002166444034,122.7592051142335,123.48163106636355,872
2024-01-02 09:45:00,122.10659326929063,123.05201808513908,121.414320105286,122.19199900470961,890
2024-01-02 09:50:00,121.89695646080968,122.56628005726046,121.65112747541855,122.01160447663253,518
2024-01-02 09:55:00,121.59325300522073,121.67184725275165,120.86078603940167,121.35945224176335,893
2024-01-02 10:00:00,120.21904760212014,120.54660349727676,119.71243780321893,120.1866445194919,805
2024-01-02 10:05:00,120.64705424051262,121.30155961853889,120.42475398243639,120.38721727333699,372
2024-01-02 10:10:00,120.0426440899355,120.68573886569092,119.26688832199662,120.03647254428729,232
2024-01-02 10:15:00,120.94062895709568,121.5219281928034,120.5392419639427,120.96042403572777,655
2024-01-02 10:20:00,121.61331741936887,122.34289382692035,121.238434781201,121.96540765649995,718
2024-01-02 10:25:00,121.41912672908433,121.78412079166418,121.0487602098171,121.62192848264677,473
2024-01-02 10:30:00,120.45611901877456,121.06772882307443,120.13980270086661,120.89934163117327,271
2024-01-02 10:35:00,120.24757204027404,120.84328632682585,120.16928797431736,120.04008567802093,651
2024-01-02 10:40:00,118.95721983482726,119.02605567291135,118.32694065338225,119.0708302450167,948
2024-01-02 10:45:00,118.7918667741922,119.58357971107486,118.37284841294053,118.53775252477377,118
2024-01-02 10:50:00,117.66977835451507,118.7576451188228,117.20033363045998,117.65205395345795,667
2024-01-02 10:55:00,118.2991056720898,118.77729003350856,117.82039180338482,117.87504270078105,572
2024-01-02 11:00:00,117.26449520192566,117.28832676114823,116.35220472097397,117.339388110237,109
2024-01-02 11:05:00,118.31647980084836,118.61324673851912,117.57583915563781,117.967128873565,202
2024-01-02 11:10:00,118.83671763666801,119.65915901353496,118.10224474936854,118.66466079847453,494
2024-01-02 11:15:00,119.24368939471216,119.37959785667054,118.96369650745146,119.2904506828308,382
2024-01-02 11:20:00,119.340413970967,120.16522991313965,118.45112944370831,119.06252737347842,745
2024-01-02 11:25:00,118.52274157456787,119.62350112818872,118.12321938105597,118.28791852141006,331
2024-01-02 11:30:00,120.85205914608885,121.59169523524274,120.71490045495686,120.89226612867965,907
2024-01-02 11:35:00,120.36710427113087,121.06409797714993,119.18621235001768,120.24643716387298,998
2024-01-02 11:40:00,118.49960971021345,118.7388381725234,118.63940276362379,118.92135930071838,450
2024-01-02 11:45:00,117.73908836869357,118.25725379614221,117.40169014775184,117.54106184674202,631
2024-01-02 11:50:00,116.75312003320127,117.60544390462495,116.04834585900058,116.90337828897141,517
2024-01-02 11:55:00,117.36566415840089,117.72688331895355,116.86412704239831,117.60813315809989,260
2024-01-02 12:00:00,117.95335913116143,118.07053554286055,117.44829136104889,117.6693035909706,688
2024-01-02 12:05:00,116.7416449997454,117.32987935922644,116.03693662240806,116.73724440427652,136
2024-01-02 12:10:00,115.08888936301099,115.5141381048016,114.8910050453721,114.85901164251506,936
2024-01-02 12:15:00,114.69883886768801,114.77796775894095,114.12884226710331,114.87787322066801,667
2024-01-02 12:20:00,116.29563916157686,115.98609067139563,115.09144877600018,115.96601397140799,175
2024-01-02 12:25:00,116.39651890715606,117.03329227064218,116.16938577060203,116.71559996124024,229
2024-01-02 12:30:00,116.76833399991708,116.91514863527445,116.28218850828051,117.3090232325905,476
2024-01-02 12:35:00,115.5797279829942,116.56516947041918,115.41955204356037,116.01489171086678,247
2024-01-02 12:40:00,115.36891327656706,115.73339182920994,114.59461485704111,115.83743022322857,225
2024-01-02 12:45:00,115.15812183039635,115.51067847862915,114.7464229247688,115.18653439881514,143
2024-01-02 12:50:00,112.98891740043665,113.44244733224144,112.29683370331945,113.00273467857619,548
2024-01-02 12:55:00,111.31752897616305,112.32211811720042,110.66198019736477,111.6874754437601,567
2024-01-02 13:00:00,110.87688131462643,111.48599812651173,110.86593837346881,110.86803198139202,774
2024-01-02 13:05:00,110.71097882018313,111.64159996004804,110.11719277589035,110.64054638696058,886
2024-01-02 13:10:00,110.75427457788788,110.97623716441,110.11219180428826,110.64746672553862,137
2024-01-02 13:15:00,110.05646962656492,110.62614195093654,109.25526928474058,109.99360825663436,314
2024-01-02 13:20:00,109.21497751079606,109.36760920428537,108.64645748603027,109.33176495583825,563
2024-01-02 13:25:00,110.07278483407946,110.30465586502339,109.0309762819611,109.71448129111792,843
2024-01-02 13:30:00,111.68125296595804,111.72582935050943,111.08401247658715,111.37765147574304,963
2024-01-02 13:35:00,112.00423561345409,112.45263702255174,111.95107013289103,111.8694254107587,489
2024-01-02 13:40:00,112.21566845137305,112.74328172098328,111.83938051241289,112.13550595499697,108
2024-01-02 13:45:00,112.97524843805691,113.63535631989322,112.7063727055629,113.20568520477059,123
2024-01-02 13:50:00,112.03828505158985,112.56048790070535,111.67312404768275,111.7236845775614,244
2024-01-02 13:55:00,111.01445284121631,110.98019153909826,110.56346551872832,110.58853221267132,828
2024-01-02 14:00:00,111.9225223540265,112.46218281656223,111.28855555760937,112.35583353428451,686
2024-01-02 14:05:00,112.7161265857238,113.38899483691839,112.35580728259923,112.6013632688466,130
2024-01-02 14:10:00,112.21791904362661,113.14916410361161,111.6871614596913,112.12470094716338,238
2024-01-02 14:15:00,110.88142757415164,110.78917110687338,110.0848975595065,110.5721687328602,589
2024-01-02 14:20:00,111.11221279556182,111.17883951967649,110.5773009649877,111.01066777306137,248
2024-01-02 14:25:00,108.80059219973849,109.27545502360226,108.75442617728478,108.45665999545663,748
2024-01-02 14:30:00,108.49880109436769,108.94612479201457,108.44060532462616,108.80077777692492,433
2024-01-02 14:35:00,108.59243500437803,109.43998098221658,107.83898825629929,108.42266597970463,444
2024-01-02 14:40:00,108.22847991071276,109.14109450446985,108.19066180156717,108.76655019042373,478
2024-01-02 14:45:00,107.92784426076143,108.85978081948664,107.67992979743953,108.20085666431545,738
2024-01-02 14:50:00,107.69194791554611,108.25984468672338,107.28115109213371,107.38778429586759,687
2024-01-02 14:55:00,108.19316102188354,108.85375284155417,107.6825232924868,108.1131019574077,308
2024-01-02 15:00:00,107.8755810674548,108.33149767087455,108.04096912941078,108.59323032738568,311
2024-01-02 15:05:00,108.52234327490133,108.6804239865879,107.48742870913662,107.85372777749208,136
2024-01-02 15:10:00,108.89724694142834,109.45946436687481,108.23878001592007,108.70598550691676,519
2024-01-02 15:15:00,108.73203873801519,109.27720935336345,108.3801480257324,108.88303915732892,479
2024-01-02 15:20:00,107.38914611088606,107.92992960775962,106.70791511664655,107.17859803922961,554
2024-01-02 15:25:00,107.97852237641807,108.84741786796322,107.79752646181159,107.78324886442326,487
2024-01-02 15:30:00,107.61412064284951,107.9943584256973,106.47212405142515,107.42463219916013,213
2024-01-02 15:35:00,106.05585888989263,106.16790973197506,105.57370028639983,106.30865000051308,293
2024-01-02 15:40:00,106.99612280694855,107.46792913087761,106.21729201271111,107.01608399742817,460
2024-01-02 15:45:00,105.72956167333082,106.67423450327,105.56431007895293,105.33480794629773,564
2024-01-02 15:50:00,108.45461101859178,108.82345680504795,107.49337930738972,108.04732747683985,754
2024-01-02 15:55:00,108.72874696383784,109.66400539225785,108.02892131692562,109.01877061377101,847
2024-01-02 16:00:00,109.07226666833694,109.14868651243526,108.36610355220786,109.1672338593307,905
2024-01-02 16:05:00,109.97945511370824,110.29739486369837,109.60252563161139,110.04211243393526,515
2024-01-02 16:10:00,109.50059857998886,109.70037639340835,108.96900093710701,109.41294423489235,482
2024-01-02 16:15:00,109.88358564631106,110.56029019132156,108.84133823321132,110.06003216068977,869
2024-01-02 16:20:00,110.83658419998231,111.84693755353388,109.92847084824888,110.71146077316564,833
2024-01-02 16:25:00,113.13965335728567,113.4068916162856,112.52573165319642,113.27463829952173,305
2024-01-02 16:30:00,113.69626758646791,113.97246560981145,113.68900770830811,113.7908962267411,936
2024-01-02 16:35:00,111.86106589955811,112.47589576167186,111.44812644730014,111.64145366441812,556
2024-01-02 16:40:00,109.90231099443206,110.7346078847025,109.81580433126983,109.74648231166833,968
2024-01-02 16:45:00,108.94950177605651,109.51858276743278,108.87553348246338,108.90141119958194,824
2024-01-02 16:50:00,110.84870475438974,111.42957668762547,110.38744225224072,109.88902894578047,261
2024-01-02 16:55:00,109.31512810996496,110.14348899086309,109.40094061452596,110.23049006519157,520
2024-01-02 17:00:00,110.497405980737,110.58253623505415,109.92594759555804,110.59458144045266,282
2024-01-02 17:05:00,111.44976085039553,111.92113131786698,111.29357789251912,111.5394928327212,667
2024-01-02 17:10:00,110.8719848291686,111.33976839612835,109.66579219715122,110.73772067939144,707
2024-01-02 17:15:00,110.52549008142475,110.80515845236846,110.39753394474378,110.40920926946463,282
2024-01-02 17:20:00,110.76430257336305,111.59017160810589,110.19663814868436,111.09336192246018,199
2024-01-02 17:25:00,112.21214040597692,112.00544423468548,111.39121947281014,111.92270630754115,626
2024-01-02 17:30:00,110.15527997270242,111.2133830460683,110.28974804499646,110.38030163031742,135
2024-01-02 17:35:00,110.4687994401366,111.04885710654824,110.4697903398546,110.61307166617536,473
2024-01-02 17:40:00,109.25238993813434,109.49486508843782,109.05348179980236,109.28309891082529,962
2024-01-02 17:45:00,111.31777503650723,111.8758788857359,111.04617439967619,111.20279863267928,488
2024-01-02 17:50:00,111.0728685688181,110.761567182339,109.81009006715134,110.81136608672753,669
2024-01-02 17:55:00,109.90103996153793,111.00353133962575,109.40834925173722,110.27628185810552,179
2024-01-02 18:00:00,107.36717396660293,108.24292406444282,107.16216112511174,107.34786291771411,350
2024-01-02 18:05:00,107.57863759364407,108.51695942736839,107.69253010372879,108.2537916967387,879
2024-01-02 18:10:00,109.02713511915121,110.02221065154872,108.49793410338509,109.10765374632808,711
2024-01-02 18:15:00,108.87237069096653,109.24719450377789,108.13624215824947,108.83825225725936,606
2024-01-02 18:20:00,108.93950474143185,110.07758484935515,108.69856091762617,108.9985940958059,410
2024-01-02 18:25:00,109.31780486484544,110.09436811108161,108.85519161017613,109.5804640043147,418
2024-01-02 18:30:00,110.19258416206976,110.07807966219065,109.52033453397117,109.66668965218102,957
2024-01-02 18:35:00,109.10485205470876,110.0168080269524,109.18546225690689,109.34549577900401,346
2024-01-02 18:40:00,109.46364880620956,109.67166943007939,108.6278373509554,109.24615077777854,405
2024-01-02 18:45:00,110.43681289446772,111.05640470895095,109.22977375728135,110.0659466412856,255
2024-01-02 18:50:00,111.68544478173695,111.55897677473084,111.02878585497572,111.26055345391805,906
2024-01-02 18:55:00,113.222088479243,113.69362006066976,113.31054540892914,113.04906691715534,848
2024-01-02 19:00:00,112.76831834834934,113.07922342879095,112.3948781614529,112.61258207300878,110
2024-01-02 19:05:00,111.05988111712149,111.11658301957127,110.72898324228781,110.82615467552483,673
2024-01-02 19:10:00,112.45692235729977,112.03500671608221,111.56918702163298,111.75277559471532,645
2024-01-02 19:15:00,110.66520557256052,111.62107515781305,110.39566412138043,111.07200112661646,823
2024-01-02 19:20:00,110.39689019412965,111.12670674246797,109.90789993947652,110.49764328354783,829
2024-01-02 19:25:00,111.64376190017887,111.52951443877139,111.03137741051371,111.20624676905756,785
2024-01-02 19:30:00,112.58066042090364,112.6392858786348,111.86407716395136,112.46853213267627,987
2024-01-02 19:35:00,112.70510240920704,112.6909272956588,112.0168678922851,112.67955484646615,600
2024-01-02 19:40:00,113.87813489759414,114.29285241409275,113.08875694607781,113.69111344488572,248
2024-01-02 19:45:00,113.37747607229028,113.56137917690003,112.45772111438637,113.23366305364662,846
2024-01-02 19:50:00,112.89292613228477,113.65703413966499,113.02661086694266,112.89447991780506,606
2024-01-02 19:55:00,113.31389198094125,113.97425772813749,113.02144703108529,113.31149628883824,931
2024-01-02 20:00:00,113.21792970332793,113.37086420022862,112.14436180147862,113.1858441719896,917
2024-01-02 20:05:00,111.11526283216523,111.59694203126351,110.5592871028955,110.92574499584178,194
2024-01-02 20:10:00,110.80041133938985,111.5420548412218,110.85373420722375,110.9681951872586,198
2024-01-02 20:15:00,110.60059720655475,111.07481278218663,110.61628757557446,110.96790874889042,250
2024-01-02 20:20:00,110.82307430941945,111.9019219277904,110.41150261241928,110.68855693301003,168
2024-01-02 20:25:00,111.49214363888197,111.73934732558018,110.87746236048962,110.92885400696007,131
2024-01-02 20:30:00,109.81880469092586,110.2556884267446,108.88587186786567,109.75927920968287,598
2024-01-02 20:35:00,109.19320643591601,110.39790667659945,109.13711023803953,109.37700713475661,905
2024-01-02 20:40:00,109.79720632480267,111.04255804131832,109.69875974971174,110.25033032545517,479
2024-01-02 20:45:00,109.58428049500235,109.94292476928915,109.54470772311767,109.80592161075508,139
2024-01-02 20:50:00,108.78125281880236,109.31253489223259,108.52457522691549,108.91825186968241,377
2024-01-02 20:55:00,109.47441574212353,109.75180824701374,109.04021909784939,109.55150445695631,825
2024-01-02 21:00:00,108.85115974637452,109.43598121158047,108.33744718976352,109.19512836807598,928
2024-01-02 21:05:00,110.51229858990193,111.28147468330309,109.90513004791752,110.62229453420525,443
2024-01-02 21:10:00,112.29195621805013,112.51518806833386,111.8488987443046,112.28656039603786,787
2024-01-02 21:15:00,111.20824134691868,111.64498619049635,111.10120309536771,111.27599093645854,374
2024-01-02 21:20:00,111.85482646511657,112.03045647909718,111.48439552472736,112.03921616710338,432
2024-01-02 21:25:00,112.71410023933282,113.77608633620164,112.43667441411664,112.8818946652347,174
2024-01-02 21:30:00,112.48651187340573,113.00344282708635,111.85945706790498,112.93759210143857,651
2024-01-02 21:35:00,110.75406101684192,111.08740594771916,110.42069480468093,110.61128071667487,624
2024-01-02 21:40:00,110.48778608586741,110.75283801217628,109.68634280352788,110.79071084574736,577
2024-01-02 21:45:00,111.2075803376079,111.55456387207663,110.80642931846513,110.94905478566326,912
2024-01-02 21:50:00,111.99739358216678,112.73703417966614,111.38945169033381,111.92757827732358,885
2024-01-02 21:55:00,112.29777441445859,113.51419009450476,112.38657135549359,112.863780736374,880
2024-01-02 22:00:00,112.21013218132387,113.18056506776502,112.10833215719846,112.99294337222587,261
2024-01-02 22:05:00,114.3644256536369,114.19451395378921,113.32657051190398,114.14116345177781,520
2024-01-02 22:10:00,114.82916462776369,115.09245369332807,114.76814326940588,114.87814360670556,355
2024-01-02 22:15:00,116.8496161905632,116.98663544112617,115.64041109874825,116.32090970006728,867
2024-01-02 22:20:00,116.91445440148793,117.09903274230331,116.42431989920061,117.38508960166389,169
2024-01-02 22:25:00,118.10325850989389,118.48334710918272,117.04298284373272,117.63385034436347,398
2024-01-02 22:30:00,118.27391258239356,118.9194183183897,117.92106384849397,118.83745240055704,216
2024-01-02 22:35:00,116.04287545138521,116.50692845875534,116.13334629933469,116.52407862140865,591
2024-01-02 22:40:00,116.52022450684748,117.55089474430582,116.09899389141464,116.35921258238861,330
2024-01-02 22:45:00,116.49014373468171,117.32820381109373,116.36287770422474,116.38736884527991,494
2024-01-02 22:50:00,115.54420010354337,116.0290670294716,115.11186560464293,115.34767455514672,241
2024-01-02 22:55:00,113.58939182063013,113.76290455560543,112.73110727282908,113.38724022607244,617
2024-01-02 23:00:00,115.11588995578505,116.41256939823711,115.15358125989141,115.23981137905784,877
2024-01-02 23:05:00,115.57372867732676,115.47815593870733,114.68342064768534,115.76029155495877,379
2024-01-02 23:10:00,114.81406888389645,115.28642235521392,114.60252189877241,114.65314574828572,391
2024-01-02 23:15:00,114.80189512441326,115.80450543180989,114.18596597894442,114.90038154641347,883
2024-01-02 23:20:00,115.56140059415027,116.00569211826598,114.88031094237871,114.77826332229351,994
2024-01-02 23:25:00,115.98574319607998,116.84334460151707,115.69468408232956,115.63758965510273,395
2024-01-02 23:30:00,115.01274712976026,115.25864734125504,114.20161683151402,115.19477274177268,104
2024-01-02 23:35:00,113.39943296269348,114.3736009923615,113.37899325165608,113.40489530548379,209
2024-01-02 23:40:00,113.76336002011548,114.37954283863783,113.74576920908066,113.7027026489594,515
2024-01-02 23:45:00,112.87045008533441,114.05628717618103,112.37947208774543,113.11916503253826,515
2024-01-02 23:50:00,112.95931954104579,113.17066049873499,112.24148882965942,112.65890691119927,709
2024-01-02 23:55:00,113.39961098615198,113.40433807072822,113.02142085287424,112.94846937185486,751
2024-01-03 00:00:00,111.63250329190585,112.14097590675362,111.05679252654699,111.53466700015508,379
2024-01-03 00:05:00,111.27842222775091,111.77511192006402,111.00135854274068,111.31222390199864,530
2024-01-03 00:10:00,111.50078776549117,112.2314695717553,110.58707247159897,111.3612873188336,160
2024-01-03 00:15:00,111.91607308994526,112.37675863925814,111.29612297874071,112.13481927563473,357
2024-01-03 00:20:00,111.9738080017886,112.14084742560388,111.74992592742164,112.0596827328723,177
2024-01-03 00:25:00,111.22373242310596,111.62053615749358,110.7044480688403,111.23021557635417,234
2024-01-03 00:30:00,112.77511730095122,113.89945499676195,112.96036345015816,113.0068954304625,124
2024-01-03 00:35:00,113.18228180266594,113.2302480907212,112.42046135112801,113.24712092787885,968
2024-01-03 00:40:00,113.1162994466588,113.20059759147627,111.78241585654952,112.7513224051465,583
2024-01-03 00:45:00,114.92064959730666,115.02860036345055,114.15027411507964,114.79385377690703,205
2024-01-03 00:50:00,112.5149815740339,112.52443386294352,112.32917512063366,112.34321261752221,318
2024-01-03 00:55:00,114.47625314190908,115.0422674469213,114.43423154586124,114.82821947171084,511
2024-01-03 01:00:00,112.81196921916138,113.5738860892566,112.07838852567893,112.52677697109866,677
2024-01-03 01:05:00,112.88832405477021,113.04651514451571,112.8223148754097,112.82741645254465,771
2024-01-03 01:10:00,114.3367271601648,114.57285031517968,113.43176033828605,113.85776605966703,793
2024-01-03 01:15:00,114.02850518204775,114.81109028941133,113.26271971350064,114.02828561160416,998
2024-01-03 01:20:00,116.2119444418762,116.91359207030126,115.89424930924808,116.33550579898993,665
2024-01-03 01:25:00,114.80230556801428,115.72618684899291,114.66490486059435,114.70531654897587,364
2024-01-03 01:30:00,113.66242013484752,114.91722747620194,113.24603028716425,113.7616348002415,564
2024-01-03 01:35:00,113.78962862247444,114.56851902825714,114.03745704071403,113.94718910501568,670
2024-01-03 01:40:00,114.62972030244643,115.10884555046913,113.9446322836547,114.22481386806604,450
2024-01-03 01:45:00,113.86730494740443,114.1523278305719,113.20666949104374,113.72100883767492,760
2024-01-03 01:50:00,113.67216162898926,114.01788158050331,112.60260602023476,113.91756136358693,869
2024-01-03 01:55:00,112.99517925877784,113.60620333369742,112.7504384932303,113.2662657314861,193
2024-01-03 02:00:00,113.79806312117098,114.25048246552508,113.63348028020584,113.60901002883737,941
2024-01-03 02:05:00,114.10144865871483,114.7382234589949,113.47165771372002,114.63512585553575,855
2024-01-03 02:10:00,113.19480556820032,114.38336409382158,112.61132082267669,113.73403442247141,788
2024-01-03 02:15:00,113.23975839006368,113.78822444227752,112.84177954007828,113.75140835757863,676
2024-01-03 02:20:00,113.23699017468593,114.27623055559555,112.32976183372477,113.48804104586772,335
2024-01-03 02:25:00,112.10252686422601,112.01490746642816,111.10579218918281,111.70526752911326,596
2024-01-03 02:30:00,112.02613035412301,112.7708162085828,111.84928667262683,112.46112444519217,502
2024-01-03 02:35:00,111.83676347507415,112.55466101458566,110.77042844958744,111.75653890964244,612
2024-01-03 02:40:00,112.44084420845444,113.0465623404711,112.69510010114836,112.46306924069093,348
2024-01-03 02:45:00,110.95349223732012,111.08509045223265,110.86972395720099,110.86623819205933,116
2024-01-03 02:50:00,112.467269099304,112.74298502954424,111.43069801674353,112.10868582771958,885
2024-01-03 02:55:00,111.35253685088621,112.31810995605451,111.03053145615719,111.44926552595152,700
2024-01-03 03:00:00,111.15308536528171,111.08438999665879,110.25792932341452,111.24259058401188,212
2024-01-03 03:05:00,110.21501559876411,110.72196573477883,109.52399826182264,110.47779297834367,592
2024-01-03 03:10:00,112.63443734943115,113.13851163307595,112.44531802256121,112.83053474073925,722
2024-01-03 03:15:00,112.88477815375276,113.21923887615996,112.46748545984744,113.10115060145374,487
2024-01-03 03:20:00,110.87117864056276,111.74427443325138,110.453243376666,110.88562402139051,140
2024-01-03 03:25:00,110.58849539270598,111.58935794219775,110.56933457920744,110.39939019237079,345
2024-01-03 03:30:00,111.10294073773908,111.70783364761907,110.23936077328504,110.9682393601458,816
2024-01-03 03:35:00,112.25562236386857,112.13370253206153,111.35815932854672,112.29394618196804,310
2024-01-03 03:40:00,113.35570107972815,113.44386460586645,112.18320049449726,113.3116566454619,538
2024-01-03 03:45:00,113.39357363820967,114.31604825494449,113.12662935996134,113.64573216198744,360
2024-01-03 03:50:00,113.81510779012642,114.535449939736,113.14122609364301,113.68516316188908,972
2024-01-03 03:55:00,112.2692492304343,113.02062030526693,112.25760743728833,111.98979982258552,587
2024-01-03 04:00:00,112.61087538347405,113.66571249822616,112.57883250078096,112.88201339393528,450
2024-01-03 04:05:00,114.38488002612851,114.25258694630163,113.69727784039706,113.91104136825015,946
2024-01-03 04:10:00,114.46445222815773,114.5666554023971,113.6550884759152,114.64566821984131,924
2024-01-03 04:15:00,113.35042614174733,113.4868956603478,112.63999482358558,113.56981778849635,979
2024-01-03 04:20:00,112.62481114815901,113.57202366730638,112.05897560495916,112.9215371147453,524
2024-01-03 04:25:00,111.20925561303396,111.7200154387437,110.60453022607403,110.90977456162634,992
2024-01-03 04:30:00,110.83200545062068,110.95484664089476,110.61265572438957,110.76076550082564,976
2024-01-03 04:35:00,110.10642641125395,110.63858166492189,109.94017973559981,110.5027706522592,372
2024-01-03 04:40:00,111.62245860475225,112.53304937251205,110.91461672223059,111.74429132009121,588
2024-01-03 04:45:00,111.8731554309177,112.28140173366809,111.42211208626523,111.83385423931755,865
2024-01-03 04:50:00,111.79927127337588,112.23234050239559,111.01216030046456,111.35015094060944,636
2024-01-03 04:55:00,111.23494848698923,112.12936302184677,110.87399019552393,111.29030624814695,909
2024-01-03 05:00:00,110.38560441474804,110.5923375914817,109.73342695551351,110.6640510743401,741
2024-01-03 05:05:00,110.2946001236555,110.52896053523942,109.58646874575763,109.91451173755846,315
2024-01-03 05:10:00,110.38206056473885,110.74583526164471,109.68336398168057,110.17304622912404,939
2024-01-03 05:15:00,109.84934432011774,110.14692234173283,109.09209270841228,109.90027396449608,146
2024-01-03 05:20:00,108.78757536368543,109.72226097934964,109.1254220266958,109.18330106442416,776
2024-01-03 05:25:00,109.52712556974903,109.99055853099446,109.30532326871196,109.74861110599811,586
2024-01-03 05:30:00,109.67326265911733,110.17014661520089,108.89681246966522,109.94708910688148,999
2024-01-03 05:35:00,110.34926534126227,111.47479221164281,109.92752344043849,110.80717785299676,932
2024-01-03 05:40:00,110.99971687513117,111.7541510220263,110.08460699311183,110.72218905789666,344
2024-01-03 05:45:00,108.30520145314627,108.46986278360932,107.87552436904956,108.40303560182899,464
2024-01-03 05:50:00,108.67758384606314,109.5401664377745,108.5190847503366,108.41819472671862,256
2024-01-03 05:55:00,109.45364859903243,110.17190161261456,109.12367022937931,109.6181085812459,618
2024-01-03 06:00:00,109.04918116323601,109.90440389154762,108.43142013914981,108.95556301600338,796
2024-01-03 06:05:00,108.36239339955146,108.97454324491194,108.1210467939253,108.72677989974744,809
2024-01-03 06:10:00,109.64338097173571,110.60629126445454,109.31856221590971,109.55557456204195,944
2024-01-03 06:15:00,108.01421019377183,109.21374720015254,107.6871331516255,108.27850218802541,818
2024-01-03 06:20:00,108.55221803876623,108.83023635291622,107.55969111329577,108.4031411497001,545
2024-01-03 06:25:00,109.67189257224958,110.35095643629232,108.86730216205467,109.16286615271368,561
2024-01-03 06:30:00,110.33316487387222,110.06632096150797,109.38447982952567,109.89766963952225,374
2024-01-03 06:35:00,112.89300936189106,113.10238936416562,112.76760355930739,113.13642444167246,805
2024-01-03 06:40:00,111.17446490918869,111.52336971910599,111.06132780626707,110.73610214143217,371
2024-01-03 06:45:00,109.90413087650032,110.44389128452768,109.20958616290423,109.70501020918691,522
2024-01-03 06:50:00,110.0517476256223,110.09636354504829,109.33662285689763,109.896530504862,336
2024-01-03 06:55:00,109.81445563019689,110.36862413309646,108.9313389439398,109.45427466637123,322
2024-01-03 07:00:00,110.6282468490872,111.01112765369835,110.61844439481877,110.99867644352962,179
2024-01-03 07:05:00,110.89221637377716,111.46573538125473,110.02074434978053,110.45614055278686,876
2024-01-03 07:10:00,108.88331664606558,109.36393588798322,108.89186214395906,108.9235903020974,564
2024-01-03 07:15:00,109.06569098484508,109.6255345890552,108.5664174844856,109.54067841348876,195
2024-01-03 07:20:00,110.5812279674126,111.0938700798335,109.72633414015648,110.43976798176907,559
2024-01-03 07:25:00,111.15503276651293,110.94446168742829,109.87220776656613,110.36165266316249,267
2024-01-03 07:30:00,109.35018004406881,109.71781588059157,108.6245511910148,109.52534524351897,111
2024-01-03 07:35:00,111.96838056184494,112.42906491357485,111.19819873820065,111.98888183949127,352
2024-01-03 07:40:00,111.7470680516182,112.35607690024365,110.89489996824683,112.09646702073454,530
2024-01-03 07:45:00,110.01554230998299,111.06493725531818,109.50444805441984,110.26521797459031,109
2024-01-03 07:50:00,110.77581711437941,111.17696501371857,109.94532685869461,110.4127887195559,369
2024-01-03 07:55:00,110.58870841358473,111.3269623814653,110.71596783114315,110.89876141067012,911
2024-01-03 08:00:00,111.03098017168932,112.37379444014663,111.08657069103816,111.52341119376523,950
2024-01-03 08:05:00,111.93496663268996,112.86487190419419,111.90307820139438,111.95138078854234,257
2024-01-03 08:10:00,111.71025823325932,112.6187585079836,111.52383210166376,111.93512890446598,299
2024-01-03 08:15:00,112.45494705117177,112.39318643949369,112.21146465866504,112.28526910845136,548
2024-01-03 08:20:00,113.32787374170452,113.8543708366806,113.4497030328262,113.21459714396875,776
2024-01-03 08:25:00,112.953916193397,113.23423740147196,111.94975475450342,112.9681189168927,718
2024-01-03 08:30:00,113.43180333340098,114.12875090699394,113.35988366949671,113.15683079602843,610
2024-01-03 08:35:00,111.85946955260778,112.35597085200023,111.69421108332747,111.38239029025411,354
2024-01-03 08:40:00,112.77714058623388,113.80327400549601,112.57224413547495,113.10472138889165,714
2024-01-03 08:45:00,113.28358271728037,113.72446609953252,113.19747858360358,113.53523359924334,387
2024-01-03 08:50:00,114.72351730489747,114.93753285559983,114.05158804228317,114.77763808717204,424
2024-01-03 08:55:00,114.76450634674036,115.1060974750931,114.4771984267009,115.08685561653992,191
2024-01-03 09:00:00,114.64113874906616,114.9397079306077,114.52517710253584,114.82595642699715,737
2024-01-03 09:05:00,114.6015749950042,115.66468863623409,114.10311666022777,114.50102482968327,239
2024-01-03 09:10:00,113.78726104829406,115.09147565084626,113.50410268415571,114.15950079016405,602
2024-01-03 09:15:00,116.02833928126603,116.16492923594082,115.65210123537926,115.76357614551068,876
2024-01-03 09:20:00,114.79336471693182,115.2918913868466,114.39121151644868,115.05470951653224,990
2024-01-03 09:25:00,116.72428439061167,117.2167186685143,116.04758568129728,116.32154139420291,969
2024-01-03 09:30:00,117.87803328783693,118.55642399702357,116.78719990977268,117.64330197367075,753
2024-01-03 09:35:00,116.21426390917063,116.65755293448146,115.96405651155102,116.53560264296841,181
2024-01-03 09:40:00,117.26193079526462,117.46793464338133,116.76514224011889,117.24056106403305,577
2024-01-03 09:45:00,116.9402468119536,116.82884934475452,116.48912533237116,116.76748656753226,749
2024-01-03 09:50:00,115.93180272721038,116.16488314899273,115.2129161493708,116.19681743361073,466
2024-01-03 09:55:00,114.87617037351808,115.6384956106956,115.18937809370576,115.1095337175661,477
2024-01-03 10:00:00,115.1780529718304,115.65298079318174,115.09311163743864,115.423343289843,318
2024-01-03 10:05:00,117.16789593029169,117.41911921825388,116.84719184558323,116.92807682406065,851
2024-01-03 10:10:00,119.02298526053004,119.6155497855573,118.10617370973277,118.62960805607487,145
2024-01-03 10:15:00,118.57043497058676,118.97063567726985,118.36688410528099,118.54178022344888,633
2024-01-03 10:20:00,118.29561770040242,119.01436637465036,118.54369103458217,118.12093317290673,175
2024-01-03 10:25:00,120.43414249023154,121.5757373320075,120.630580699494,120.91230392948354,590
2024-01-03 10:30:00,119.07236445877425,120.30348603387742,118.8346618015539,119.34245199012504,291
2024-01-03 10:35:00,119.8714445546759,120.29434747038881,119.39908424135697,119.69893366025859,348
2024-01-03 10:40:00,118.52972268746841,119.32772006528121,118.06938764517787,118.37492679987619,238
2024-01-03 10:45:00,116.18993853253039,116.39249292704895,115.26469407005229,116.57665293507824,676
2024-01-03 10:50:00,115.12218859989657,115.78236460296215,114.0327759716866,115.12239662733776,616
2024-01-03 10:55:00,115.34650648971211,115.73119497677169,114.25854236412037,115.06781396847835,980
2024-01-03 11:00:00,115.75486032575753,116.9997795732369,115.93198518664312,116.10935803617876,696
2024-01-03 11:05:00,116.65972377925424,117.38642389624887,115.72757148383104,116.29672667231229,351
2024-01-03 11:10:00,116.21425281529831,116.79694055448074,115.4705285573581,116.28945439760403,393
2024-01-03 11:15:00,117.85782517183596,118.58841884687016,117.72168946902727,118.02178851824877,903
2024-01-03 11:20:00,117.17581081828999,117.82089868689108,116.42141564961366,116.76013679496248,923
2024-01-03 11:25:00,117.79836043898973,118.04830406789156,117.04236069786273,117.6867698659949,140
2024-01-03 11:30:00,119.03188396466732,119.4402896062339,117.98007382301759,118.5981000403009,798
2024-01-03 11:35:00,120.27000854983613,120.9618532882488,120.00746924992461,120.07545220905966,640
2024-01-03 11:40:00,121.31327528578448,121.6883286736678,120.41163638437047,120.8492027179269,621
2024-01-03 11:45:00,123.03086516958722,123.76017573992397,122.72488241535854,122.67593986875245,704
2024-01-03 11:50:00,121.62053020733302,122.43891894772227,120.97410452491377,121.37453774478024,318
2024-01-03 11:55:00,122.06705908148405,122.86647065299327,121.70559660962508,122.39145478299432,600
2024-01-03 12:00:00,122.14363349030918,122.39392711808856,121.46154733385664,121.55964434270935,128
2024-01-03 12:05:00,120.92409044078614,120.97535649216955,120.30443777425715,120.68740853166217,151
2024-01-03 12:10:00,119.01420475460932,119.81578303604576,118.29569979935059,119.17218207862454,175
2024-01-03 12:15:00,119.5997990266472,120.4258845121718,119.21367007315202,119.9864137045257,532
2024-01-03 12:20:00,119.95869124359359,120.58996346894696,118.75806710164827,119.66698886145207,899
2024-01-03 12:25:00,120.2402259850214,119.99104471979223,119.02872753616316,119.84555629488386,582
2024-01-03 12:30:00,119.94583657875033,120.55309278168085,119.89063605333281,119.98997808667883,307
2024-01-03 12:35:00,121.19307975358595,122.14025042440544,120.92561366518268,121.53864002474876,983
2024-01-03 12:40:00,121.45278025332905,121.46927887466484,120.84255653031123,121.15941735891121,666
2024-01-03 12:45:00,121.7127786127426,121.78180620730707,120.70128856410014,121.45695099385917,494
2024-01-03 12:50:00,122.81379856083794,123.4233292508925,122.19782946393036,122.51670184177215,849
2024-01-03 12:55:00,121.64406440544573,122.32957880066343,120.77363389236149,121.38599590198936,968
2024-01-03 13:00:00,122.50240813135375,123.49169195028817,122.24623229778129,122.57828592737211,298
2024-01-03 13:05:00,121.63253485232565,122.14300774369109,121.38433499103022,121.26692397599965,176
2024-01-03 13:10:00,120.66473973048338,120.81050195426432,119.6331984412667,120.74594363775012,753
2024-01-03 13:15:00,120.33213627478978,121.30304970798429,120.3961944406369,120.93004426636352,430
2024-01-03 13:20:00,119.84546167003386,120.73675732875297,119.71801366845509,120.38584105042501,686
2024-01-03 13:25:00,120.6199677737505,120.68964269448834,120.05936078892186,120.85880507752633,653
2024-01-03 13:30:00,119.08385265324331,119.04538014649492,118.36407670076213,118.83008626873175,141
2024-01-03 13:35:00,119.5710834122098,119.60673266260522,118.71927091626638,119.61807600284767,260
2024-01-03 13:40:00,120.11183445204281,120.10947569618874,119.24547743153533,119.7027512540011,885
2024-01-03 13:45:00,120.04770318241859,120.9389848126482,120.2708372454655,120.39704491405502,163
2024-01-03 13:50:00,120.8168455299505,121.57212459333032,120.76192489459187,121.5173512837599,764
2024-01-03 13:55:00,118.98508921550233,119.12048691555142,118.44552872889028,118.61877793813998,370
2024-01-03 14:00:00,116.55759645062541,116.5292451474793,116.21120448856844,116.1437521191802,104
2024-01-03 14:05:00,117.77590163807406,118.25023069413325,117.28760171817792,118.23515342989553,451
2024-01-03 14:10:00,118.01331166427391,118.76622545955802,117.67077074394017,118.23956371618326,188
2024-01-03 14:15:00,117.48396836443149,118.47021130342374,117.3909798234007,117.67429368333868,409
2024-01-03 14:20:00,118.34198960129793,118.81212707900849,118.25384583140064,118.24505782316571,984
2024-01-03 14:25:00,118.55256220214625,119.49911993407984,118.15288967505526,118.35879851787305,230
2024-01-03 14:30:00,118.86915277036327,119.84844343063851,118.72062966393818,119.12914268638383,572
2024-01-03 14:35:00,117.84400552146141,118.31298066806161,117.50178024929171,117.80146124532281,247
2024-01-03 14:40:00,116.89614016393288,116.94828884020976,115.7777367086922,116.72288783413498,432
2024-01-03 14:45:00,115.7179364878712,115.90564095141178,115.0956261200341,115.78327559980167,860
2024-01-03 14:50:00,115.13698625989447,116.12199527147116,114.56118282531929,115.37910580696943,572
2024-01-03 14:55:00,114.9354685229988,115.04578776786953,114.7685499483436,114.71261004337872,200
2024-01-03 15:00:00,113.28758828939883,113.4556352541167,112.65350845096867,113.15488680254946,630
2024-01-03 15:05:00,114.05520150516075,114.64952900725906,113.55392913934502,114.32369659147824,135
2024-01-03 15:10:00,115.4547006479359,115.5448679742939,114.9535649620128,115.09358659282775,241
2024-01-03 15:15:00,115.43914544847853,115.53234098576911,114.50429802073332,115.25010704516046,630
2024-01-03 15:20:00,114.83209131464517,114.86331424286526,113.82679586732898,114.34417461220903,345
2024-01-03 15:25:00,114.18503472596691,114.7158507316022,113.88140883132357,114.06691741817698,352
2024-01-03 15:30:00,113.10291539788462,113.86641524275893,112.68163804519787,113.13347741516279,768
2024-01-03 15:35:00,113.41994077360741,114.54713436254764,113.25069459853303,113.71190295205673,753
2024-01-03 15:40:00,114.6927154119679,114.64300702929654,114.0152553258722,114.25935775656286,709
2024-01-03 15:45:00,113.7382324122197,114.83735589347506,113.51258139694856,113.98914673521683,727
2024-01-03 15:50:00,112.9956729870031,113.32038329693475,112.93921530497492,113.04841279923556,780
2024-01-03 15:55:00,112.94827951384838,113.17505181440477,112.59172333084865,113.0495216664783,509
2024-01-03 16:00:00,113.47751350467679,114.22224233702555,113.36050526301958,113.33528280694455,475
2024-01-03 16:05:00,114.161063556847,115.02715442112122,114.41861211249288,114.39043951904588,407
2024-01-03 16:10:00,114.25545396289888,114.54528359652781,113.669194608685,113.9180274671094,254
2024-01-03 16:15:00,114.03921172542245,114.17541522558089,113.5725585652794,113.73308395448501,172
2024-01-03 16:20:00,114.20713123189374,115.14458892786456,114.3048556363917,114.4710431957055,981
2024-01-03 16:25:00,115.25679799437293,115.69342308831648,114.80062116642378,115.09435926506096,442
2024-01-03 16:30:00,114.02478201478247,114.50924189240412,113.7124999493224,114.39141613276968,558
2024-01-03 16:35:00,113.95732863018783,114.5029779762517,113.53775407253156,114.02498145411455,191
2024-01-03 16:40:00,113.77538260049529,113.39040265978518,112.60848927099212,113.09656557860977,713
2024-01-03 16:45:00,113.275292658344,113.69190253211968,112.42956950981426,113.65030266035734,698
2024-01-03 16:50:00,113.47206180047347,114.06642882520728,113.00251288323726,113.55189719526712,167
2024-01-03 16:55:00,113.85315945873272,114.46587862217731,113.37550731923051,113.83630652691339,873
2024-01-03 17:00:00,113.45854565646474,114.42077000078042,113.42100181393941,113.97079296078064,340
2024-01-03 17:05:00,114.21850391154987,114.67789741646835,113.35917209827282,114.43207829188343,632
2024-01-03 17:10:00,114.8997554674005,115.3939763599019,114.28110698076655,114.87421121994592,955
2024-01-03 17:15:00,114.09602565097504,114.40758655343345,113.80233890549206,113.80885700608337,250
2024-01-03 17:20:00,113.17943172912983,113.85295422032604,112.98990124246832,113.13197391245227,364
2024-01-03 17:25:00,110.79958022354671,111.27042693795704,110.45410556426278,111.18355446674214,306
2024-01-03 17:30:00,111.85093725167816,112.16116236337403,111.727121939469,111.64674082322273,184
2024-01-03 17:35:00,111.76963141508601,112.67299762161724,111.7293857237079,111.78583318977441,173
2024-01-03 17:40:00,112.04182719832387,113.16093244850761,111.42683880042537,112.20012428606336,459
2024-01-03 17:45:00,112.74010368460256,113.06991721829577,112.21952629055382,112.60199921876058,520
2024-01-03 17:50:00,112.502923628964,112.85457647955471,112.0380112659389,112.23182849978517,929
2024-01-03 17:55:00,111.71846274531529,112.14168741243152,110.717465117697,111.75202345686272,119
2024-01-03 18:00:00,111.69068929638446,112.4113348790939,111.37626805427776,111.87000461670361,533
2024-01-03 18:05:00,112.37198992164703,112.53698658826427,111.92147801178305,112.02737728403181,215
2024-01-03 18:10:00,112.77319365681922,113.15188148960539,112.15891691293207,112.81074564296469,388
2024-01-03 18:15:00,113.81104166191626,113.7633200328284,113.13859949063742,113.79574841824554,660
2024-01-03 18:20:00,113.19320763145072,113.65138126255111,112.99814165817102,113.39564510844592,407
2024-01-03 18:25:00,112.31888472018723,113.17080271655466,111.85123425343335,112.29782058879329,685
2024-01-03 18:30:00,112.69937013085988,113.69599595695313,112.50042661069904,112.87907829756465,791
2024-01-03 18:35:00,113.03242984485745,113.55488972536519,112.72112813157946,112.99624323876107,417
2024-01-03 18:40:00,112.31107016679215,112.65718636251233,112.45858430358746,112.62071772328858,870
2024-01-03 18:45:00,112.50878269268713,113.26894501038313,111.59650580928425,112.25714188219496,791
2024-01-03 18:50:00,111.54380005024332,111.98730778578197,111.21002153636947,111.50199780938652,595
2024-01-03 18:55:00,111.12946416677063,111.69352404911385,110.38053029896719,110.83967370170146,465
2024-01-03 19:00:00,111.88635051175793,112.74790947864469,111.65430740493998,111.86930675987767,705
2024-01-03 19:05:00,111.92175112286247,111.8003605624179,110.93262351153291,111.73721529871005,568
2024-01-03 19:10:00,110.9187494966864,111.33170734434985,109.60635505043912,110.62982214876655,293
2024-01-03 19:15:00,110.85048382242677,111.24665170347319,110.53324912955077,110.83678849177505,640
2024-01-03 19:20:00,111.03124354755984,111.78331729606121,110.6358762395351,110.94798816110044,598
2024-01-03 19:25:00,110.85652211655622,111.85168676538215,110.53412185273794,111.15873663836724,934
2024-01-03 19:30:00,109.9908436095553,110.72660447137564,109.41339370483595,109.8964585051709,701
2024-01-03 19:35:00,110.16619900898895,110.8259347017172,109.88728645622903,110.15141586836995,572
2024-01-03 19:40:00,110.55000040143025,111.11888846237733,110.47626210920431,110.37383344502685,447
2024-01-03 19:45:00,109.76017739873227,110.1742801616051,108.91269687975428,109.64661687660407,394
2024-01-03 19:50:00,109.47911512379686,109.78402773889486,109.00416108475095,109.40038014453893,177
2024-01-03 19:55:00,108.29570675081624,109.65998886146993,107.74656735668341,108.77141592804155,696
2024-01-03 20:00:00,109.69813593416112,109.89170170170652,109.56388019832771,109.77080712841433,181
2024-01-03 20:05:00,111.31246453180916,111.70786566291639,110.62543173934328,111.56537579086509,966
2024-01-03 20:10:00,111.60059351442395,111.40533274119812,110.6443526206323,111.09841339882274,642
2024-01-03 20:15:00,110.02602772724127,110.30496059844134,109.26807343926812,110.03008382639194,769
2024-01-03 20:20:00,109.17499855379106,109.51394016305909,108.86161697130301,109.17818744958892,520
2024-01-03 20:25:00,109.68576293157577,110.03956432538368,108.9334649867534,109.57954091944434,371
2024-01-03 20:30:00,110.00581039156113,110.4200056351572,109.8200169789505,110.0362850512225,493
2024-01-03 20:35:00,110.92480752558285,110.83515181973856,110.03949984092536,110.95650822062281,463
2024-01-03 20:40:00,111.4910829203336,111.48880865220424,111.23369300203096,111.40192242297017,343
2024-01-03 20:45:00,111.56287249006178,112.62070525157056,111.35832941202709,111.83664418353685,851
2024-01-03 20:50:00,113.29793267316214,113.60675244698814,112.33691925097757,113.19007942245274,203
2024-01-03 20:55:00,112.17858240154797,112.6466055476048,111.93111131823115,112.13242949218082,134
2024-01-03 21:00:00,112.07721248197797,112.95047607842577,111.2175862006093,112.2924714970693,295
2024-01-03 21:05:00,111.49047754046178,112.26655836884252,110.59655046091189,111.71366490273343,244
2024-01-03 21:10:00,111.4048254365097,112.42652478697691,111.42654808411245,111.64597136676356,489
2024-01-03 21:15:00,113.13657568979521,113.90950593388175,112.29933729494326,112.70036493357608,226
2024-01-03 21:20:00,111.48499392562935,112.60122125795742,111.23799694531566,111.49041268472787,755
2024-01-03 21:25:00,112.90289908134625,113.320113335004,112.48489387907534,112.43522506660685,922
2024-01-03 21:30:00,113.4974357958586,113.17223958955154,112.23659552839212,113.15183219831405,763
2024-01-03 21:35:00,115.4417674238287,116.21439919847882,114.59816586704737,115.22214769203639,391
2024-01-03 21:40:00,115.63222521246865,115.48164469260321,114.48475615402683,115.23891171723224,665
2024-01-03 21:45:00,114.08277767999846,115.28066503496245,113.60070529896298,114.83901893948405,100
2024-01-03 21:50:00,113.39190775629507,113.84361347087659,113.32073102536867,113.94070558390821,277
2024-01-03 21:55:00,114.25728738276646,114.65080676322835,113.52182826043529,114.27809775882429,947
2024-01-03 22:00:00,113.35986920754486,113.50212660826465,112.56679106457736,113.28303277138373,980
2024-01-03 22:05:00,111.44042860292762,111.50334645836287,110.55659573348042,111.27750022616169,321
2024-01-03 22:10:00,111.09499832972276,111.3306243210158,110.61383403738209,111.21066456696904,560
2024-01-03 22:15:00,109.22073219339234,110.26714191075487,108.47365974861452,109.31929330029706,460
2024-01-03 22:20:00,109.28715392282578,109.71018835462394,108.94422894286078,109.34049124820626,854
2024-01-03 22:25:00,109.1765181269124,110.33959395602086,109.15992765494175,109.41761669982463,764
2024-01-03 22:30:00,110.26732344888624,110.96273795439826,109.95209394959191,110.07875089381248,309
2024-01-03 22:35:00,112.17129581919686,112.46323517948919,111.77776433694024,112.2026242155774,157
2024-01-03 22:40:00,113.61998420938568,113.56207709396138,113.28553898884269,113.17703173646737,812
2024-01-03 22:45:00,111.66109116996529,112.66852820312184,111.11146234404285,112.06548227713523,466
2024-01-03 22:50:00,112.26277024662267,112.54392428037278,111.31920810714817,112.20626572250622,458
2024-01-03 22:55:00,113.10545590053022,113.68259796641154,112.27244774632118,113.1194857612679,873
2024-01-03 23:00:00,113.64616987283101,113.64841856646177,113.06004045307292,113.31097073415458,983
2024-01-03 23:05:00,113.67740177303968,114.48519149758349,113.32761586755906,113.73829102244844,567
2024-01-03 23:10:00,113.65974504563783,114.8202330533907,113.05109874985628,113.7996895583175,549
2024-01-03 23:15:00,116.18458680340682,117.14243042325582,115.59481724020081,116.27363491293222,560
2024-01-03 23:20:00,116.49372928230929,117.0197228801166,115.90963317838904,116.46388450139229,827
2024-01-03 23:25:00,116.63115963936147,117.06291567997069,115.7272616731499,116.37609656452926,812
2024-01-03 23:30:00,115.7889199992715,116.16349040074618,115.67677168582568,115.7066366514017,887
2024-01-03 23:35:00,116.45170993470072,117.1702225682653,115.76693547799978,116.4160088260027,367
2024-01-03 23:40:00,117.08208992810901,117.10019453177854,116.63893566925317,116.74550733393662,690
2024-01-03 23:45:00,117.98438455597096,118.60254262056776,116.94764062002675,117.79166838620952,383
2024-01-03 23:50:00,117.92928595950958,118.19818337931815,117.27113385909101,118.03589538860619,858
2024-01-03 23:55:00,119.21416372301358,119.64963721353384,118.66657860825183,119.12741668723865,867
2024-01-04 00:00:00,118.73628204973426,119.6247088949679,118.3674052652042,118.8618008425492,959
2024-01-04 00:05:00,118.98283648839906,119.39683436618913,118.03005750464656,119.16077611955974,605
2024-01-04 00:10:00,118.31671365428778,119.33557637911088,117.604802541088,118.59782184047042,738
2024-01-04 00:15:00,118.9509148214382,118.81668834509112,118.35166806725813,118.67946626342918,974
2024-01-04 00:20:00,120.05862566288422,120.13107018996165,119.62197599023021,120.14011762001032,899
2024-01-04 00:25:00,121.3946566038544,121.54251084987474,121.01017839753474,121.18030529500045,610
2024-01-04 00:30:00,121.60174774958854,122.1368380604181,121.36232989739929,121.81612788403923,617
2024-01-04 00:35:00,124.22467079822029,124.02224672270674,123.41782038957192,123.96551956993513,104
2024-01-04 00:40:00,123.10248411527851,123.6597860969419,122.80278729594522,123.00038633490072,620
2024-01-04 00:45:00,123.78733110538495,123.72580759311164,122.62652543922529,123.50264935060605,118
2024-01-04 00:50:00,123.82125580475476,124.79199017308306,123.28386384903173,123.99427992398371,805
2024-01-04 00:55:00,122.55331908468521,123.49078478780389,122.1781087309584,122.30578696317664,987
2024-01-04 01:00:00,121.55704491693731,121.61147009568046,121.27421696209052,121.28665669769555,575
2024-01-04 01:05:00,122.2253508350333,122.46767735032498,121.81116886161995,122.06384426959546,176
2024-01-04 01:10:00,122.50619943417767,123.12941320324343,121.74167676000862,122.52496700602825,239
2024-01-04 01:15:00,122.89874493207607,123.08613024278021,122.06792848787768,123.24904007706868,582
2024-01-04 01:20:00,122.38554637004098,122.54303896440237,121.63987150902774,121.94028955582458,635
2024-01-04 01:25:00,121.50149586121188,122.56326735259088,121.35964798684127,121.52801803232684,527
2024-01-04 01:30:00,121.42622757543971,122.16559246741775,120.66824893840405,121.28153278855856,657
2024-01-04 01:35:00,120.69975569787805,120.6951799879264,120.32491549127062,120.27254239466103,331
2024-01-04 01:40:00,121.12069087742081,122.20843186997814,120.95144740933266,121.11427862928623,631
2024-01-04 01:45:00,121.88840479469296,122.4525432169331,121.59127116782291,121.77540567173018,331
2024-01-04 01:50:00,121.97810727736122,123.13352900111127,121.6689734773008,122.30043193524632,270
2024-01-04 01:55:00,119.87735130545022,120.73743569006461,119.22152226400887,120.24989146019823,683
2024-01-04 02:00:00,120.29817647288924,120.77907894937772,119.58402552037629,120.2188985229179,526
2024-01-04 02:05:00,121.07456963505271,121.97871165612534,120.1632561398964,121.0230280609551,915
2024-01-04 02:10:00,120.33944630749654,120.99404649134942,120.09343694576131,120.57564379297547,990
2024-01-04 02:15:00,120.32145671960608,120.40268006056743,119.58938052490477,120.11299713548848,652
2024-01-04 02:20:00,119.86653281996621,120.39955896128406,118.94723064569486,119.83586463142008,235
2024-01-04 02:25:00,120.29179173753094,120.85203321550499,119.41977198871656,120.5028728559427,422
2024-01-04 02:30:00,120.48249009798545,120.77356026976956,119.94305645193924,120.5027220724821,741
2024-01-04 02:35:00,120.95557480382627,121.72420989301988,120.38877803450227,120.7835102043117,416
2024-01-04 02:40:00,120.97899479507875,121.21547710944388,120.68588880511099,120.74032252215613,360
2024-01-04 02:45:00,120.45333068588023,120.97888339721595,120.12965703001457,120.51980139551502,540
2024-01-04 02:50:00,120.22715848773849,120.45676165945876,119.76684536584986,119.8816730582618,885
2024-01-04 02:55:00,119.8189431125102,120.12980462500158,119.6451104311033,120.07642024092306,645
2024-01-04 03:00:00,120.0655895897303,120.47624837772238,119.5678191101774,119.33042137378027,839
2024-01-04 03:05:00,120.04359967415441,120.50752048582123,119.67360905351369,120.32040730421791,831
2024-01-04 03:10:00,120.08901968660767,121.15649089377187,119.5823651551573,120.45543018708602,266
2024-01-04 03:15:00,121.588402889213,122.29211085795383,120.60560566709817,121.37523578652345,177
2024-01-04 03:20:00,120.22215125935743,120.63419903464214,119.5631053301008,120.28237566115811,552
2024-01-04 03:25:00,120.12043257983865,120.76376824229959,120.28211360760203,120.99293956150736,546
2024-01-04 03:30:00,121.4539780762287,121.66524493094335,120.2391394208226,121.43933325032773,790
2024-01-04 03:35:00,121.37534454156962,122.32791888629994,121.347540287624,121.41062475988531,206
2024-01-04 03:40:00,119.57596772171533,119.88677986752805,118.37462643630272,119.50637608003609,421
2024-01-04 03:45:00,119.13944182964977,119.22856529691536,118.24723247320655,118.88151948373788,754
2024-01-04 03:50:00,119.29132592174665,119.69402106914033,118.71459301985814,119.43555799051863,351
2024-01-04 03:55:00,118.28005701390659,118.99374388143178,118.18981730971446,118.57355302680347,983
2024-01-04 04:00:00,119.0230134550482,120.04938788537534,118.22643339564134,119.17671985738181,913
2024-01-04 04:05:00,120.04480393394213,120.83804647808086,119.64947570114941,120.43702295835523,230
2024-01-04 04:10:00,119.6275183582735,120.45633858099482,119.3433224998213,119.8787584465519,638
2024-01-04 04:15:00,119.69941834411647,119.81805668199516,119.22747685926394,119.66078752032504,304
2024-01-04 04:20:00,118.44099253986002,118.80038077868207,117.43121295143865,118.3641108822903,335
2024-01-04 04:25:00,117.7758168327994,118.46495108522477,117.19564433840407,117.61616504872062,847
2024-01-04 04:30:00,117.75522649627112,118.64204908469338,117.15749593562236,117.76686434638496,270
2024-01-04 04:35:00,118.20052750326415,119.09213343548569,117.81350119077383,118.14798018928057,794
2024-01-04 04:40:00,119.31122668350766,119.30363605217761,118.29629672685834,119.04588763318502,947
2024-01-04 04:45:00,120.22687807216809,120.4885112627582,119.60951577993275,119.95093562548023,654
2024-01-04 04:50:00,120.04039216897884,120.62859136924489,119.4413961138177,120.6087687216236,909
2024-01-04 04:55:00,118.61006585803851,118.81073295958907,118.25925274882276,118.12468916814505,331
2024-01-04 05:00:00,118.3991958254972,118.40900727815853,117.19129473379446,118.50030640365429,249
2024-01-04 05:05:00,118.52939167844838,119.37472060318335,117.74455817947836,118.39786645978927,164
2024-01-04 05:10:00,118.37135661911208,118.32329599317703,117.55944606794104,118.28926119414463,420
2024-01-04 05:15:00,119.15495870786613,119.6795861378704,118.1782073898273,118.76821825504534,804
2024-01-04 05:20:00,117.8876374680465,117.7533663824897,117.30554760308152,117.68783193429886,105
2024-01-04 05:25:00,117.03331162221828,117.44937255333802,116.22794932270652,117.06320063301396,735
2024-01-04 05:30:00,119.29296365255585,119.7906849889022,118.13290708993468,118.77788706140495,397
2024-01-04 05:35:00,118.74158668863349,118.8324984905953,118.54649120762059,118.65523710759713,139
2024-01-04 05:40:00,119.16222238206394,119.12815052542868,117.95655828186123,118.88937438808775,717
2024-01-04 05:45:00,120.21879915811616,120.49085585924719,119.17912377580163,119.95115540515177,918
2024-01-04 05:50:00,121.40382501312648,122.14918034548069,120.76580958705277,121.69389647390355,870
2024-01-04 05:55:00,120.56602051473836,120.63832386123345,120.02808360687476,120.55434159042575,256
2024-01-04 06:00:00,122.03121802757815,122.83934525965351,121.54171417388464,121.75032386686898,359
2024-01-04 06:05:00,121.07604796186723,121.05878812763471,120.01652013278509,120.7944171254516,633
2024-01-04 06:10:00,118.88848738740083,119.13492782082423,118.6147416665342,118.57712260617608,332
2024-01-04 06:15:00,117.15445249119928,117.22833280405897,116.40200155977176,116.70828757789666,318
2024-01-04 06:20:00,115.98692065505888,116.62084097884012,115.22169485395115,116.12828725866585,906
2024-01-04 06:25:00,115.25500346055158,115.72022086679783,114.49714547011763,114.75483578858238,294
2024-01-04 06:30:00,116.17992268239523,115.97650193127718,115.43367181972074,115.8351921565567,744
2024-01-04 06:35:00,115.96045353301763,116.61604137243232,115.66807136163031,116.04703031638333,723
2024-01-04 06:40:00,115.60308947781911,116.7643746034322,114.85783919408452,115.49495958354673,509
2024-01-04 06:45:00,115.03503495683745,115.96035921661726,114.30777528967839,114.8131528642792,269
2024-01-04 06:50:00,113.83379901316816,114.80705655251035,114.04257295236775,114.20632819641035,147
2024-01-04 06:55:00,112.63398407710167,113.4366979822779,112.49783273963192,112.96324219747814,415
2024-01-04 07:00:00,111.42900136071695,111.81380874861364,111.04684273812985,111.60903772905336,836
2024-01-04 07:05:00,112.11634151992727,112.51480073253938,111.73499527204626,112.68513441835482,585
2024-01-04 07:10:00,111.95334337361255,112.00976779298819,111.46147902056751,111.38073450743828,734
2024-01-04 07:15:00,110.55694321929847,110.84977651246487,110.70365800479954,111.13137001430522,232
2024-01-04 07:20:00,110.17793907220516,110.88967365452123,110.0101840254426,110.58096020601025,168
2024-01-04 07:25:00,110.90296413372641,111.61018452851506,110.89245698485357,111.37447417913333,703
2024-01-04 07:30:00,109.70228509548072,109.86843644450443,108.8180635595464,109.7028304663234,519
2024-01-04 07:35:00,109.37417258153863,109.81186865504193,108.15458810514772,109.54356768813446,359
2024-01-04 07:40:00,109.3132769220041,110.36241315338128,108.83097849511167,109.54448153858095,748
2024-01-04 07:45:00,109.88822906011913,110.33620717896468,108.91660674387117,109.91951763314665,731
2024-01-04 07:50:00,109.77585689598492,110.01557801016064,109.12052320971938,109.54128109066346,345
2024-01-04 07:55:00,110.33119158783543,110.96925123499486,109.81229094596304,109.81597292169751,780
2024-01-04 08:00:00,110.62986748320544,111.3191557940062,109.53009047056248,110.22472157312384,419
2024-01-04 08:05:00,110.05877650349574,110.79314934056156,109.43624818477987,110.22678092517305,351
2024-01-04 08:10:00,109.15688485846326,109.42999943982076,108.90686779156306,109.10728748762048,340
2024-01-04 08:15:00,109.10766513244381,109.6357328788852,108.25651630507593,108.77421362924983,836
2024-01-04 08:20:00,109.87919751009744,110.11570619341111,109.58458080570199,109.78549545884827,901
2024-01-04 08:25:00,109.89473859892793,110.5013844668784,109.57117247852032,109.62888400526201,796
2024-01-04 08:30:00,109.65339839378406,110.29343169315925,108.64106180338095,109.49503567157451,539
2024-01-04 08:35:00,109.39882854431737,109.95069362878046,108.45533167581003,109.3606219429112,395
2024-01-04 08:40:00,110.62497524988407,110.36697559783919,110.08479885673984,110.28529602673079,850
2024-01-04 08:45:00,108.89072691705285,109.68005906941812,108.33939751926461,108.98303023114735,197
2024-01-04 08:50:00,110.08228547137607,110.46783687963102,109.73413543893463,110.11734996449985,332
2024-01-04 08:55:00,110.59450688732069,110.6476608741259,110.32086738966005,110.28342675229244,737
2024-01-04 09:00:00,109.83597502290812,110.57746954236953,109.01754404797244,109.58001591756788,173
2024-01-04 09:05:00,112.60848487025414,113.01980088079479,112.1641269372803,112.30595365598987,349
2024-01-04 09:10:00,112.27746024344935,112.8292949936967,111.98131272646016,112.45842970640281,509
2024-01-04 09:15:00,112.0829832225873,113.22930268810356,111.9252235361902,112.18199081933304,447
2024-01-04 09:20:00,110.9876267807472,111.73158165975445,110.06479128749253,111.05122328824902,218
2024-01-04 09:25:00,109.84518480188314,110.5823997289707,109.3840681654726,110.07132261310582,330
2024-01-04 09:30:00,108.52297872151883,109.1696648263213,107.35922883708088,108.37125707218782,981
2024-01-04 09:35:00,106.25693652625243,107.21946468609659,105.67220337567845,106.73136634949634,595
2024-01-04 09:40:00,106.2830696525764,107.32934817017139,105.9431287645385,106.38985440336586,713
2024-01-04 09:45:00,105.56045114919885,106.28798519279847,105.10507154483587,105.9627994898083,946
2024-01-04 09:50:00,105.42003700017256,105.99937061706272,105.27395436757473,105.2679880238006,762
2024-01-04 09:55:00,105.07425949420248,105.13109907609662,104.80367948213029,104.79196410324897,622
2024-01-04 10:00:00,103.90239740693147,104.85732871013779,103.3213756049089,104.1682051822366,212
2024-01-04 10:05:00,105.05611016314734,105.53805226539038,104.97306193040838,105.56160126468639,503
2024-01-04 10:10:00,104.76182641155985,105.33806742899812,104.57548590576303,105.16605363859328,674
2024-01-04 10:15:00,104.29543262436651,104.99675535179142,103.92268434700794,104.21082165083911,757
2024-01-04 10:20:00,104.8089100334536,104.72255538679356,104.2808447285697,104.56379988121519,847
2024-01-04 10:25:00,104.8273554779616,105.3665388158144,104.07418520990495,104.60934404141715,102
2024-01-04 10:30:00,105.4066801525756,105.7455052676697,105.27391406760124,105.6513503123782,320
2024-01-04 10:35:00,104.41146906162913,104.71665128296637,103.37025618345967,104.40180471727484,970
2024-01-04 10:40:00,106.51935612817769,107.19214599787114,106.17475894323545,106.46350037136136,936
2024-01-04 10:45:00,106.05773424101524,106.678674108393,105.68091571244184,106.219679206038,278
2024-01-04 10:50:00,106.18260800446407,107.18404878475997,106.10530193393535,106.13389437016221,598
2024-01-04 10:55:00,106.5472288593622,107.06770184571347,106.44979003613904,106.85001371194282,955
2024-01-04 11:00:00,108.46784846417052,108.7500394139732,108.15905593845903,108.60965491974174,653
2024-01-04 11:05:00,108.10626489996115,108.23925766443372,108.00187558334063,108.01048000023857,321
2024-01-04 11:10:00,107.23050941639966,107.08649809761764,106.87366958687454,107.10048961381251,764
2024-01-04 11:15:00,107.65048769611138,108.03514149997649,106.88858000951251,107.44835365816763,623
2024-01-04 11:20:00,106.41558994181017,106.71385217095548,105.5397411274599,106.25802093489608,358
2024-01-04 11:25:00,107.00866217660277,107.46403200954744,106.56956107952837,107.10805756395662,450
2024-01-04 11:30:00,107.16772495959434,107.47719074727553,105.98592316716334,106.86037078639112,234
2024-01-04 11:35:00,107.58747336095139,107.56517727324481,106.34872002333772,107.03216406939708,260
2024-01-04 11:40:00,109.43906866102482,109.73961030926712,108.90080860651393,108.9556611987184,614
2024-01-04 11:45:00,107.84324507650422,108.32990894625752,107.86762301028094,107.97162182022997,366
2024-01-04 11:50:00,106.66712755224027,107.49489686464703,106.33632979406512,106.98027344081048,230
2024-01-04 11:55:00,108.25601040205149,108.17644306653348,107.2811747028147,107.97259004283606,699
2024-01-04 12:00:00,108.44654748752468,109.61174989601197,107.79413075379179,108.66408387896625,770
2024-01-04 12:05:00,108.68040298863342,108.76261547649325,108.58665178057555,109.02495906965262,884
2024-01-04 12:10:00,108.88785939699497,109.53495557724496,108.47380952889355,108.51964575948539,919
2024-01-04 12:15:00,108.86155542119468,109.61103874372175,108.07661003003155,109.12068539182343,444
2024-01-04 12:20:00,108.95715707807186,108.92374464844671,107.99710234672149,108.78230340143487,779
2024-01-04 12:25:00,108.82756441742607,109.50618405602215,107.69782107333747,108.48234026352632,610
2024-01-04 12:30:00,107.85565173328384,108.48721084553,108.04965608667452,108.11459748278072,736
2024-01-04 12:35:00,109.68365737926483,110.31254560364317,109.33113225506476,109.80136586854307,864
2024-01-04 12:40:00,108.8492485586694,109.18613166938464,108.67807242069621,109.11356589863509,261
2024-01-04 12:45:00,109.48655095177634,109.86801109123353,109.44909556416361,109.40310467296047,724
2024-01-04 12:50:00,109.10350711149411,109.78010600769204,108.48023711668185,109.13616759544821,186
2024-01-04 12:55:00,108.21639561113552,108.42762986902444,107.42088610339327,108.41190311597623,315
2024-01-04 13:00:00,108.2671387836216,109.08832495410628,108.33606019102847,108.46218176880565,780
2024-01-04 13:05:00,108.80251797902655,108.7436277959511,108.40699062201104,108.53279165247145,855
2024-01-04 13:10:00,108.5364316987695,109.52678980781198,108.22368831106354,109.20726767998035,391
2024-01-04 13:15:00,108.77664940024667,109.80357107493472,108.4715862498717,108.75222334700425,419
2024-01-04 13:20:00,109.64413597201481,110.41435247396376,109.37645655540523,109.86735074743098,107
2024-01-04 13:25:00,109.6189949524072,109.97906432072503,109.59880933079195,109.4040345127322,580
2024-01-04 13:30:00,108.92037570224898,109.28185329083809,108.52781822611409,108.90200491260468,432
2024-01-04 13:35:00,109.16555633573005,109.53126744265748,108.42185508897028,109.25005936335253,645
2024-01-04 13:40:00,108.15470522130234,108.31755132764766,107.23944364116547,107.84262741860198,210
2024-01-04 13:45:00,108.89863791083576,109.88516436523535,108.55030885090292,109.13574235569868,341
2024-01-04 13:50:00,109.54316610305196,109.87432579267762,108.39760247139158,109.10879747119343,168
2024-01-04 13:55:00,108.8726183821095,109.37456436813686,108.82008323230677,108.61265036763363,307
2024-01-04 14:00:00,107.2258300987764,107.7124872998747,106.73238660452176,106.95066769914699,558
2024-01-04 14:05:00,105.794375835658,106.62457066459193,105.16344622295026,105.92291830855149,838
2024-01-04 14:10:00,105.73459978251229,105.73480055834133,104.72045587962448,105.37917756814988,337
2024-01-04 14:15:00,106.4767971072916,106.26305777373581,105.83785831853609,106.373819718688,745
2024-01-04 14:20:00,105.65906001641123,106.58022030678993,104.83832788494956,105.55395009908788,880
2024-01-04 14:25:00,105.56415230433441,105.81773601903919,104.85585718346165,105.53207469316584,743
2024-01-04 14:30:00,106.28445899737831,107.31482780523898,105.65829345216464,106.29878087708106,925
2024-01-04 14:35:00,107.08488943749963,107.22636066376329,106.39050279965468,107.31766126802026,288
2024-01-04 14:40:00,104.0615391796666,104.63738171396233,103.78426855503777,104.24969139872769,142
2024-01-04 14:45:00,104.47067031525,105.61993143425155,104.5581115567279,104.69188178352124,781
2024-01-04 14:50:00,103.27797273422318,103.611858928251,102.94082439752559,102.69682872406126,760
2024-01-04 14:55:00,102.81109411602023,103.51740057598965,102.28631065997781,102.9202659462181,736
2024-01-04 15:00:00,103.03082359523947,103.74962653898211,102.86791373518837,103.29195221157043,177
2024-01-04 15:05:00,104.38566141968974,105.22476403304066,103.5671961078244,104.25481342093175,736
2024-01-04 15:10:00,103.64074007272514,103.40657059290008,102.59125756304255,103.62108021751546,376
2024-01-04 15:15:00,101.8273438683691,102.13013855062724,101.78586130335755,101.87286310493242,919
2024-01-04 15:20:00,102.03789529177205,102.66697676132061,101.02633574058389,102.47638092117217,584
2024-01-04 15:25:00,102.07835885174427,102.58736395695044,100.92457754470078,101.65839486486466,673
2024-01-04 15:30:00,102.30665973791137,103.35929667245094,101.7521856810316,102.13714633522792,475
2024-01-04 15:35:00,101.60077208217538,102.36427519021385,101.22599572213565,101.8553330268452,472
2024-01-04 15:40:00,103.55288822470537,104.24727328644778,102.66104982880981,103.50226018843595,642
2024-01-04 15:45:00,103.4983176638401,103.27425201750816,102.10830314860709,103.27090783700656,556
2024-01-04 15:50:00,101.47950018109741,102.23863175503193,101.29456583148047,101.85794307719539,420
2024-01-04 15:55:00,100.59616244985988,100.9258421618194,99.41229657137302,100.53647733060815,399
2024-01-04 16:00:00,100.50424986604732,100.83221938613684,100.11582075282746,100.38137021495172,195
2024-01-04 16:05:00,101.0038261218674,101.64262059039056,100.48755391125032,100.84090411041211,544
2024-01-04 16:10:00,98.71812247639058,99.63543904908973,98.76831343871736,99.10175860356807,700
2024-01-04 16:15:00,97.73329721155783,98.37224462389139,97.81490172501698,97.81206229164981,980
2024-01-04 16:20:00,98.80565939409136,99.0070293781045,97.87716896500264,98.87554689883832,272
2024-01-04 16:25:00,98.45308106250883,98.94885949750007,97.79058392777493,98.20645740256865,459
2024-01-04 16:30:00,100.75569253470721,100.65586414615163,100.24559272152646,100.77038054796385,837
2024-01-04 16:35:00,100.6933222526663,100.80055809231348,100.14571948497813,100.23615680073897,910
2024-01-04 16:40:00,99.80998741892682,99.88645578469959,99.70203947175656,99.72884596250051,858
2024-01-04 16:45:00,98.70929169883095,98.92808236938968,98.60238834711099,98.86296643933682,449
2024-01-04 16:50:00,98.88420954183431,99.34142333119766,98.49781761117487,98.39652943159462,446
2024-01-04 16:55:00,97.65294752954415,98.01689772753014,96.97443375543429,97.71968844987282,783
2024-01-04 17:00:00,96.27763799865137,96.07176055167858,95.85040352071006,96.1431648641176,855
2024-01-04 17:05:00,94.17166786771142,94.39243952736412,94.00140907386253,93.850115749975,889
2024-01-04 17:10:00,94.02011562544988,94.42600187475385,93.47409118403704,94.42499228741383,238
2024-01-04 17:15:00,95.22917352902041,95.84315121625839,94.7631213574789,95.59713637128888,796
2024-01-04 17:20:00,95.89364879526845,95.79462715129912,95.05164158248436,95.51243433358874,122
2024-01-04 17:25:00,96.08601077947178,96.46060133747456,95.49311942665513,95.71394558479814,276
2024-01-04 17:30:00,96.06164716959536,96.96305636298548,95.42809176002294,96.29416817566224,478
2024-01-04 17:35:00,97.4659707476448,98.33523336584256,97.35516028565723,97.58666419849138,184
2024-01-04 17:40:00,97.24983374966891,97.92935714900574,96.64318790153467,97.42877869363831,397
2024-01-04 17:45:00,95.62767968144941,96.00086035744418,94.62753441957048,95.4692378860387,907
2024-01-04 17:50:00,96.12607548990152,96.1606516526882,95.31406396506526,95.93275527855495,892
2024-01-04 17:55:00,95.6089743350038,95.49401676436534,95.45049300339105,95.4799984848368,554
2024-01-04 18:00:00,94.30133981299227,95.31035352916638,93.57968700440475,94.29990388270495,178
2024-01-04 18:05:00,93.38420948552795,94.31561214202411,93.30539355252888,94.06927714178863,872
2024-01-04 18:10:00,95.13345510923249,96.17847802391891,95.32842884185025,95.51026607841955,785
2024-01-04 18:15:00,94.35726231738508,94.58719033549235,93.73746143326535,94.243191095962,814
2024-01-04 18:20:00,94.71700700276196,95.49692828908273,94.37478325995627,95.24854563149037,657
2024-01-04 18:25:00,94.0148142173754,94.3674660784616,92.78379658274727,93.62893902858855,948
2024-01-04 18:30:00,93.26404200319675,94.0519260980495,92.50732670899953,92.86841741017405,560
2024-01-04 18:35:00,92.46302318848574,92.58601435887702,92.17887512653472,92.67674240406932,247
2024-01-04 18:40:00,92.93943200178875,93.7804414591039,92.32613709450617,92.80304419273034,785
2024-01-04 18:45:00,92.25252980846707,93.22893131772895,91.40080286233426,92.35645931275167,558
2024-01-04 18:50:00,92.50508776168574,92.83987796590637,92.4302998016306,92.45820521865306,909
2024-01-04 18:55:00,92.28080751025229,92.84890356202158,92.12812791354254,92.30861192350969,200
2024-01-04 19:00:00,91.12477774580758,91.76507815180304,91.06013327027667,91.56415961751793,229
2024-01-04 19:05:00,91.77376503862061,92.61084044486815,91.55502195196173,91.89337351106333,436
2024-01-04 19:10:00,92.89206302660381,93.5826137908923,91.93121874370125,92.41150490017303,563
2024-01-04 19:15:00,91.8980835371433,92.82539595891568,91.06048169468582,92.08003047251441,683
2024-01-04 19:20:00,93.10117562647677,93.02477240298141,91.92492584120471,92.99728804859714,763
2024-01-04 19:25:00,92.31028136646876,92.58518576247253,92.31875121103047,92.45047141102035,555
2024-01-04 19:30:00,90.49960847902094,91.13757353643311,90.69006830809045,90.446832105104,338
2024-01-04 19:35:00,89.90513660565836,90.64332160038737,89.37198109470171,90.13047152709504,734
2024-01-04 19:40:00,90.44918439069599,91.03281432105415,89.56579369350074,90.04041317874656,356
2024-01-04 19:45:00,91.12047180016876,91.95852411919131,90.94354106536503,91.40325684974391,138
2024-01-04 19:50:00,91.33246296789639,91.44594313846284,90.7319622110086,91.51195489148637,781
2024-01-04 19:55:00,91.4826168135029,92.30601593383788,90.83964687672447,91.9924293379042,453
2024-01-04 20:00:00,92.69877959788543,92.67148633970703,91.52092007256977,92.44126968520185,274
2024-01-04 20:05:00,93.3661317029273,94.36855950566257,92.44468611907747,93.6938743296195,300
2024-01-04 20:10:00,94.1920612549024,94.4999545319119,93.49151465883433,94.07521174056888,824
2024-01-04 20:15:00,95.10303451754342,95.07432543789264,94.5170506259898,94.63545239324115,412
2024-01-04 20:20:00,92.90348001500115,93.56938181493696,92.45060015517882,93.35174291618068,615
2024-01-04 20:25:00,93.70050810627046,94.40751372239271,93.31364971447059,93.55038531470677,899
2024-01-04 20:30:00,93.20492188169493,94.03073486129708,93.07191868942948,93.06173053153769,979
2024-01-04 20:35:00,94.36026772279841,94.51259301200038,93.24774483921408,94.17233660744608,161
2024-01-04 20:40:00,92.31419301960321,93.30193210685844,91.9734456253891,92.50105351948841,805
2024-01-04 20:45:00,91.9721738379296,92.90284467117355,92.07801239772363,92.13314924921794,734
2024-01-04 20:50:00,91.97370118440504,92.27364722342627,91.57146132046984,92.0876988619507,944
2024-01-04 20:55:00,90.41753637581797,91.46700293677189,90.45797218226112,90.60359316284543,215
2024-01-04 21:00:00,88.93260838257201,89.63342806394411,88.26176820598327,88.9318536786608,801
2024-01-04 21:05:00,88.26395082693332,88.64818884577211,87.86500963695732,87.87942585752747,883
2024-01-04 21:10:00,89.19489817235127,90.21487539009799,88.95006613149019,88.92753279850824,174
2024-01-04 21:15:00,89.08862683230664,89.25579838005932,88.32224177477352,89.33061499787686,461
2024-01-04 21:20:00,88.35090620978409,89.01572549029156,88.26102341480768,88.12013989592646,404
2024-01-04 21:25:00,88.40066238585366,88.57568473856884,87.32564118883033,88.07480430307369,594
2024-01-04 21:30:00,87.87022700341645,88.72324510097168,87.54269925948333,87.93328930232683,646
2024-01-04 21:35:00,90.32187493665094,90.70977595269248,89.37894681482629,89.98440081133795,620
2024-01-04 21:40:00,90.57158804465546,91.24733736434513,90.10104816933952,90.44843733138889,722
2024-01-04 21:45:00,92.41580654212127,92.95959830020591,92.13974758224491,93.13232351740209,212
2024-01-04 21:50:00,91.62894264936831,92.31119058423093,90.88131981512731,91.76665837055505,376
2024-01-04 21:55:00,92.55966097818526,92.66547278394086,92.13708391550318,92.20498727575236,244
2024-01-04 22:00:00,91.96647100247567,93.26895510019182,91.47052056768231,92.54273961951344,651
2024-01-04 22:05:00,93.49816705489768,94.26935954876423,92.75042746937685,93.314520891095,490
2024-01-04 22:10:00,93.80580351131084,94.53013925072496,93.73387451092582,94.06875923878496,249
2024-01-04 22:15:00,93.9133605438074,94.50252982239509,93.2870841729268,94.18538354017812,632
2024-01-04 22:20:00,94.14228758389109,94.91809489969044,93.76715847481003,94.13234455975226,106
2024-01-04 22:25:00,96.7093472458456,96.95185285046925,96.10310284233562,96.66419825509129,478
2024-01-04 22:30:00,94.55306728613868,95.11783756988335,93.81387011493894,94.52608208971654,299
2024-01-04 22:35:00,96.63239706925535,96.70382294912739,96.58851592251912,96.98210328270893,965
2024-01-04 22:40:00,98.43960897110263,98.81023298387021,98.07710123849274,98.82951789568473,449
2024-01-04 22:45:00,97.97516427370275,97.72150380129143,97.4798802972739,97.64029823299359,804
2024-01-04 22:50:00,97.91725740499996,98.21117368617412,97.51801142033693,97.89265462797349,173
2024-01-04 22:55:00,97.4920587909455,97.80456142762121,97.14361122288847,97.4493547916704,188
2024-01-04 23:00:00,96.86250913073377,97.4376811555115,96.90956291112272,97.0712009661927,781
2024-01-04 23:05:00,96.65068423343077,97.23299283086457,96.08102189293372,96.45276396930053,554
2024-01-04 23:10:00,97.9791788275062,98.20988271066098,97.53548409103789,97.80870696877564,992
2024-01-04 23:15:00,97.40820248767241,98.46947596678933,96.63134453066763,97.61226513745696,560
2024-01-04 23:20:00,97.11723625871078,97.16835589529911,96.29307817952972,96.95201930320037,906
2024-01-04 23:25:00,96.90430531212488,96.98655736970838,96.20629632510352,96.79803374056505,557
2024-01-04 23:30:00,97.85189662374924,98.05725413288789,97.44577968333623,98.00463305207843,989
2024-01-04 23:35:00,99.7283767058764,99.86731857983581,99.07086967995498,99.63017226576721,114
2024-01-04 23:40:00,99.4040978741939,99.9400808714704,98.73431202058782,99.57722365435228,627
2024-01-04 23:45:00,99.84553548140212,100.12882614726578,99.12692897722935,99.86358735818555,319
2024-01-04 23:50:00,99.40920947934278,99.85408527577623,99.03218771470107,98.67259030502775,661
2024-01-04 23:55:00,98.846897845692,99.63609199895151,98.26847979549305,98.64331329197704,799
2024-01-05 00:00:00,99.44246245697335,100.00464987405249,98.44114881211483,99.32855414329634,834
2024-01-05 00:05:00,97.71154792712369,98.22317069811943,97.34891795692262,97.96259312985276,106
2024-01-05 00:10:00,97.84676040354643,98.23464589375385,97.21589067251794,97.25536010655705,494
2024-01-05 00:15:00,96.39452819618478,96.98645219018229,96.49239308233821,96.28741731110873,870
2024-01-05 00:20:00,96.08267245841319,97.41690555978946,96.3139863141033,96.46654676450899,165
2024-01-05 00:25:00,96.59620579135806,97.60941760860386,95.71871607987195,96.01751797507026,465
2024-01-05 00:30:00,97.46536255718918,97.65896851721371,96.37033940807419,97.42053994930994,226
2024-01-05 00:35:00,99.73030618189402,100.02320775308176,98.89206113901348,99.64446017472108,255
2024-01-05 00:40:00,97.64032016006924,98.41144381667918,97.00320689113154,97.99377663295641,560
2024-01-05 00:45:00,98.82403753475968,99.34303751777742,98.46789070855098,99.24616187406905,263
2024-01-05 00:50:00,97.98755876026199,98.86697895297374,97.9192582057876,97.62373369820591,549
2024-01-05 00:55:00,97.63654481897312,98.32778557336698,97.49525806752821,97.85212842941304,226
2024-01-05 01:00:00,98.54412734401977,98.75467669274828,98.51695986320003,98.60760652867754,603
2024-01-05 01:05:00,99.66555718885006,100.33485166566862,98.96227972833533,99.49999832895983,295
2024-01-05 01:10:00,99.98075977677216,100.51944809204097,99.75943732218893,100.14359464383267,301
2024-01-05 01:15:00,99.41733211135289,99.88332932581096,99.20728656540223,99.26563239830197,501
2024-01-05 01:20:00,100.43023060762306,101.7585664930283,100.59025009999334,100.84699089874586,798
2024-01-05 01:25:00,102.06174696895546,102.27558640554075,101.48632651226872,101.70640946008552,284
2024-01-05 01:30:00,101.11716686010811,101.41712358310326,100.23747648438535,101.43606366529272,825
2024-01-05 01:35:00,102.30982510771386,102.80964754002018,101.8302294427185,102.55301319795282,247
2024-01-05 01:40:00,103.23633503294997,103.81117855281393,103.12496259863482,103.53178638705216,313
2024-01-05 01:45:00,104.47872850270979,105.4124550936856,104.42402071557844,104.6691776644774,778
2024-01-05 01:50:00,103.44817531702762,104.23688156857452,103.71551398091458,103.6158473731054,296
2024-01-05 01:55:00,105.44531430242162,105.87144335239853,104.45680414467357,105.42601157428767,366
2024-01-05 02:00:00,106.3649426537072,107.56940188933194,106.15184268038878,106.51081142620261,635
2024-01-05 02:05:00,106.40484395506044,106.80859804380937,105.96379280081034,106.84398703067166,196
2024-01-05 02:10:00,106.12120048995311,106.49956497775597,106.17457756480685,106.59534628157037,399
2024-01-05 02:15:00,105.96890287358795,106.36223453619168,105.42353293212695,106.12567520998282,993
2024-01-05 02:20:00,104.4215159079397,105.52621559752261,104.04298759444622,104.80148492370992,318
2024-01-05 02:25:00,103.40457120755119,103.3678004401928,102.43797522266917,103.25025508895415,722
2024-01-05 02:30:00,104.2184054632309,104.61930176152968,103.24920679027822,104.25258380157166,177
2024-01-05 02:35:00,102.80874783925046,103.22684534889245,102.09154077471051,102.74079134704667,853
2024-01-05 02:40:00,101.84986762900013,102.28314480026134,101.31540797121126,101.91301805363022,530
2024-01-05 02:45:00,102.03978157204818,102.59310423931439,101.31696992626752,102.26677837720635,928
2024-01-05 02:50:00,101.12032116934103,101.44998565551651,100.8429492766941,101.00404176396924,969
2024-01-05 02:55:00,100.89106117298356,101.87908517583352,100.67717609924647,101.45616914629119,102
2024-01-05 03:00:00,100.8231250540093,101.49253808699777,99.71605072840029,100.63276431094134,710
2024-01-05 03:05:00,99.94075604053309,100.31890207301035,98.96858455512896,99.86845720866836,120
2024-01-05 03:10:00,99.43091787785565,99.60311174677457,99.33814427967499,99.80937623944793,804
2024-01-05 03:15:00,100.08288173867489,100.11440924728852,98.9756545956404,99.91633111403858,850
2024-01-05 03:20:00,101.87083185513406,102.43371797001133,101.22841427325399,101.95937234730485,120
2024-01-05 03:25:00,102.21662390304792,103.0140467626389,102.10792799779553,102.20695777563549,288
2024-01-05 03:30:00,103.61014301373312,103.6652927058518,103.42349023492116,103.58994820589463,117
2024-01-05 03:35:00,102.97928712256571,104.04299636401358,102.68215838597547,103.17368327693926,502
2024-01-05 03:40:00,104.12670438625413,104.74037720871391,103.87678342225544,103.92346517304901,923
2024-01-05 03:45:00,103.27362863012713,103.58643074966292,103.25042419927273,103.21031275111845,518
2024-01-05 03:50:00,104.03943393717509,103.67979674575669,102.76117303269518,103.76087827671746,512
2024-01-05 03:55:00,103.62417853886572,103.88242392375234,103.27021162186949,103.50133045995997,524
2024-01-05 04:00:00,105.16880931157206,106.03317088514814,104.86633514561632,105.49155829328748,867
2024-01-05 04:05:00,106.06740802436488,106.91017446061356,105.82291687746579,106.16042064589314,571
2024-01-05 04:10:00,106.00296928111618,106.5249974234291,106.0195117311037,106.36169337359509,597
2024-01-05 04:15:00,105.67765031441793,106.00398442941008,105.4410322041215,105.43793030789816,700
2024-01-05 04:20:00,106.31633946678186,106.35294339627481,105.89737569403675,105.7885830334542,423
2024-01-05 04:25:00,106.53219808693484,107.26079944067388,106.36516712182797,106.45998889493768,987
2024-01-05 04:30:00,106.11761423010635,106.84987838814533,105.85457415123822,106.06063355321629,213
2024-01-05 04:35:00,106.19231429889993,106.82436961008422,105.49555694929934,105.81941036074655,766
2024-01-05 04:40:00,103.65533736125244,104.0456571334097,103.60827076524625,103.79904033607953,610
2024-01-05 04:45:00,103.74292702615814,104.53097201273341,103.36047160976497,103.287836858874,629
2024-01-05 04:50:00,103.47656205043853,103.64736966972298,102.94670962086205,103.01654300005093,905
2024-01-05 04:55:00,101.78599318852648,102.51831516848053,101.61905115302004,101.58097562648024,828
2024-01-05 05:00:00,101.96491294026099,102.18044356583242,101.22315264395823,102.17536582904684,670
2024-01-05 05:05:00,102.1982759051156,102.46809853937401,101.56198895129428,102.27594932353576,356
2024-01-05 05:10:00,102.81747642195893,103.53879454906986,102.22980481500127,102.63694270936728,757
2024-01-05 05:15:00,102.48861551411055,103.19656131799677,101.58931051278216,102.05366505156739,292
2024-01-05 05:20:00,101.63187358564517,102.70599770789369,101.74808055708941,102.02336137677602,901
2024-01-05 05:25:00,101.5387081032998,101.93599466987689,100.48819590890321,101.06029961761459,662
2024-01-05 05:30:00,100.82532480572773,100.90314898323251,100.12524795827312,100.90250442429078,884
2024-01-05 05:35:00,101.89054309632219,102.6512281653928,101.56827932287004,102.10113711771154,162
2024-01-05 05:40:00,102.85917128494624,104.12805575587984,102.55910166056698,102.97716953902751,331
2024-01-05 05:45:00,103.27577202673592,103.78626078982832,102.64913611056639,103.41849369848991,184
2024-01-05 05:50:00,102.96688010635744,104.13072205501268,102.70550523814158,103.09338076278077,210
2024-01-05 05:55:00,105.76244603584443,106.15107789259893,105.66333983082097,106.05372964871786,464
2024-01-05 06:00:00,104.25594514604904,104.51925475753117,103.569241570126,104.03551533082742,731
2024-01-05 06:05:00,103.68983264129268,104.46810440837906,102.69198408125544,103.71708539460911,679
2024-01-05 06:10:00,104.519037135273,104.4224664037484,103.29323116805125,104.02134219539103,752
2024-01-05 06:15:00,103.3186652464807,103.95932824421412,102.25974624785579,103.00487699824514,486
2024-01-05 06:20:00,101.84824645276012,102.31531282640749,101.87851728862475,101.9107005160837,204
2024-01-05 06:25:00,102.40576532356005,102.50234778181233,101.83813099467308,102.41265969060551,286
2024-01-05 06:30:00,102.9730709760907,103.56086171588187,101.97811601451704,102.96950355630769,840
2024-01-05 06:35:00,102.44357069028663,103.24593006195994,102.19140836399707,102.9565036455717,260
2024-01-05 06:40:00,103.09276318365778,103.45274689552153,101.91899015264964,102.79222303309054,917
2024-01-05 06:45:00,102.02872694982919,102.95126848083554,101.46512349670913,102.57771134624376,141
2024-01-05 06:50:00,103.4031677823441,103.45190461188292,102.47549785763289,103.29022844243963,657
2024-01-05 06:55:00,104.18907952442589,104.75566512736745,103.51766359544631,104.55154793005227,597
2024-01-05 07:00:00,104.60104649447521,104.81994732913789,104.49018333038529,104.4173006119466,691
2024-01-05 07:05:00,104.09698806236091,104.72500453131723,104.10526694990754,104.17337345534409,795
2024-01-05 07:10:00,103.02983957845913,103.83407119945002,103.09855263362489,103.17362012097165,927
2024-01-05 07:15:00,102.59835700372263,103.15745852328727,101.73498592520967,102.51854306231884,678
2024-01-05 07:20:00,102.70764417227656,103.86535989783935,102.22181580285718,103.16025737351414,173
2024-01-05 07:25:00,103.43023092486904,104.20576110400273,102.64592930820653,103.39169336863405,354
2024-01-05 07:30:00,100.38201776697146,101.26202260720615,100.19894078334744,100.33690159169436,114
2024-01-05 07:35:00,100.25707476735492,100.68016968726103,99.3685958368054,100.29812874332976,279
2024-01-05 07:40:00,98.04830596239624,99.12153649011458,97.73220204562693,98.12119294162744,237
2024-01-05 07:45:00,98.73486393131209,98.46293771697029,97.77070111548302,98.21651984078183,865
2024-01-05 07:50:00,97.61316573500385,98.34150366645521,97.35109871254832,97.47129801352696,463
2024-01-05 07:55:00,97.36797369515412,97.78505831602949,97.17195459805666,97.56506492220697,123
2024-01-05 08:00:00,97.87784957650938,98.78617792023198,97.17385883503242,97.73734849249539,575
2024-01-05 08:05:00,97.15974399081925,97.68840580943201,96.64803543925434,97.17541788732248,102
2024-01-05 08:10:00,97.58624768351106,98.06248484677681,97.29292289746962,97.89686537880289,835
2024-01-05 08:15:00,97.54134772493482,97.55202022043414,97.01984029278107,97.31483482831409,314
2024-01-05 08:20:00,98.32023842459287,98.79351633834499,98.41912276145946,98.44418603196972,691
2024-01-05 08:25:00,96.94669644244813,97.7137348252725,96.32732633703174,97.13292000600136,146
2024-01-05 08:30:00,98.65196094242314,99.21039082055849,97.87533839544045,98.65207768829578,185
2024-01-05 08:35:00,99.13115350334618,99.9747299465199,98.57928378429709,99.33976291881596,237
2024-01-05 08:40:00,98.62055281484375,99.03898693141834,97.68148424980546,98.3645472587007,232
2024-01-05 08:45:00,100.48879555586774,100.80564619422034,100.06159073227141,100.40959847415306,221
2024-01-05 08:50:00,99.10043684653334,100.13701034367553,99.15252919723191,99.1959316170227,733
2024-01-05 08:55:00,98.99792237143569,100.17799084260399,99.0205977947493,99.11762946661317,733
2024-01-05 09:00:00,101.3528004123495,101.58093773834271,100.52769293914015,101.35151989214107,367
2024-01-05 09:05:00,101.2731395958024,101.66811544900389,100.42577261974385,100.94516226793358,536
2024-01-05 09:10:00,100.42468504928324,101.07918473465908,99.49704168801625,100.15846079453155,968
2024-01-05 09:15:00,100.04317368404355,100.4092486845424,99.18667726433196,100.20464632780772,105
2024-01-05 09:20:00,99.92124164558199,100.35343554474075,99.579665152512,100.07069577337212,922
2024-01-05 09:25:00,100.71322008774874,101.4025465839849,100.06884458668026,100.45470070488184,100
2024-01-05 09:30:00,100.40301661915876,101.13990852476311,100.22119335267764,100.19235175065847,402
2024-01-05 09:35:00,100.37209789848156,100.45184063690596,99.8928976883522,100.01213588694786,492
2024-01-05 09:40:00,101.04265254143773,101.11793822288848,100.85207900381394,100.92665204996797,433
2024-01-05 09:45:00,101.3908621975026,102.137125547133,100.50188280974331,101.13550929790286,475
2024-01-05 09:50:00,99.54613787353202,100.21005920858602,99.31911183489704,99.86641930635884,145
2024-01-05 09:55:00,99.2811586076717,100.04586114745634,98.11324818089868,99.39069969640366,273
2024-01-05 10:00:00,99.61245607792638,100.28679943987697,99.2696651575853,99.59771001982413,552
2024-01-05 10:05:00,100.47528665715689,101.57634165945743,100.41629366070165,100.36244100109958,397
2024-01-05 10:10:00,100.16322340996214,100.44019840797063,99.26491930502839,99.84206084439701,367
2024-01-05 10:15:00,98.91413949475208,98.98993797470334,98.04044231914929,98.94490945206134,319
2024-01-05 10:20:00,98.12191408196388,98.1855239499136,97.2220122330024,97.86853794440944,419
2024-01-05 10:25:00,98.19902212208598,98.73728010761958,97.96430848742598,98.0952034989519,409
2024-01-05 10:30:00,97.32559868222481,98.15056190339612,96.53131775982325,97.15866439367396,771
2024-01-05 10:35:00,98.1547548508627,98.35645405070744,98.08752652263516,98.38249772575834,697
2024-01-05 10:40:00,100.14825333322943,100.11414755302852,99.10564847079489,99.89414830488923,169
2024-01-05 10:45:00,100.3152474443635,101.22534636399726,100.35938842770769,100.66962968665169,397
2024-01-05 10:50:00,99.8133077964897,100.43037726544658,99.64402340611527,99.62870161662892,684
2024-01-05 10:55:00,97.84569416910429,98.1296551152637,97.10874274522855,97.8398383949198,793
2024-01-05 11:00:00,97.34480467216714,97.26375833838883,96.628328285592,97.19984574811383,817
2024-01-05 11:05:00,96.41966568557933,96.97551191984441,96.13608856115101,96.57349321657814,665
2024-01-05 11:10:00,97.04741694834983,97.6693169516822,96.41715146241053,97.24998742704108,341
2024-01-05 11:15:00,96.53498933981211,97.38113210145949,95.95889556382524,96.59720650853563,790
2024-01-05 11:20:00,96.93707761079777,96.9780245452603,95.87909228813635,96.4554285644935,616
2024-01-05 11:25:00,94.99939839249144,95.34070829249963,94.5487033291512,95.23038449726924,478
2024-01-05 11:30:00,94.85077755855158,94.71351122825683,94.1586073040128,94.5695999845044,476
2024-01-05 11:35:00,94.1266861363025,94.73399631176025,93.61261868929552,94.03340688631415,393
2024-01-05 11:40:00,92.92705865201937,93.05768155913971,92.64562840353462,93.14570540097708,379
2024-01-05 11:45:00,92.40197540659743,93.41675126104774,91.71649161764661,92.36302711332188,924
2024-01-05 11:50:00,93.10702305711219,93.86268725902445,92.62815649394332,93.13061966702077,515
2024-01-05 11:55:00,92.7861712000234,93.31318392128699,92.02166775160211,92.81851564365456,161
2024-01-05 12:00:00,93.04599033450165,93.73184534810764,92.40121954013941,93.35103335109024,622
2024-01-05 12:05:00,92.81152899757632,93.1886769727036,92.50863598949161,93.10604391473689,681
2024-01-05 12:10:00,93.39397097309715,93.6345752538395,93.50084605348361,93.32365785782058,578
2024-01-05 12:15:00,93.97174128723915,94.2265054086814,93.51444537976366,93.32318858065722,887
2024-01-05 12:20:00,95.96089466893451,95.76032843559693,95.29213896400846,95.19455415959652,851
2024-01-05 12:25:00,95.2752228431693,95.20676406049556,94.19406301341351,95.42217807948427,956
2024-01-05 12:30:00,95.93795003505765,96.65176980211085,95.69720831545682,95.69807103652968,490
2024-01-05 12:35:00,97.80863191083854,97.70844430366327,97.20746768457457,97.44302679952575,963
2024-01-05 12:40:00,97.8420354090729,98.71147578856504,97.1842359025524,97.87005976038603,198
2024-01-05 12:45:00,96.64552634240631,97.7131133620004,95.85664095463858,96.70989679584902,230
2024-01-05 12:50:00,97.99276316273065,97.93930994893164,96.97482450645762,98.12966163583305,479
2024-01-05 12:55:00,97.68779680393588,98.70694391533627,97.28568415264361,97.63412974275776,916
2024-01-05 13:00:00,97.47068431053181,97.87908877243261,96.56159918043386,97.56350138246277,885
2024-01-05 13:05:00,96.54991502570452,96.87611758890063,96.39796559632666,96.664477029163,229
2024-01-05 13:10:00,97.70979037448072,97.42876496664215,96.81415292793717,96.95043887235266,333
2024-01-05 13:15:00,96.42494270389017,96.89954685841435,96.3260335650081,96.26807389491736,544
2024-01-05 13:20:00,95.38574022339867,95.8579524780043,94.96994848453404,95.37411070926547,322
2024-01-05 13:25:00,95.17467565034215,95.95966578893852,94.36625506476531,94.97228310818217,672
2024-01-05 13:30:00,95.57748060776896,96.31838347737377,95.62320569087855,95.80314764180632,965
2024-01-05 13:35:00,96.52687197904619,97.15083611979905,96.21061997482713,96.57451072317535,497
2024-01-05 13:40:00,97.34587902754087,98.22850628367809,96.71656120220284,97.69191905914336,535
2024-01-05 13:45:00,97.38363179026392,97.47838450301336,96.84930508461831,97.6445458017838,554
2024-01-05 13:50:00,97.6907398253046,98.52573228009365,97.41258171186705,97.36993573585421,211
2024-01-05 13:55:00,96.70902605875749,96.56695798897377,95.91939790082829,96.25512547953757,905
2024-01-05 14:00:00,95.01629193426268,95.34505162534651,94.46013215662438,94.81526582960726,159
2024-01-05 14:05:00,94.37385680843678,94.49522803732599,93.37641849434814,94.30457248550273,214
2024-01-05 14:10:00,94.04868889971463,95.02148809122667,93.87872087119025,94.71110047775146,371
2024-01-05 14:15:00,93.82678900805219,94.82002783704354,93.83059795086008,94.04358498346551,982
2024-01-05 14:20:00,94.56474141667341,94.95396785305257,94.41180634225762,94.93676509643933,838
2024-01-05 14:25:00,94.74653223412757,95.63607535600656,93.76395116268543,94.48878026924615,348
2024-01-05 14:30:00,92.50119413055745,93.11160389447961,92.13309580662613,92.63869507304473,278
2024-01-05 14:35:00,90.30752994476029,90.90593936566648,89.36641371967214,90.13436880911162,475
2024-01-05 14:40:00,90.34213953338072,90.40786684019695,90.04234160955802,90.20248963643107,101
2024-01-05 14:45:00,90.3178546244133,90.71658496176552,88.85822768182402,89.91245027269827,140
2024-01-05 14:50:00,89.50434151275789,90.07585987908885,89.11841349449112,89.66513826454806,278
2024-01-05 14:55:00,89.5161068641586,90.16298972809435,88.65072980226003,89.35726582698283,717
2024-01-05 15:00:00,89.73664211492114,89.9232702357303,89.32882340411828,90.04499179382826,562
2024-01-05 15:05:00,90.06294948715188,90.01256531299232,89.47293409843553,89.75176206370107,694
2024-01-05 15:10:00,89.72639639472196,90.36793259530353,88.97064665019606,89.9099378130229,462
2024-01-05 15:15:00,91.23020900439097,91.91602000090133,90.3904346287144,90.84897952393432,325
2024-01-05 15:20:00,92.03389225084156,92.5655953127724,91.46846304996345,91.51770196784312,980
2024-01-05 15:25:00,92.65435764702596,92.45217295160496,92.21768341560282,92.33355430068323,397
2024-01-05 15:30:00,92.79367751183301,93.70977953213406,92.414015626008,93.1479194134373,353
2024-01-05 15:35:00,94.55550325155234,94.68700090253212,93.77822860884305,94.50939509093486,465
2024-01-05 15:40:00,92.88410406582824,93.01866749688318,93.00663980488316,93.20393882327298,864
2024-01-05 15:45:00,92.19383191674095,93.4757583761259,91.84692164601553,92.417845655983,313
2024-01-05 15:50:00,93.15589855912228,93.05501955368547,92.80443460993487,92.71688784473423,204
2024-01-05 15:55:00,92.0574659574513,92.1746057669865,91.81995850112502,91.95309570263814,409
2024-01-05 16:00:00,92.7305971275291,93.57830534230219,92.0764663816972,92.61781186603645,622
2024-01-05 16:05:00,91.1466255760613,91.45536653412883,90.42249472516559,90.85133743637344,498
2024-01-05 16:10:00,91.16238338907672,91.53225148719824,90.7139711350249,91.37750063205833,700
2024-01-05 16:15:00,91.8765645484309,92.80818708065358,91.5812451546815,91.96470619156865,224
2024-01-05 16:20:00,91.55132941915187,91.35043625521618,90.54395823728294,91.27496203067749,219
2024-01-05 16:25:00,90.43884020213994,90.74548237406843,89.88356033625888,90.83150560484154,618
2024-01-05 16:30:00,91.03818831786343,91.01361074452937,90.587743465901,90.56243446419757,949
2024-01-05 16:35:00,89.00231289436056,89.56239491200206,88.62840319677639,89.26497040508734,713
2024-01-05 16:40:00,89.7261149108514,89.59199131424596,88.85422052349905,89.21208558024564,133
2024-01-05 16:45:00,89.27355542980933,90.20570084747911,89.17719457859938,89.49091140522883,761
2024-01-05 16:50:00,89.38056175234853,90.26709790326784,89.50086693909878,89.76047285486497,598
2024-01-05 16:55:00,89.71022212135895,90.25650586127263,89.16777171424499,89.26634552557819,462
2024-01-05 17:00:00,89.56165042142979,90.26806219457627,89.69409108356633,89.44506932101517,808
2024-01-05 17:05:00,89.77191227814055,90.2748519549587,89.88871992350718,90.3078210472039,465
2024-01-05 17:10:00,89.99999447369817,89.96640222655408,89.77475702021161,89.84130871589949,209
2024-01-05 17:15:00,88.36208877826576,88.29409074023621,87.96549407309037,87.80543087813199,144
2024-01-05 17:20:00,86.40650631884108,87.19393391562092,85.69101038607604,86.58554148197013,884
2024-01-05 17:25:00,84.82047200838508,85.33362757427723,84.78777137511533,84.95294111109054,951
2024-01-05 17:30:00,84.49828066023828,85.35680765635222,83.6935172712932,84.43111537141817,937
2024-01-05 17:35:00,83.52377119266332,83.71290145291235,83.21553250264192,83.64625488916539,449
2024-01-05 17:40:00,82.37973859012449,82.6124102084925,82.5024766305552,82.42976254250806,274
2024-01-05 17:45:00,81.27318420165972,81.83018247504377,80.9913525705801,81.56623763902618,178
2024-01-05 17:50:00,82.17002675647493,82.82582227142649,81.17784816981028,82.09178825217978,960
2024-01-05 17:55:00,81.46779568407233,81.67578544732687,80.91629984560346,81.67026377153738,950
2024-01-05 18:00:00,80.98403982392149,81.5868978701637,80.33820170177225,80.98759546187986,319
2024-01-05 18:05:00,80.46495324556356,80.58304530006059,80.15143611524165,80.35456012461229,575
2024-01-05 18:10:00,79.07315178452625,79.86140429121076,78.62091868250992,79.46997995492421,403
2024-01-05 18:15:00,78.28695950409727,79.14386238579955,77.2009615154114,78.08091576864213,517
2024-01-05 18:20:00,77.26481735462502,77.85215807048468,76.76131455154082,76.95951626412763,827
2024-01-05 18:25:00,77.37004476732405,78.11764782135798,77.30710302765155,77.52764689577495,374
2024-01-05 18:30:00,77.39043907967265,77.98105221205401,76.47116898463865,77.33552538680284,582
2024-01-05 18:35:00,77.80198900055906,78.57988678713188,77.72983044294644,77.53541868433292,164
2024-01-05 18:40:00,79.09667784510934,79.07316077080355,78.37038174789383,79.19068617872952,717
2024-01-05 18:45:00,78.70710977355233,79.2210329014981,77.60975415073008,78.71627000664681,190
2024-01-05 18:50:00,77.59633259005685,78.40105467517068,77.65872690171008,77.97509050754248,483
2024-01-05 18:55:00,76.76114134287654,77.44741024386097,76.47962300772782,76.70755205087654,603
2024-01-05 19:00:00,77.61483636336027,78.23109551803493,76.41560132303789,77.3046933842732,730
2024-01-05 19:05:00,77.34506142522534,77.77725954287327,77.41326833521336,77.39739507920481,466
2024-01-05 19:10:00,76.97713941875423,77.68052754827282,76.25524394935609,76.74263206748495,942
2024-01-05 19:15:00,76.56858714513676,77.28097786393995,75.79017128089694,76.94637857526023,355
2024-01-05 19:20:00,76.71386003015935,78.0657835227889,77.17143968312587,77.21520601511965,153
2024-01-05 19:25:00,77.32059039340844,78.24165549123178,76.52488515335985,77.5114186138473,587
2024-01-05 19:30:00,76.89371933829251,76.87837212723552,76.63028535189952,76.89723208263807,146
2024-01-05 19:35:00,77.25850095163749,77.13670284810497,76.74540630580013,76.65357270238549,420
2024-01-05 19:40:00,76.8877794083707,77.29621943399886,76.56433039820264,77.26353596413176,679
2024-01-05 19:45:00,76.688140670468,77.42425040391093,76.71464574536313,76.47073221060636,830
2024-01-05 19:50:00,76.59684535338783,77.6349116822174,76.85988871994421,77.12010460282379,237
2024-01-05 19:55:00,78.36327412318465,79.40329025473537,77.98905924869413,78.81152063148318,910
2024-01-05 20:00:00,78.6839254146358,79.72107214085776,78.37489948767194,78.93927094282768,178
2024-01-05 20:05:00,79.30322959839826,79.94270863965212,78.36425684906676,79.29869006070386,246
2024-01-05 20:10:00,79.58172162508644,79.91942736776578,79.2443312441296,79.35361392946793,852
2024-01-05 20:15:00,78.97111246174006,78.89044683527531,77.89286819591783,78.35541469636216,229
2024-01-05 20:20:00,78.74138030166229,79.5666188388935,78.71262360779139,79.17119112214385,575
2024-01-05 20:25:00,77.3183737180773,77.79640974741126,76.82452794254962,77.19568260095983,810
2024-01-05 20:30:00,77.05048754177128,77.94260819677545,76.74942795944021,77.15112432522939,380
2024-01-05 20:35:00,77.60740813939545,77.726780072477,76.61515532900607,77.60013960260079,285
2024-01-05 20:40:00,77.74157226172503,77.93778653694535,77.87712029426258,78.02799603347555,812
2024-01-05 20:45:00,78.10592657071678,78.33398690350546,76.99497701644124,77.9032276055667,476
2024-01-05 20:50:00,78.04028479776409,78.46178878408256,77.50306754991944,78.60700749446052,456
2024-01-05 20:55:00,77.58161775387401,77.92556655847798,76.70896819815472,77.76055191003266,584
2024-01-05 21:00:00,77.22519276307516,78.03930652537595,76.94900905424498,77.43197339603888,117
2024-01-05 21:05:00,75.92419701881376,76.84450080918225,75.29563562684497,76.18300675694255,566
2024-01-05 21:10:00,75.97452339041907,76.48499802249245,75.36009726520093,75.65933092379395,190
2024-01-05 21:15:00,76.03025105419201,76.27451127472641,76.0726021069139,76.21828247022701,301
2024-01-05 21:20:00,75.533292981938,76.47455023773512,74.882959705916,75.92558860533995,662
2024-01-05 21:25:00,77.5907658107891,78.18800243510331,77.3624324063138,77.63988438995462,565
2024-01-05 21:30:00,77.39598835864157,78.11136610235955,76.97315725532428,77.3857597455047,513
2024-01-05 21:35:00,78.90881778820956,79.79489582836086,78.11457441537523,78.59746627304543,818
2024-01-05 21:40:00,79.51502867157775,79.62764571271325,79.0188806500423,79.40485646495021,790
2024-01-05 21:45:00,78.5547795096489,79.37775871257993,78.39234856735615,78.53690172838745,946
2024-01-05 21:50:00,77.34843942899677,78.32570658906623,77.08198652246409,77.68667546841431,600
2024-01-05 21:55:00,77.30284248838602,78.02030011673088,77.01830274341042,76.89104272763609,594
2024-01-05 22:00:00,77.45125591637826,78.42574499351102,77.72994059376205,77.5347344708439,116
2024-01-05 22:05:00,78.53938474272128,79.2772126125406,78.31886658055393,78.36766107575352,564
2024-01-05 22:10:00,77.31008276161664,78.44573480440012,77.18409663170246,77.47141096565981,481
2024-01-05 22:15:00,77.51898888299016,78.3151984481454,76.5127083343167,77.75461970184278,178
2024-01-05 22:20:00,77.8723352783586,78.31173021555581,77.71768358559838,78.11487929276744,480
2024-01-05 22:25:00,77.85158042811167,78.91161349432669,77.12495602655007,78.35206180147064,232
2024-01-05 22:30:00,78.53237154995053,78.92292893063781,77.58165591437039,78.45161942319909,656
2024-01-05 22:35:00,78.29386575970817,79.33411683288003,77.99201975500885,79.22347058411256,550
2024-01-05 22:40:00,77.1766821786173,78.11935639581374,76.16254548644021,77.33601455064175,483
2024-01-05 22:45:00,77.6180441476996,77.87809900801233,76.87144836170799,77.62343321526706,109
2024-01-05 22:50:00,78.71179300119638,79.80870539501214,78.79024970466675,78.7695730242746,808
2024-01-05 22:55:00,77.80519301976163,78.15411892065256,77.30100070591806,77.91191921097237,582
2024-01-05 23:00:00,77.0288088319928,77.84981566865292,76.99066731997918,77.50353326849344,240
2024-01-05 23:05:00,75.5529661874394,75.63990849288368,74.51042830594395,75.54544820835791,271
2024-01-05 23:10:00,76.0469077081731,75.86624824895337,74.90865436598213,75.85672731934473,388
2024-01-05 23:15:00,76.09404369244538,76.80864343940713,75.49581978801493,76.29281302637942,712
2024-01-05 23:20:00,77.50427568965176,78.22977792324713,76.61223367178651,77.40476299241102,326
2024-01-05 23:25:00,76.88089723992199,76.9707143457661,75.87840969281005,76.53633087473725,572
2024-01-05 23:30:00,77.019299874476,78.0391443580382,76.96951331922608,76.88667231638068,908
2024-01-05 23:35:00,78.60779829393401,79.83026918483183,78.28738207294141,78.75091269713282,471
2024-01-05 23:40:00,80.5072646993712,81.01703562712592,80.3302222244566,80.33142221251194,883
2024-01-05 23:45:00,82.3566557574297,83.19230556507483,81.92940963496135,82.32024815563128,836
2024-01-05 23:50:00,82.1037805275177,82.30725831996519,81.62101754820387,82.04542180375412,146
2024-01-05 23:55:00,81.59441333204562,82.1675281408332,81.31978135718377,81.76997923532113,430
2024-01-06 00:00:00,82.26719463618998,82.67671288235849,81.67495775898522,81.77317248090242,499
2024-01-06 00:05:00,82.55178640093771,83.09526622912108,82.25053032111822,82.17684692996004,971
2024-01-06 00:10:00,84.04839953528439,84.77255217441328,83.87477262386531,84.22723645831348,749
2024-01-06 00:15:00,85.51001470138954,86.24035083638732,85.08204169833425,85.28069685324401,270
2024-01-06 00:20:00,84.83797079473025,85.88667806345171,84.46693605807218,85.02093350916222,905
2024-01-06 00:25:00,86.38507600214486,86.18269839452086,85.66281746955255,85.96832596726175,124
2024-01-06 00:30:00,87.53052388964602,88.295628233284,86.68266042564625,87.62008338410496,148
2024-01-06 00:35:00,88.02845054985723,88.26887105972025,87.93230604213055,88.51751171195635,544
2024-01-06 00:40:00,87.0812299888167,87.69284376462588,86.23121946654905,86.80525904066002,527
2024-01-06 00:45:00,86.19272047942897,86.97136022064188,85.5893367940987,86.33085480717533,856
2024-01-06 00:50:00,86.52402291329159,86.56728361730327,85.64810120637816,86.30454369735487,682
2024-01-06 00:55:00,87.0443233937847,87.37414301302996,86.23579153608817,86.93677206553843,144
2024-01-06 01:00:00,87.01903159062945,87.36415370027512,86.69732038392476,86.56991231283408,902
2024-01-06 01:05:00,87.26480239469817,88.10265579673786,86.46638911457337,87.40970387662219,166
2024-01-06 01:10:00,87.6072160506468,87.71157811080218,86.93175305727176,87.73785824120222,191
2024-01-06 01:15:00,87.54673226602434,88.50351687369985,87.41685443623074,87.8216333622166,107
2024-01-06 01:20:00,87.53172620628534,87.56130900978792,86.61877671241913,87.0721494326809,356
2024-01-06 01:25:00,86.6173353537611,87.35646453519617,86.42740555456152,86.66116441049434,530
2024-01-06 01:30:00,87.00937707715002,87.14966996279355,86.70905950083558,87.02035825990549,835
2024-01-06 01:35:00,87.75000653016959,88.09800747063188,87.25753122465244,87.75950986238674,217
2024-01-06 01:40:00,88.92319225419618,88.74922531204577,88.13127787867103,88.72071385855813,288
2024-01-06 01:45:00,89.07984844517732,89.33172840293199,88.98995351028863,89.52281524131743,558
2024-01-06 01:50:00,90.26492719393123,90.36599525146246,89.61592437368766,90.04580768507557,309
2024-01-06 01:55:00,92.09828914755585,92.7149014640433,91.77304274165347,91.92228905869686,249
2024-01-06 02:00:00,91.92186035272593,92.51769145929941,92.18135020433576,92.54245724831026,749
2024-01-06 02:05:00,91.7126729662851,92.05394477505014,91.77665231868835,92.11400973735941,689
2024-01-06 02:10:00,91.17231793957073,91.5780519599245,90.55580945754491,90.86607391138433,205
2024-01-06 02:15:00,90.48945401452188,90.80204888839705,90.34605321910003,90.69202328910725,256
2024-01-06 02:20:00,90.9654276533118,91.10633634589206,90.81478464836366,91.02395049761924,266
2024-01-06 02:25:00,91.43476536947338,92.07463279498243,91.39294141571463,92.3503056941078,372
2024-01-06 02:30:00,93.32314169408347,93.89108958729483,92.80811291986429,93.47006948899184,243
2024-01-06 02:35:00,92.62972663085333,93.15884715510931,92.18782998052824,92.8155670036503,113
2024-01-06 02:40:00,91.95389095788062,92.80757284525845,91.76305019639607,91.64449490570661,668
2024-01-06 02:45:00,91.87269990552893,92.22418028975805,91.18218195658008,91.83180471400078,402
2024-01-06 02:50:00,92.03860063896796,93.01136980747918,92.08772380904848,92.30252744889576,214
2024-01-06 02:55:00,91.8709529929441,92.32213947085087,91.38264989248461,91.94331605323737,111
2024-01-06 03:00:00,92.03241925846577,92.52413389989364,91.54246167451831,91.76490246167153,713
2024-01-06 03:05:00,91.19316653917431,91.7149523381156,90.51580153073029,90.63481578864413,709
2024-01-06 03:10:00,90.00956663724865,90.33924977005951,90.0164333788521,89.797088809054,228
2024-01-06 03:15:00,89.11906831865011,89.62173983370742,88.36114632659383,88.97116986254304,148
2024-01-06 03:20:00,91.00986514825874,91.74436194566633,89.87986630782741,90.61778453349223,363
2024-01-06 03:25:00,89.99895896708429,90.10951168939064,89.62671505061846,89.51182035731782,886
2024-01-06 03:30:00,90.01535468623102,90.57803039360958,89.73696957216892,90.37449802199896,425
2024-01-06 03:35:00,91.05308757947668,91.4058865843855,90.37057704317449,91.33962058665229,333
2024-01-06 03:40:00,90.61187274233652,90.77709751777483,89.54243803449128,90.60472552800637,820
2024-01-06 03:45:00,92.52974629118867,92.89041598818092,91.95573749880116,92.60286049430547,249
2024-01-06 03:50:00,93.34629097484323,94.37488437123201,92.80916326489668,93.38675777930129,861
2024-01-06 03:55:00,94.10169602282156,95.01230595763379,93.70436187492923,93.87908617208743,897
2024-01-06 04:00:00,95.07344341043313,95.14609398215856,94.12969138207194,94.79264694983621,355
2024-01-06 04:05:00,95.25763616820208,95.2659135122471,94.09684443408608,95.07326562286698,498
2024-01-06 04:10:00,96.41140104819202,97.34187497835067,96.46474792955362,96.70683364101916,880
2024-01-06 04:15:00,96.72555147207113,97.27710013539341,96.29544302676703,96.8023598290842,299
2024-01-06 04:20:00,95.93381751658099,96.2768487320189,94.85619299498104,95.48573971139196,578
2024-01-06 04:25:00,95.65188822194484,96.65374762108799,95.220624223335,95.87100171870345,303
2024-01-06 04:30:00,95.49043236493601,95.58437377088094,94.69959004725132,95.2881553645259,925
2024-01-06 04:35:00,95.68033083927489,95.96408454862865,95.17928046598875,95.34048585985823,116
2024-01-06 04:40:00,95.15743543674836,95.25486304243094,94.25707345369199,94.85893944963627,241
2024-01-06 04:45:00,95.58978280863138,96.30771592112029,95.28489073186354,95.55073086463845,734
2024-01-06 04:50:00,94.64059833069581,95.28718219767444,93.60856188146032,94.22677414328909,137
2024-01-06 04:55:00,93.27795968479953,93.51291696044511,92.41427297133464,93.38603215289588,313
2024-01-06 05:00:00,93.6048348678526,93.60751172190898,93.31923953236763,93.49404544639829,745
2024-01-06 05:05:00,94.2164391755814,95.17200810649719,93.65346113514312,94.41579380229642,750
2024-01-06 05:10:00,94.36623982177493,94.43413014553842,93.45140006798229,94.02238550032604,758
2024-01-06 05:15:00,95.33508515405603,95.5137619651335,94.77160296746315,95.09998307869019,410
2024-01-06 05:20:00,95.22655834742756,95.561180275173,94.2707659319903,95.1326382211787,357
2024-01-06 05:25:00,95.58885087505526,96.03147599465346,94.67660772640495,95.31676502462419,370
2024-01-06 05:30:00,95.449697328646,96.45809007928455,94.63898739867611,95.59827970217006,309
2024-01-06 05:35:00,96.18850243800398,96.9482635737217,95.80901988705308,95.91824448971241,525
2024-01-06 05:40:00,94.8496655505436,95.4589612658484,94.37534286454103,94.97122200096048,269
2024-01-06 05:45:00,94.80052306026474,95.28410875517014,94.68211850904308,95.18793861869362,389
2024-01-06 05:50:00,95.32339560485018,95.58117061414151,94.37136862246098,95.2816979707331,708
2024-01-06 05:55:00,96.95996119949557,97.66385235809223,96.29932990229246,97.08240648755792,715
2024-01-06 06:00:00,97.24853445492911,97.24264411918509,96.8959741546798,97.24001371701684,100
2024-01-06 06:05:00,96.31719131261447,96.86686238470833,95.81449117771139,96.49196676685008,314
2024-01-06 06:10:00,94.60724370834905,95.09147215867223,94.34087170598757,94.72820494636616,968
2024-01-06 06:15:00,92.07778537716342,92.18249645716729,91.32365299445416,91.97466449725047,842
2024-01-06 06:20:00,92.76973880295512,93.56677344083381,91.94192334444367,92.81379723594935,479
2024-01-06 06:25:00,94.04741055730831,94.6190414912381,93.90034460029267,94.26947148022823,187
2024-01-06 06:30:00,94.89982178073117,94.68983983774555,94.08694897938824,94.43020519011742,990
2024-01-06 06:35:00,94.28878668706453,94.49438641313043,93.82462913228167,94.26772851498431,936
2024-01-06 06:40:00,93.75069712693237,93.92450022257746,93.18794206803712,93.47329156627725,543
2024-01-06 06:45:00,93.68981534404018,94.38016454462203,93.21524258940352,93.94602263507606,701
2024-01-06 06:50:00,95.41701206732576,96.13989013833965,94.40563690101419,95.22491335435902,332
2024-01-06 06:55:00,95.61238772378876,96.16525559223125,95.04980796450752,95.84546287545372,854
2024-01-06 07:00:00,95.30594256469641,96.01414632447644,95.40441554911096,95.256189835553,131
2024-01-06 07:05:00,96.60170206356538,97.74554129703007,96.40590777510222,96.46545356962517,667
2024-01-06 07:10:00,96.92419482678106,97.53643675729492,96.73582709987589,96.96715993567665,332
2024-01-06 07:15:00,97.49643659274415,97.79551398888272,97.20001299365018,97.21528529783797,307
2024-01-06 07:20:00,96.83053798437223,97.0059533251126,96.3580362097537,96.7874261251793,240
2024-01-06 07:25:00,98.66451938988928,99.69779799734896,98.11154620657727,98.62850215286817,702
2024-01-06 07:30:00,99.49067063689574,100.4646854905383,98.75677558322256,99.41274693451179,867
2024-01-06 07:35:00,98.8859554498537,99.53555706215151,98.316150321086,98.47104034996674,260
2024-01-06 07:40:00,98.56011853907901,99.48753112673039,98.45914670057682,98.2224841749277,809
2024-01-06 07:45:00,100.14640413975079,100.79573312920921,99.77466885484243,100.09812281416612,213
2024-01-06 07:50:00,98.61295046404055,98.59455984235134,98.34251675101983,98.5291971213051,520
2024-01-06 07:55:00,98.66583312109023,99.06397572101636,98.69393478078463,98.88771777516205,708
2024-01-06 08:00:00,97.24133868567661,97.11119984476844,96.08964676175394,97.20679874698723,379
2024-01-06 08:05:00,97.94794194347745,97.98111433940694,97.18193302119617,97.65709385690499,651
2024-01-06 08:10:00,99.14744667561484,99.74558693267431,99.07605277931185,99.33119223604336,780
2024-01-06 08:15:00,98.39070055812223,99.2797947132512,97.52151283303432,98.79151393483832,405
2024-01-06 08:20:00,99.21175814972447,100.33367500968644,99.51596226291637,99.54159258397799,231
2024-01-06 08:25:00,98.25283282068243,98.49309334924864,97.17948252690306,97.79187446635194,507
2024-01-06 08:30:00,96.28906058196438,96.89776218214016,96.34207589925252,96.61047981950347,991
2024-01-06 08:35:00,95.3329610934037,96.29536812392404,95.32614516653368,95.59000195595705,599
2024-01-06 08:40:00,95.87100410613006,96.03888923724523,94.80488193563535,95.45655502980345,402
2024-01-06 08:45:00,93.88824387145407,94.64371979076819,93.01179878717129,93.78925855776644,287
2024-01-06 08:50:00,94.92156848995764,95.43395843654908,94.80009813873326,95.15352386511202,654
2024-01-06 08:55:00,94.36758314200038,95.05387899809423,93.64360779168537,94.56192268351997,375
2024-01-06 09:00:00,95.46862959320903,95.7650024251978,94.89041887167532,95.44944278330814,442
2024-01-06 09:05:00,97.22791597207134,97.70187638969368,96.32516254864902,97.21617173778235,149
2024-01-06 09:10:00,97.87153441730834,98.67654091905283,97.22499798114498,97.99397356066974,629
2024-01-06 09:15:00,98.96892565434143,99.22433334612138,98.88205403443908,98.97942743098814,815
2024-01-06 09:20:00,99.3592020438044,99.67244858068253,98.75314399648308,99.06372617665279,885
2024-01-06 09:25:00,99.57298680062937,100.22648745985182,99.73098809433677,99.8377761517113,182
2024-01-06 09:30:00,99.93419677313332,100.34373353067174,99.45871321296264,100.1550835486614,957
2024-01-06 09:35:00,100.63974276432798,100.94842812895656,100.6344939133837,100.54938727878265,391
2024-01-06 09:40:00,99.43314488210562,100.53525094490102,99.17728889325608,99.5992697973873,170
2024-01-06 09:45:00,98.36559987131275,99.25130715455354,97.78518497179189,98.79159087568195,792
2024-01-06 09:50:00,98.40687152482829,98.84527341961429,97.84741002937315,98.13172106482861,707
2024-01-06 09:55:00,98.5148602297823,99.55307844250727,98.52718768199479,98.70841236179437,771
2024-01-06 10:00:00,98.59699250486841,98.73359574533492,97.69805504827626,98.2770735398051,800
2024-01-06 10:05:00,98.52180674100904,99.08489823142325,97.39508162674483,98.63966588632539,502
2024-01-06 10:10:00,98.3756010300028,99.561684136812,98.54576094471818,98.70758500101118,287
2024-01-06 10:15:00,98.7753618861013,99.97701044253907,98.90431402871424,99.0299242417251,188
2024-01-06 10:20:00,98.11961552517468,98.97590119749718,97.65967538960078,98.19570414137233,192
2024-01-06 10:25:00,95.56663799881846,96.46392201954966,94.93357226299825,95.76468175452275,782
2024-01-06 10:30:00,94.85665879694086,95.44505959787682,94.18322851780597,94.53233448315079,659
2024-01-06 10:35:00,94.06500230486759,94.53310527963426,93.89006339390097,94.46909611632151,569
2024-01-06 10:40:00,94.19434142403517,94.58789470662693,93.37768885254617,94.47562628747106,460
2024-01-06 10:45:00,94.96368243724137,95.53470594390217,94.4123651452558,95.02838625155255,574
2024-01-06 10:50:00,95.93493115446374,96.81394470516707,95.00567679223529,95.85893805246012,498
2024-01-06 10:55:00,95.84180107982154,95.92620406747439,95.21141286056411,95.80205013826972,428
2024-01-06 11:00:00,94.93881539644939,95.78825304407425,94.74452264136276,94.7910805345188,208
2024-01-06 11:05:00,95.34059206925335,95.96315492727176,94.54785301094846,95.05447935881016,354
2024-01-06 11:10:00,95.51883170496257,95.97518822866446,94.99172770070943,95.45590788908441,276
2024-01-06 11:15:00,95.63588005642944,96.3066142789951,95.09159835062017,95.25353228888065,211
2024-01-06 11:20:00,96.76938271201914,97.58701267072884,96.23383035320539,97.38303376863131,690
2024-01-06 11:25:00,96.08238451173241,96.50057680995309,95.5549255207035,95.96586179670032,524
2024-01-06 11:30:00,95.58277888380917,95.68917213232432,94.65359010871138,95.46252625276733,337
2024-01-06 11:35:00,95.20724239097753,95.95707273407761,94.78943234340403,95.31670975432449,395
2024-01-06 11:40:00,95.50487728040079,95.66362877183236,95.08053962938497,95.28177501896376,234
2024-01-06 11:45:00,94.81223000530792,95.27321473727214,94.29531873179417,94.90943561967674,445
2024-01-06 11:50:00,95.20527940027073,96.40788425318635,94.77010411920462,95.21653699573754,769
2024-01-06 11:55:00,95.58894187432996,95.8517276636496,95.09650663661161,96.10472756696498,498
2024-01-06 12:00:00,95.48670418023569,95.85359295626611,94.77021549010338,95.35300688704014,306
2024-01-06 12:05:00,94.8236751603466,95.4357820557808,93.77651647520233,94.40202082835734,454
2024-01-06 12:10:00,95.42139666247795,95.50765142880438,95.29711690677756,95.34137317529951,457
2024-01-06 12:15:00,96.61601591315612,96.53906056526503,96.16507625696863,95.85367581049088,947
2024-01-06 12:20:00,95.2447198380393,95.93239817038138,94.51674955510126,95.49214753134089,179
2024-01-06 12:25:00,93.57524485759438,94.48769917686977,92.60672278249267,93.49617669605536,749
2024-01-06 12:30:00,94.75146048611042,95.92292454535362,94.45487344179762,94.92744250630027,957
2024-01-06 12:35:00,93.63049821488912,95.18327991309359,93.622061568062,94.53748184289587,966
2024-01-06 12:40:00,94.95900530883414,95.03117425805739,93.68558680630358,94.69526192995555,482
2024-01-06 12:45:00,94.61430809176025,95.23324005512549,94.300094549495,94.75025323683323,359
2024-01-06 12:50:00,94.15611588818956,94.54956332945035,93.31226952333344,94.17946798162225,717
2024-01-06 12:55:00,94.84242467054247,95.61136442998921,94.65871100118896,94.96423962511467,953
2024-01-06 13:00:00,95.04216097203961,96.12086239727962,94.53047271955636,95.18989481304267,799
2024-01-06 13:05:00,94.49730704659233,94.93404881675883,93.61542906547638,94.33028304087713,844
2024-01-06 13:10:00,95.46941170087595,96.0415923180484,94.69201299918196,95.21456869724734,339
2024-01-06 13:15:00,93.77664031210048,94.20537815217274,92.87937021676406,93.92648302212102,235
2024-01-06 13:20:00,92.28587632523964,92.49805140434795,91.97330170191343,92.66777270955123,572
2024-01-06 13:25:00,92.55164420554587,93.587560768431,92.54081324686685,92.80541163269069,912
2024-01-06 13:30:00,92.25962306537826,92.98134155403396,91.50704830499203,92.25812796650851,567
2024-01-06 13:35:00,92.96479471354097,93.78712501308597,92.2397494047936,93.09940956838896,761
2024-01-06 13:40:00,90.92298680026711,91.02940446402032,89.96662804902863,90.93328415287058,482
2024-01-06 13:45:00,91.24109509528088,91.55250173274841,90.62486588626824,91.0936624243397,593
2024-01-06 13:50:00,93.03477249983436,93.20590840833977,92.09980848399076,93.04128277305415,248
2024-01-06 13:55:00,92.21989987672809,92.47024572058939,91.5838412228442,91.69374186344082,616
2024-01-06 14:00:00,91.90041182022735,92.31387872133845,91.79866421612452,91.9138351459889,498
2024-01-06 14:05:00,92.12523292377827,92.68889602619349,91.32723912071448,92.11673396131532,410
2024-01-06 14:10:00,92.66827487760771,93.38696698452759,91.7255566706946,92.37723019493399,209
2024-01-06 14:15:00,93.89855701701501,94.19738958895539,93.58152121988327,93.99363422303662,534
2024-01-06 14:20:00,95.64988760171231,96.24500835787526,94.81337719089582,95.32590971900264,956
2024-01-06 14:25:00,94.72936809029785,94.9196121958603,94.41178591571612,95.05370642665926,450
2024-01-06 14:30:00,94.27499253947387,94.86149257853138,94.30018419016183,94.6504658548787,568
2024-01-06 14:35:00,95.78656231171954,96.13996008621658,95.03349103399187,95.97899690451399,555
2024-01-06 14:40:00,96.23345149762893,96.47273581020485,95.45777098204348,95.96522301317137,827
2024-01-06 14:45:00,96.83464295234194,97.0572441800813,95.92147416908077,96.81567209700063,786
2024-01-06 14:50:00,97.28519636487154,97.74443483900674,97.70011626812435,97.58742435328013,201
2024-01-06 14:55:00,97.45371905219244,97.4671535234555,97.38346287414345,97.11756857370496,381
2024-01-06 15:00:00,97.07763829792215,97.28702961096074,96.73588115396264,96.88970162702218,935
2024-01-06 15:05:00,98.16509096803472,98.31280423648668,97.55836129653257,97.48692778120127,117
2024-01-06 15:10:00,97.88826937018037,98.88956472249342,97.37990760362224,97.69468515970892,314
2024-01-06 15:15:00,97.76269581438787,98.57267066323953,97.31187243390005,97.755913108873,919
2024-01-06 15:20:00,97.61532209556853,98.24696940454861,96.7281059982136,97.9145282688321,649
2024-01-06 15:25:00,97.61752009882414,98.21981137095953,97.07281607281723,97.50531600924866,593
2024-01-06 15:30:00,100.24942332565365,100.44770660078554,100.04047840704739,100.32819271559812,831
2024-01-06 15:35:00,99.5662660553316,100.45580147550965,98.67226859828777,99.29571269604385,323
2024-01-06 15:40:00,99.6582232553383,99.96868832614526,99.6177967029702,99.77255072134979,274
2024-01-06 15:45:00,100.23850103845248,100.4023488208146,99.68970068806696,100.0501587266408,699
2024-01-06 15:50:00,99.67350681647822,100.14055250475347,99.43658846197542,99.74848907706897,121
2024-01-06 15:55:00,99.02384641907297,99.387811195399,98.51724216926293,99.07212139138598,876
2024-01-06 16:00:00,98.51707978354356,99.08556381736561,98.01933764174929,98.51404132980397,543
2024-01-06 16:05:00,98.34492835388839,99.1210579173919,98.07592466404569,98.49648685569075,278
2024-01-06 16:10:00,97.78447363976039,98.58084994816731,97.37468649510753,97.70748562355111,169
2024-01-06 16:15:00,97.44471689767587,98.12156698983793,97.37730287772825,97.59835449849997,506
2024-01-06 16:20:00,99.06088790661505,99.46766944455905,98.25384547526225,98.45544250763083,930
2024-01-06 16:25:00,100.1142547697241,100.18985677857576,99.64621963134617,100.14087881224671,227
2024-01-06 16:30:00,98.32757884228997,99.00575422251147,97.87603946937148,98.22022765052557,946
2024-01-06 16:35:00,98.39962327436582,98.71611282713691,97.56231549249172,98.41822890393115,587
2024-01-06 16:40:00,98.45155483818874,99.55298701939054,98.56068046654148,98.57882875504689,202
2024-01-06 16:45:00,99.40592148690436,99.88593426442293,98.62406219698228,98.94795340701774,965
2024-01-06 16:50:00,99.95024929721617,101.14897281807825,100.1143166123617,100.32659993479014,687
2024-01-06 16:55:00,99.89717662674316,100.27639703612978,99.12371930778096,99.5616477545507,656
2024-01-06 17:00:00,99.89009040151832,100.12332542126423,99.68845518238024,99.65896780152538,898
2024-01-06 17:05:00,100.34411042518805,101.05289450961067,99.75656791682601,100.52017230269486,293
2024-01-06 17:10:00,99.94338142714406,100.73086334520198,99.23266510240802,100.13660376572541,419
2024-01-06 17:15:00,101.60615020909535,102.35936941209029,101.5335780460039,101.6302517847263,197
2024-01-06 17:20:00,100.6880958487796,100.88477262893524,100.27336937073922,100.52793237615954,727
2024-01-06 17:25:00,101.75994911162228,101.96958753464786,101.26593301977015,101.71925396746325,258
2024-01-06 17:30:00,101.48164301540291,102.41597274303979,101.39935978205513,101.1715938695293,626
2024-01-06 17:35:00,98.64109399718161,98.56637760834462,97.9410497242649,99.06762127849836,444
2024-01-06 17:40:00,98.66884172199454,99.44552834754025,97.71567164639865,98.87309631327106,152
2024-01-06 17:45:00,98.27012495968344,98.12895997798951,97.30435163093581,97.91119660673878,196
2024-01-06 17:50:00,97.00187670175113,97.23503785906559,96.46085681330403,97.00977609496307,375
2024-01-06 17:55:00,97.32054333913108,98.1435289659146,96.57251002932003,97.11503629079075,993
2024-01-06 18:00:00,95.98792338432233,96.61415321406197,95.99605322043048,96.56289631953712,773
2024-01-06 18:05:00,97.20514673229538,97.90453013925554,96.24176316002452,97.10670372694037,919
2024-01-06 18:10:00,96.99030045274141,97.66106568017887,96.91732496504443,96.8779118340618,147
2024-01-06 18:15:00,96.89519812220671,97.04667409997332,96.37990536206406,96.50552964727936,227
2024-01-06 18:20:00,96.35579264560438,96.43761372691651,95.462981943194,96.58993695339743,155
2024-01-06 18:25:00,96.8927539839461,97.16519069575821,95.79376464023873,96.25943325404788,341
2024-01-06 18:30:00,96.51635190056484,96.87843239087488,96.59706653624379,96.7636498265631,900
2024-01-06 18:35:00,98.06490577390939,99.01259491708117,98.0398585467594,97.99956744124783,256
2024-01-06 18:40:00,98.7330904452599,98.79358952106757,97.76320301966847,98.15524316150176,210
2024-01-06 18:45:00,98.02437515062054,98.56265363453565,97.72623983458121,98.07787272585735,368
2024-01-06 18:50:00,98.5294110920604,98.45960743264641,98.0465551032747,98.19688658286827,362
2024-01-06 18:55:00,99.14632873449912,99.85189669930152,98.26667360805159,98.91994005630724,104
2024-01-06 19:00:00,98.48106283529977,98.49680418926532,98.26746944035469,98.45436097597924,713
2024-01-06 19:05:00,98.58325655942087,99.53520488795196,98.84997441481947,98.71868202923513,157
2024-01-06 19:10:00,98.48070263605337,98.40911347470647,97.84198191934854,98.29675046498367,914
2024-01-06 19:15:00,97.55741285896138,98.23249470532984,97.27564970115357,97.76130551065253,763
2024-01-06 19:20:00,98.72426776501885,98.5994702103046,97.67420569271493,98.40477693202052,304
2024-01-06 19:25:00,96.02870916258614,96.75805620955732,95.47968718693289,95.90360012586473,240
2024-01-06 19:30:00,95.91868155221674,96.56380196665697,95.40108978325098,96.27008285611315,577
2024-01-06 19:35:00,96.31506942840188,97.32575599159313,95.92640178594533,96.33988100732593,155
2024-01-06 19:40:00,95.3757808908864,96.34972355787725,95.12533378776108,95.52206515432376,851
2024-01-06 19:45:00,97.7111245186142,98.23955237788174,97.26833546980549,97.80768348288485,526
2024-01-06 19:50:00,99.10671418830913,99.4651991013458,98.81293099505157,99.45241437325647,859
2024-01-06 19:55:00,99.09719619943118,99.9208776225915,98.43621973748486,99.24456126338616,932
2024-01-06 20:00:00,100.45803064667005,100.8563717230458,99.99745731498979,100.76309123227256,112
2024-01-06 20:05:00,99.46721804486121,99.59269810760448,99.18738623943672,99.306250949844,679
2024-01-06 20:10:00,99.72022883434771,100.30450713051988,99.52001598976422,99.98551745991541,525
2024-01-06 20:15:00,100.68160945569736,100.51576535755979,99.77623607861298,100.38472039065483,447
2024-01-06 20:20:00,102.42324240114219,102.66489314143897,102.18374210850112,102.34000708732529,121
2024-01-06 20:25:00,102.78754269673881,103.80023661891977,102.17676502427256,103.1380046122838,101
2024-01-06 20:30:00,102.78956044659238,103.67251578833809,102.37536166269234,103.34716942743292,484
2024-01-06 20:35:00,103.6241029197292,103.87224717716641,103.68204766441237,103.77702259485147,271
2024-01-06 20:40:00,102.37229983922151,102.68336350995867,102.41679069870108,102.4460869993504,316
2024-01-06 20:45:00,100.13437519764105,100.71979998502805,99.75045169092954,100.37057256413937,837
2024-01-06 20:50:00,99.22907713812332,99.77645466973016,98.95903225429649,99.264862894386,677
2024-01-06 20:55:00,99.65505682580785,99.93626318511902,98.84024922799404,99.37389455180012,341
2024-01-06 21:00:00,99.02612970739256,99.20156610761418,98.13171218755272,98.97790292984165,659
2024-01-06 21:05:00,99.5944309225145,99.90693673855996,98.48857495570243,99.30940735095997,646
2024-01-06 21:10:00,99.00447353482134,100.17017820671214,98.80428574761609,99.17729258077978,984
2024-01-06 21:15:00,99.85708007722849,101.06733463265785,99.64305152001933,100.23399620297455,379
2024-01-06 21:20:00,102.00284787987147,102.39862487063107,101.86228758303429,101.85146554245489,291
2024-01-06 21:25:00,101.76463040153676,101.74886626669925,100.9473927923757,101.76184295705514,143
2024-01-06 21:30:00,100.6807800045117,101.16238032542496,99.75674576897498,100.4963240694228,813
2024-01-06 21:35:00,102.21046775347483,102.46421079535743,101.60963936807511,102.02240363098858,868
2024-01-06 21:40:00,102.13384057973568,102.11591270291746,102.01867134219341,101.85222453859656,486
2024-01-06 21:45:00,102.309378195424,102.71689180368676,101.83483958181947,102.03379308209301,725
2024-01-06 21:50:00,103.02806575847059,102.74625626832031,101.64490708911251,102.4476873608752,517
2024-01-06 21:55:00,102.51753962084344,102.62597029547035,102.08803484765846,101.93669160438203,506
2024-01-06 22:00:00,100.89978902630341,101.40955220815223,100.14784610979264,101.33417922507739,166
2024-01-06 22:05:00,99.71874779948608,100.13120092720249,99.0957925073659,100.33601339824443,237
2024-01-06 22:10:00,102.25280692264842,103.00376178911107,101.62205389062798,102.66113835669299,505
2024-01-06 22:15:00,101.98967639236226,102.75598171546812,102.16871471753124,102.12856200990939,804
2024-01-06 22:20:00,101.8598427668734,102.53768529373261,101.57428451976784,102.17207865098156,611
2024-01-06 22:25:00,102.58253523019,102.95544015424751,101.66186891681568,102.64119500326292,559
2024-01-06 22:30:00,102.00382811794613,102.49672827205434,101.10819417837543,102.00686647471763,804
2024-01-06 22:35:00,103.89687442497315,104.15839436690254,103.26221570678011,103.66748864630732,678
2024-01-06 22:40:00,103.90678486481453,104.56201883325605,103.22714835157927,104.09233882320939,794
2024-01-06 22:45:00,103.69864098616264,103.66785391888735,103.41348796781034,103.65232539903856,510
2024-01-06 22:50:00,103.83637605744194,104.93927282129347,103.73819444110266,104.42729208410029,349
2024-01-06 22:55:00,104.35604157362529,104.43800634024542,103.44216802113563,103.93474422432824,765
2024-01-06 23:00:00,104.8378416064635,105.40491582899114,104.61753465287566,104.88179383177504,345
2024-01-06 23:05:00,106.7409033258551,106.8203225506718,105.75668125807421,106.65196735423345,282
2024-01-06 23:10:00,108.3286394279461,108.60455954007821,107.5754798092042,108.08808078147392,351
2024-01-06 23:15:00,107.6937455453366,108.24139583189374,106.95440379815847,107.78467701565933,415
2024-01-06 23:20:00,106.78880069453255,106.92235530903584,106.57215851031148,107.14428502165178,473
2024-01-06 23:25:00,105.34875532459674,106.33637531140026,105.30851641067969,105.50390867180836,995
2024-01-06 23:30:00,104.9386572588376,105.85411414327099,104.7679456085604,105.25529643488188,695
2024-01-06 23:35:00,104.66749472152046,105.66481224332775,104.70970191353409,104.8363863895909,499
2024-01-06 23:40:00,104.13273337070687,104.44635349546326,103.68668388677028,104.58331342342107,670
2024-01-06 23:45:00,103.73924642536191,103.82612048490816,103.71292362120303,103.82014678825853,806
2024-01-06 23:50:00,103.61094782725917,104.60142906147146,102.76543815211546,103.79081440078782,983
2024-01-06 23:55:00,102.48749282878194,103.48052323688836,102.42486223080782,102.37575074785042,828
2024-01-07 00:00:00,102.05997942996788,102.62611226568612,101.32923461271987,102.2160277581667,152
2024-01-07 00:05:00,102.41877571653622,102.68454323446362,102.06197935441722,102.19392491486872,231
2024-01-07 00:10:00,101.62511180098703,102.82639263249197,101.87404647106486,101.73456729482572,657
2024-01-07 00:15:00,102.40362632139771,102.65264268945587,101.38592378440323,101.9955944696162,400
2024-01-07 00:20:00,102.6550864718643,103.57357931551937,102.65997799010444,102.84645761353335,634
2024-01-07 00:25:00,102.36856687961712,103.85217996259298,102.49541923102913,102.97222462740586,667
2024-01-07 00:30:00,103.6347550210728,104.52551418228815,103.35717178899165,104.10181635581966,319
2024-01-07 00:35:00,104.77289379934321,105.68960063917604,104.29150490314632,104.61921972172219,757
2024-01-07 00:40:00,105.3275874464775,106.35352460381404,105.61945192927786,105.95306004909803,241
2024-01-07 00:45:00,103.7804172703652,104.76280475836737,102.89062078302236,103.8665764831826,302
2024-01-07 00:50:00,103.41244795485427,103.94474293583912,102.4126270609058,103.25874536630073,305
2024-01-07 00:55:00,102.85252899786647,103.304850335323,102.16614751954334,103.33732262137534,492
2024-01-07 01:00:00,101.60202829550448,102.21603978585756,101.5479750525245,102.1388118705406,952
2024-01-07 01:05:00,100.19015512165804,101.46791078417974,100.47857138624197,100.39728245237485,191
2024-01-07 01:10:00,101.44774205643532,101.4648360245075,100.58960705873461,101.20387855108304,852
2024-01-07 01:15:00,103.30794860520373,103.85823316693684,102.86484568460186,103.00345850000065,711
2024-01-07 01:20:00,102.5504680263485,103.56692772919146,102.8132722171718,102.6370687457539,813
2024-01-07 01:25:00,104.40037276381067,105.01574710234647,103.96250296274314,104.40401215395221,472
2024-01-07 01:30:00,104.92591135878988,105.07512922952893,103.88757534928673,105.15348306061489,390
2024-01-07 01:35:00,103.06483916209054,103.90911258920282,102.92468314756651,103.53946519881336,313
2024-01-07 01:40:00,103.80179980485057,104.50356896397281,103.21983128666272,103.88156953958728,616
2024-01-07 01:45:00,104.07482931770564,104.27538067913615,103.0465415942146,103.89936973328152,237
2024-01-07 01:50:00,104.01006332026509,104.75688639576555,104.17554142253891,104.05388609934992,158
2024-01-07 01:55:00,102.79006681209391,103.55404830192407,101.93291449756003,102.89715358292752,862
2024-01-07 02:00:00,102.83472322686032,103.70111208177944,102.40134307294609,102.93560410804855,197
2024-01-07 02:05:00,103.2561428284449,103.25233856493976,102.61663225098162,103.06943816256201,233
2024-01-07 02:10:00,103.9473870326135,104.66249566527739,102.89795501764961,103.60495883188274,768
2024-01-07 02:15:00,104.66004372345834,104.77141988909487,104.21424103759963,104.55069323786813,374
2024-01-07 02:20:00,103.89298384447825,104.51737416258595,103.59951119148225,103.57893409850777,775
2024-01-07 02:25:00,103.75283375274199,104.15536087913117,102.915997933151,103.28189566479809,109
2024-01-07 02:30:00,103.74110237342785,104.00260860822895,103.9004983024055,103.82246419277334,802
2024-01-07 02:35:00,104.13504087676081,104.09741212437496,103.79329751290378,104.05921007333063,370
2024-01-07 02:40:00,103.91913349264664,104.39892211943211,103.42222656838695,103.77794334798749,919
2024-01-07 02:45:00,103.60549462520852,104.16288494289786,103.04886135221346,104.03839547049033,228
2024-01-07 02:50:00,104.41198239935552,104.5318374207962,104.03812915794255,104.59383243842909,275
2024-01-07 02:55:00,105.08758329657726,104.95671376541154,104.48419479201,105.02110266312316,760
2024-01-07 03:00:00,105.31740702122543,105.66794491629194,104.21385090073687,105.09884440186143,478
2024-01-07 03:05:00,105.16137398982927,105.70180999472015,104.8938791679061,104.98663267820605,160
2024-01-07 03:10:00,104.53299448505712,105.5302097697696,103.80982387372339,104.65000243796668,290
2024-01-07 03:15:00,103.47423791269122,103.99138946417573,102.96758959056332,103.6419591739317,232
2024-01-07 03:20:00,103.34642691517715,103.73836621773177,102.70088872459445,103.34071892597164,230
2024-01-07 03:25:00,103.58926607959661,103.660153969845,103.04439808594192,103.2032028403624,159
2024-01-07 03:30:00,103.86102824425295,104.3694225863108,103.498868411395,103.6545918004408,174
2024-01-07 03:35:00,102.51967360892321,102.5485888333786,101.55618605180027,101.98189395686184,634
2024-01-07 03:40:00,102.23978460002401,103.25201050924372,101.45228826713745,102.72178391653594,829
2024-01-07 03:45:00,103.82441929395216,103.95116206732658,103.53640130686509,103.89424789787162,642
2024-01-07 03:50:00,102.18183627303786,102.51873450785558,101.4944858600223,102.38140548127323,217
2024-01-07 03:55:00,101.00621918730306,101.7775278001889,100.6589725311374,101.44456699475788,745
2024-01-07 04:00:00,101.99260991585447,102.75817389150502,101.90034397847687,101.99948052012827,951
2024-01-07 04:05:00,102.30726474953136,103.17932389779644,101.75472471842188,102.3586937493502,361
2024-01-07 04:10:00,100.14864223960302,100.57388262858464,100.29926873319587,100.32141330406397,696
2024-01-07 04:15:00,100.15285514820599,100.9060820280911,99.67394124301745,100.28228815032415,473
2024-01-07 04:20:00,100.78192086635302,100.79584858567661,100.4827115735269,100.37083364607095,519
2024-01-07 04:25:00,101.31348307073364,101.69171480486143,100.63162826593859,101.06167752389096,117
2024-01-07 04:30:00,100.85471624659152,101.66609848428386,100.49728996325736,101.40000612449188,272
2024-01-07 04:35:00,102.67585572665617,103.17789885033959,102.60733526971946,102.60585965605405,529
2024-01-07 04:40:00,103.98931197187963,104.46071429452485,103.65750881474167,104.26713157409178,340
2024-01-07 04:45:00,105.85405940890189,106.46220171046194,105.37213545378093,105.70756629945248,157
2024-01-07 04:50:00,105.61762952432414,106.22806457848331,104.83000105733663,105.1152895186093,295
2024-01-07 04:55:00,106.94080911288964,107.06255979308693,106.67055215165483,106.24551801569177,623
2024-01-07 05:00:00,105.72206669674112,106.26068437895985,105.36895393728913,105.97317655677406,491
2024-01-07 05:05:00,104.91291789234073,106.03509550140514,104.30437989518909,105.14463157080056,614
2024-01-07 05:10:00,105.58160858817763,105.90848541055509,105.07502694901764,105.53742605213816,385
2024-01-07 05:15:00,106.39117750467405,106.72833272383215,105.84948572731659,106.22260848388692,160
2024-01-07 05:20:00,106.94473511968934,107.46370618548809,106.22367001976819,107.09201840967084,695
2024-01-07 05:25:00,107.09452305453146,107.51021869260417,106.26504479961918,106.81521300658571,430
2024-01-07 05:30:00,106.41512710363712,106.66564899644686,106.23663681046581,106.25852766750808,616
2024-01-07 05:35:00,106.76305271943917,107.25112241038201,106.27367688563368,106.67591699330295,619
2024-01-07 05:40:00,105.56374308045751,105.46267693784195,105.1099668516805,105.14524130894064,979
2024-01-07 05:45:00,106.02381169305127,106.34168311906535,105.80286389424475,105.85372062477846,407
2024-01-07 05:50:00,105.26711554201026,105.53323754612305,104.24878804856488,104.91860511417823,689
2024-01-07 05:55:00,105.48241479236361,106.0281359676374,104.71661586289798,105.19289057672225,701
2024-01-07 06:00:00,105.9140510716788,106.43167569343278,105.12863489391233,105.98628337676828,575
2024-01-07 06:05:00,105.03717220863139,105.08665158664293,104.22419071587052,104.82786293516327,766
2024-01-07 06:10:00,103.99146656607542,105.09469483047548,103.27348850209943,104.13405796755045,357
2024-01-07 06:15:00,103.29124043113218,103.47566640096557,102.63775512111624,103.06766734969243,863
2024-01-07 06:20:00,103.83056345723035,105.3668978440393,103.42393149732963,104.78440957343,371
2024-01-07 06:25:00,104.96452195161805,105.9827568063178,104.55125216959664,105.4903810880316,376
2024-01-07 06:30:00,104.21213098665007,105.04552708726635,104.30641809549991,104.28902935579364,384
2024-01-07 06:35:00,103.51265050106204,104.00113076378324,102.99096550846623,103.76868184473551,647
2024-01-07 06:40:00,104.6536279045011,104.90279881483252,104.34891320840092,104.5815365979445,152
2024-01-07 06:45:00,104.10674175334167,104.50296940199085,103.3492239202788,103.73676293661254,872
2024-01-07 06:50:00,103.93039285080148,104.06713926029259,102.93142437302875,103.94242536868184,641
2024-01-07 06:55:00,104.0661798429245,105.08594652315114,103.65550784865663,103.90799039553197,615
2024-01-07 07:00:00,105.62531612666207,106.29608489031068,104.92380268112994,105.41755596949318,807
2024-01-07 07:05:00,104.65269662717436,104.7220974181213,104.28017545540206,104.44637999269975,151
2024-01-07 07:10:00,106.08321503745455,106.76712491143329,105.68022202993271,105.7770496979074,457
2024-01-07 07:15:00,106.7611158777192,106.77122777769263,105.84673551312704,106.58644067618839,304
2024-01-07 07:20:00,109.00546544225911,108.89883214703468,107.85965572474825,108.87071739992861,188
2024-01-07 07:25:00,107.87767032038859,108.33672060500707,107.59340795534008,107.54239790389008,525
2024-01-07 07:30:00,106.98964840479582,107.04413286996676,106.29740136214662,106.86419830838693,321
2024-01-07 07:35:00,106.67476857065562,107.04713618341432,105.7139123687881,106.25352551817349,611
2024-01-07 07:40:00,103.77512424886842,104.82436781169757,103.07825255352543,104.29228119228152,265
2024-01-07 07:45:00,103.3949783872427,104.34264399122223,102.98764203586923,103.51350373512038,547
2024-01-07 07:50:00,102.93903522332407,103.57596981670304,102.17822542212211,103.14726006167741,258
2024-01-07 07:55:00,103.10504164617255,103.07361614503431,102.35086767836357,103.11554249039752,597
2024-01-07 08:00:00,102.13571455870841,102.24964037616398,102.13332322305533,102.27305293422532,775
2024-01-07 08:05:00,101.60925739888035,102.3398927455699,100.48595715830812,101.17799280861196,934
2024-01-07 08:10:00,102.21522022518742,102.6537551485093,101.34809860736877,102.04577949136137,141
2024-01-07 08:15:00,103.10453753179134,103.36429361938987,102.46984740109559,102.88894496426227,970
2024-01-07 08:20:00,102.91489462497651,103.3612987992717,102.89952265442311,103.41437772350379,237
2024-01-07 08:25:00,103.8353946690112,104.0148201417724,102.73916050835913,103.69541823747089,820
2024-01-07 08:30:00,104.42944086412724,104.98743353182432,103.78534809712197,104.59943662825702,844
2024-01-07 08:35:00,105.09295791298656,105.78754536052863,104.53354190382547,104.78507060638982,845
2024-01-07 08:40:00,104.3387435170816,105.07254060397636,104.01971108948078,104.39832605180537,759
2024-01-07 08:45:00,104.08594720533615,104.56651910960437,103.33020393222033,103.82231599523604,293
2024-01-07 08:50:00,102.58209520891442,102.63852943649908,101.50608409625653,102.45084857702425,864
2024-01-07 08:55:00,102.65451973483472,103.28942828286652,101.9919124329965,102.67946219482057,917
2024-01-07 09:00:00,103.6774581646084,104.0769062106151,103.57504258932676,103.94202705521076,359
2024-01-07 09:05:00,104.94055468985256,105.37650027995493,104.80033894264949,105.05184740404862,536
2024-01-07 09:10:00,105.11359961472598,106.32523372444723,105.38165351444168,105.25187936621417,416
2024-01-07 09:15:00,106.09096893848636,106.66613675921128,105.28472371610812,106.33424758209344,462
2024-01-07 09:20:00,106.57564547455988,106.82073532966272,106.29940495556048,106.84592179081639,995
2024-01-07 09:25:00,107.15031925113618,107.56766893526779,106.24519240066826,107.30516722764085,758
2024-01-07 09:30:00,108.39041093420529,109.18329442326115,108.05814076853201,108.1305537816626,513
2024-01-07 09:35:00,107.98988680592987,108.71371827250952,107.40718091457191,108.25986951524428,790
2024-01-07 09:40:00,108.13482756459577,108.04010041153501,107.392121723859,108.0776269085028,713
2024-01-07 09:45:00,108.37181485554646,108.95734378210958,107.43946222806943,108.37999828009337,457
2024-01-07 09:50:00,108.34365802560106,108.53567113900857,107.31980937050726,108.1363836527329,428
2024-01-07 09:55:00,108.6546313508236,109.84892246949329,108.0812267437313,108.89666964519955,205
2024-01-07 10:00:00,109.6792777928331,110.30865471267005,108.66264268747808,109.6590425319047,430
2024-01-07 10:05:00,109.35418426523022,110.05545107659772,109.0713393662307,109.35456987104281,129
2024-01-07 10:10:00,108.59401502305359,108.68549764937768,108.09874236922593,108.66091384295723,867
2024-01-07 10:15:00,110.396282502639,110.54263764958283,109.74357596661591,110.35263026548505,564
2024-01-07 10:20:00,108.56449682390789,108.92627970379178,108.55901997289287,108.88883173175579,982
2024-01-07 10:25:00,107.0836875132262,107.35670723112085,106.08661045994559,106.95400131217713,760
2024-01-07 10:30:00,107.51736376951423,107.68153387199669,106.79472089091904,107.68399834683643,626
2024-01-07 10:35:00,109.8131238061059,110.44765599279509,109.55681524297913,110.22452722437649,577
2024-01-07 10:40:00,112.19272259813381,112.32513412846309,111.3900954236313,112.31553733514535,604
2024-01-07 10:45:00,112.36783394571937,112.94056656646923,111.81907100269027,112.75431079181567,257
2024-01-07 10:50:00,111.84629735711073,112.00889511732964,110.59933739860908,111.15937720505654,968
2024-01-07 10:55:00,110.44418390615431,111.41238784261671,110.25941723431669,110.53044809803318,800
2024-01-07 11:00:00,110.12589460624415,111.02609932347387,109.53034603120835,110.31557505437442,812
2024-01-07 11:05:00,109.29910819759215,110.13101225679155,108.99095775631969,109.57910397547651,107
2024-01-07 11:10:00,108.51869805875226,108.75190386800058,107.78070966215037,108.30917595758598,668
2024-01-07 11:15:00,110.08476954641056,110.68323679610091,109.69757197045341,110.08503661379507,393
2024-01-07 11:20:00,110.26812570666871,110.13164481445753,109.02954068346989,109.76957743820591,712
2024-01-07 11:25:00,108.52437007033808,109.10279945493618,108.27504076611112,108.7178670554471,643
2024-01-07 11:30:00,110.13790405274183,110.84778397227092,110.03543236438875,109.97930528823451,678
2024-01-07 11:35:00,108.22233742704609,108.86909238238447,108.30350441715473,108.17105303434725,139
2024-01-07 11:40:00,107.43071044425098,108.14801476953566,107.07934155814762,107.11182609175683,724
2024-01-07 11:45:00,108.7080148737449,109.14811139918388,108.58606477746547,108.60411688879587,700
2024-01-07 11:50:00,109.59349318769505,110.10586705408355,109.14291285613986,109.01816671228123,900
2024-01-07 11:55:00,107.25999371343687,108.08820631162546,106.62414867891395,107.35161294440417,203
2024-01-07 12:00:00,106.3527815272337,107.02843520039907,105.87364786713626,106.60608741081607,349
2024-01-07 12:05:00,105.03110739695508,105.3329704671183,104.04214999988129,104.55838841331652,951
2024-01-07 12:10:00,104.11283316176508,104.79165722589369,104.05200696893459,104.21528100597679,757
2024-01-07 12:15:00,103.42830461419247,104.24410273175003,102.87572938051046,103.45593646871178,260
2024-01-07 12:20:00,100.38762432637051,101.35312702249044,99.63668312782114,100.3584003470221,182
2024-01-07 12:25:00,100.7720924892065,101.0797896153256,100.78047490050935,100.69213441208666,223
2024-01-07 12:30:00,102.50338411712464,103.33586897001157,102.36572453318301,102.46003308544462,317
2024-01-07 12:35:00,102.08699823249253,102.10756702155734,101.4455510620937,102.13792426642793,165
2024-01-07 12:40:00,102.65069978573298,103.35986212323586,102.27780071378749,102.65124703940059,185
2024-01-07 12:45:00,102.08899426629829,102.39221448910952,101.64493195890024,102.08709630197426,273
2024-01-07 12:50:00,104.15892102716806,104.198785456597,103.07746820795535,103.59114253439037,887
2024-01-07 12:55:00,100.70471909839864,101.45436533208898,99.88617853165819,100.68812849199306,495
2024-01-07 13:00:00,102.65512716823282,102.73921742799611,101.84354734790666,102.61053318781822,798
2024-01-07 13:05:00,103.23348928265716,103.62212112855123,102.84824066075298,103.1644294632248,481
2024-01-07 13:10:00,103.45107090948328,104.26331466283652,102.48347043405737,103.27017217634972,668
2024-01-07 13:15:00,104.06678230694178,104.85006956159378,103.85630621770571,104.43792131703218,996
2024-01-07 13:20:00,104.22081816595359,104.45874643686942,103.42589571345215,104.40858410537011,722
2024-01-07 13:25:00,104.56830814247256,105.41633206573567,104.07426330332535,104.73165560547164,339
2024-01-07 13:30:00,105.31696373848908,105.54675367817813,104.42124888495457,105.62352269928735,143
2024-01-07 13:35:00,105.24956068568251,105.63803054473941,104.65127735828025,105.55778175807262,327
2024-01-07 13:40:00,106.24095043919131,106.99124181985928,105.71630911172416,106.03415469771687,457
2024-01-07 13:45:00,105.09947006023911,105.51154109445152,104.18221256328775,105.01798495556031,572
2024-01-07 13:50:00,104.87321517338111,105.23448843847653,105.05573370957806,105.11943815044913,734
2024-01-07 13:55:00,104.01884496579821,104.44646661952476,103.60619395849659,103.9136089043813,836
2024-01-07 14:00:00,104.36037664571869,104.72942800938411,104.3729930182746,104.13622528961658,851
2024-01-07 14:05:00,103.74214475576066,104.11818744088033,103.38482493278043,103.14514338948659,541
2024-01-07 14:10:00,103.88660212305426,104.1794515802144,103.64424105288595,104.0652054118425,763
2024-01-07 14:15:00,104.66831396577462,104.70071549202744,104.12090390016385,104.51127495116725,592
2024-01-07 14:20:00,105.05836814881894,106.02006499769348,104.21412365700638,105.01899187659217,539
2024-01-07 14:25:00,104.94604962664725,105.07095587757249,104.35476658660642,105.01745235871526,572
2024-01-07 14:30:00,106.23669803158336,106.1341645763394,105.63097467554267,106.10923735541475,298
2024-01-07 14:35:00,104.30538771137532,104.71588627056695,103.79501333351747,104.1836704043753,906
2024-01-07 14:40:00,104.8395979709407,105.1803273598308,104.64912619669218,104.86962091324995,295
2024-01-07 14:45:00,103.55392058244344,103.96503876840733,102.45258015275473,103.5508084151697,893
2024-01-07 14:50:00,103.12652112388733,103.52187663234517,103.03735843901109,103.15013770524786,709
2024-01-07 14:55:00,103.4457555970429,104.65758124845323,103.5953621629607,104.12519154068382,324
2024-01-07 15:00:00,103.24658386903988,103.66955216511917,102.41524613075799,103.3445205442996,156
2024-01-07 15:05:00,103.19985857496235,103.60078893866645,102.72653354719667,102.9809964611082,885
2024-01-07 15:10:00,102.3723130235814,102.57778531039902,102.14266265950968,102.33410106924194,609
2024-01-07 15:15:00,102.26177784053492,102.3867976081981,102.02330281546244,102.1528377740979,109
2024-01-07 15:20:00,102.7731513315441,102.82696388243968,102.13635008722416,102.59555531409896,765
2024-01-07 15:25:00,100.92128188501609,101.51777047721504,100.29516537138575,101.10294324189088,471
2024-01-07 15:30:00,102.19786935596133,102.56912839747184,101.71791457688147,102.16567470574094,454
2024-01-07 15:35:00,100.89248802773079,101.36188746851559,100.37439071509814,101.36210766834577,980
2024-01-07 15:40:00,101.99784693216762,101.9593040707206,101.42954372064555,101.94498142108812,785
2024-01-07 15:45:00,102.23896411946933,102.96638342361628,101.34066370979264,101.81243416088192,918
2024-01-07 15:50:00,102.32750622122119,102.9284264961732,101.94086304834991,102.51826212940557,819
2024-01-07 15:55:00,103.45459576489725,103.9909460567382,102.39085536238824,103.19259208394116,254
2024-01-07 16:00:00,104.98716967986223,106.10432726042539,104.46761737259817,105.25632119679187,298
2024-01-07 16:05:00,104.3610074306678,104.92040864177189,103.82390903241469,104.68495095710556,947
2024-01-07 16:10:00,104.61597288286717,105.01570643342278,103.76223605443873,103.98242826852503,316
2024-01-07 16:15:00,104.32157368334185,104.43482825446235,103.58915522133205,104.16903888050987,323
2024-01-07 16:20:00,104.12482446933791,104.81766830507028,103.75501548584187,104.45755331215858,524
2024-01-07 16:25:00,103.32999809665672,104.07061133159223,102.90898043765014,103.57876169018263,378
2024-01-07 16:30:00,104.27883165574261,104.25005851704209,103.56992528973058,104.27102950641584,207
2024-01-07 16:35:00,104.40495170829723,104.75630052785623,104.30473299692211,104.49376562739272,847
2024-01-07 16:40:00,105.65196302261702,106.05908255638782,104.99471118334473,105.50336283625401,371
2024-01-07 16:45:00,103.50851508613464,103.95479359332091,103.23514619507534,103.59139476906496,711
2024-01-07 16:50:00,104.76999444781148,105.03406677770072,104.51700372611633,104.76352500825496,304
2024-01-07 16:55:00,103.02697073062846,103.81697540944181,102.5063013577018,103.29386579396147,967
2024-01-07 17:00:00,102.87901346932819,103.84709475913317,103.11645576401138,103.35269135932131,366
2024-01-07 17:05:00,102.8708607764378,103.3222396561939,102.46155655276586,103.36158994692727,699
2024-01-07 17:10:00,104.07723139498184,104.13315133376081,103.40913850769913,103.83066973080808,926
2024-01-07 17:15:00,102.69297718994764,102.704972888149,102.59949177949436,102.43318935746689,430
2024-01-07 17:20:00,103.460897632548,103.79703971501854,103.53980241606625,103.18355704747738,428
2024-01-07 17:25:00,102.7918329734132,102.91338837591243,102.38997605566506,102.83430620530399,711
2024-01-07 17:30:00,103.09705773681448,103.42112755493268,102.71659309630901,102.86847422333946,516
2024-01-07 17:35:00,101.42054272744141,101.29344242107356,100.97625778418912,101.31760544079448,501
2024-01-07 17:40:00,102.06717980205794,102.79822290236102,101.13371879065411,101.82969285364157,673
2024-01-07 17:45:00,102.21515972171804,102.48648141495808,101.47580089284793,102.27068989256018,750
2024-01-07 17:50:00,102.06638804306893,102.10361933963041,101.31715065652776,101.47868211075958,660
2024-01-07 17:55:00,103.11377935054215,103.63466631682321,102.86787199694172,102.7288254340248,272
2024-01-07 18:00:00,104.26462929984757,105.05677336211957,103.96381824215314,104.60498153370584,593
2024-01-07 18:05:00,105.09749551030933,105.15229387350597,104.5752079678614,104.63960486552203,787
2024-01-07 18:10:00,104.79990754321788,105.34780223259723,104.03715052149651,104.91612898590333,783
2024-01-07 18:15:00,106.38964775452739,106.41308511646245,105.61436221131358,106.21472748343731,816
2024-01-07 18:20:00,105.00054965874816,105.73413199228246,104.70975259700465,105.25613236053093,275
2024-01-07 18:25:00,106.22352943674419,106.56341794943883,105.40348637366226,105.91352613030264,497
2024-01-07 18:30:00,106.19958935212983,107.35845148394685,105.53265159444209,106.58043563346664,198
2024-01-07 18:35:00,106.69380342724952,106.84011097826365,106.18014060710917,106.54185328520398,788
2024-01-07 18:40:00,106.73935883198244,107.36703907070442,106.8206569300254,106.98910077628898,917
2024-01-07 18:45:00,106.45159989320958,107.34857707562576,106.17396927719112,106.53362745424552,715
2024-01-07 18:50:00,106.17123259784688,107.24125821145897,105.86513761271202,106.21169313462129,833
2024-01-07 18:55:00,106.27948114337858,107.06813068829301,105.50508897175891,106.23662188869478,546
2024-01-07 19:00:00,106.93510436136353,108.06308822704132,106.18466980357412,106.77030561203973,675
2024-01-07 19:05:00,106.88198580049799,107.56544171483625,106.16052144373181,106.97287047913544,293
2024-01-07 19:10:00,105.95282252184245,105.97435878997867,104.83391351235366,106.0005911283506,598
2024-01-07 19:15:00,107.34267253765691,107.93150215829465,106.93663182788488,107.09725414315488,537
2024-01-07 19:20:00,106.50940208254637,107.21281215040115,105.99874331215405,106.89898259776125,686
2024-01-07 19:25:00,106.01915498261738,105.99840259237232,104.81954143702836,105.5371317585509,392
2024-01-07 19:30:00,104.0389644571209,104.10227203046549,103.6698306456077,104.31279735914407,348
2024-01-07 19:35:00,101.95791935300602,102.44240486508997,101.20322066896803,101.92854563032482,707
2024-01-07 19:40:00,101.1387525005523,102.36566161447438,100.61273756814454,102.09493297105871,555
2024-01-07 19:45:00,99.22309408424151,99.9622021968524,98.79895702613533,98.67998496526558,428
2024-01-07 19:50:00,98.75422938987312,98.93175432598213,97.95251242755332,97.98017943530746,441
2024-01-07 19:55:00,98.2295327739018,98.37811761004767,97.71098976975287,98.33140622640464,189
2024-01-07 20:00:00,98.02120296279898,98.97219411550249,97.22779123831695,98.17344797449144,604
2024-01-07 20:05:00,98.2467524033155,98.1858393172449,97.66021172886143,97.95882373923823,599
2024-01-07 20:10:00,98.39933692474933,98.59842856553949,98.0099003034781,98.46427232275526,978
2024-01-07 20:15:00,99.79235015603047,100.25894807259697,99.10750514072886,99.93611650588774,531
2024-01-07 20:20:00,100.25537393445504,100.94162069850009,99.4330762311386,99.8225860059371,987
2024-01-07 20:25:00,100.47144586752016,100.5852634975113,100.21487440236439,100.17945366062169,805
2024-01-07 20:30:00,102.12632204756102,102.7796038852507,101.53875138291957,101.93080568220189,689
2024-01-07 20:35:00,102.27292785836036,102.48928782174835,102.14862729126659,102.59713176031649,914
2024-01-07 20:40:00,104.18903134998938,104.35008677485858,103.07303998281061,103.51616999755737,933
2024-01-07 20:45:00,106.10135838608954,106.0315484495585,105.53701501600528,105.8346886070522,762
2024-01-07 20:50:00,105.4930292086218,106.07205126342772,105.51917195264838,105.77754978069807,693
2024-01-07 20:55:00,106.23190421899223,106.13082368397804,105.48369615507482,106.13177954585484,692
2024-01-07 21:00:00,106.74916082001116,107.03948043491461,106.6386484915362,106.75346156509963,653
2024-01-07 21:05:00,106.464258803917,106.92263365378305,105.85357897106236,106.26819665503875,945
2024-01-07 21:10:00,105.97463598316833,106.85801161912241,105.65040142508293,106.14882170388002,521
2024-01-07 21:15:00,107.76814264290721,108.44442663537895,106.9844557117686,107.91549737751411,699
2024-01-07 21:20:00,105.95930485911846,106.78770857223041,105.58998854411101,106.3414916194527,166
2024-01-07 21:25:00,107.77462539875434,108.33830082235716,106.78926018495748,107.68207437735809,726
2024-01-07 21:30:00,106.38584748267846,106.84374535928586,105.68473932108645,106.52252618248045,150
2024-01-07 21:35:00,107.039108254483,107.4270002462344,106.88427076414123,106.56632576534393,925
2024-01-07 21:40:00,107.53095725027588,107.64156176065526,106.87644788144969,107.46790480646546,766
2024-01-07 21:45:00,109.36603405079957,110.12829707805369,109.30074728883608,109.7849374560074,286
2024-01-07 21:50:00,110.13936867465318,110.94437955081418,109.2073950559763,110.12980901966498,206
2024-01-07 21:55:00,109.3938189489536,109.82587338956333,108.47566911600214,108.99568012876904,823
2024-01-07 22:00:00,107.94008792308337,108.45374741952881,107.43234810225455,108.18396902265245,765
2024-01-07 22:05:00,108.39278718710504,109.0712193871553,107.72855990774197,108.64274884816884,855
2024-01-07 22:10:00,109.50125619108506,109.75902027338223,109.50532920426683,109.52057702710927,908
2024-01-07 22:15:00,109.0530980826983,110.09719044283537,108.86152570512488,109.38194176116286,629
2024-01-07 22:20:00,109.22737131104093,109.6790296606964,108.89672741190857,110.07244266468996,450
2024-01-07 22:25:00,109.79796279955505,110.99905888415647,109.48458085060692,109.82829695981165,107
2024-01-07 22:30:00,109.61786750611199,110.1101565367681,109.46617126251827,109.4328486167794,423
2024-01-07 22:35:00,110.50646497705898,110.83028816124647,110.31115491555742,110.96240292191692,784
2024-01-07 22:40:00,111.10583747280738,111.27619506595691,110.67093669814696,110.71371654424334,801
2024-01-07 22:45:00,111.11354981975495,111.54168680055606,110.47783368141289,111.19042627362239,536
2024-01-07 22:50:00,112.19787729683378,112.84636851922355,112.51294116109199,112.30893006047658,291
2024-01-07 22:55:00,111.34246227585557,112.3737204796724,110.80935391724555,111.76700690960354,740
2024-01-07 23:00:00,110.52810451893501,111.39721449981465,110.47362380753307,110.23341730608502,705
2024-01-07 23:05:00,110.17289069847816,111.10005026174764,109.59320325845768,110.23738629161213,932
2024-01-07 23:10:00,110.4017728569596,111.16816730941503,110.29827361905707,110.41408449724076,683
2024-01-07 23:15:00,110.69921016943472,110.70345950433355,110.45568477671061,110.59441055981054,267
2024-01-07 23:20:00,108.90974916049092,109.69637896576539,108.21528267255455,109.12471531956733,358
2024-01-07 23:25:00,110.18255841246257,110.87173337685614,110.14330343940824,109.89470895712562,847
2024-01-07 23:30:00,109.69507040977844,109.97275147084858,108.99708253137509,109.61524267883372,373
2024-01-07 23:35:00,108.67696269316025,108.96270558910268,107.8283782253514,108.72231460117233,672
2024-01-07 23:40:00,109.37329323535964,109.78196180738982,108.31379505193223,109.29288264888663,885
2024-01-07 23:45:00,110.35872548518728,111.34237683011513,109.99978267051476,110.32544951885593,289
2024-01-07 23:50:00,110.0359769388192,110.59630624195891,109.56468512650248,110.22453457429076,151
2024-01-07 23:55:00,109.43897906913668,109.69589854609767,108.91909836187658,109.44386817678878,176
2024-01-08 00:00:00,108.66332995878511,108.98604577116494,107.59386518952127,108.56562169071456,198
2024-01-08 00:05:00,108.15878192146758,108.50510654760012,107.23926642747722,108.48581752525136,177
2024-01-08 00:10:00,108.35329334601661,109.06522704608298,108.16629506997131,108.55905814895553,819
2024-01-08 00:15:00,106.81041943249079,107.68938691826183,106.3941310622115,106.26084359475438,272
2024-01-08 00:20:00,107.13166137557766,107.50504984446617,106.12822805457446,106.7318230068209,540
2024-01-08 00:25:00,108.55917090455732,109.31918052359116,108.30291138196687,108.31713663586486,636
2024-01-08 00:30:00,109.98457583680482,110.49703675034705,109.3082624619853,110.19110338716396,472
2024-01-08 00:35:00,109.49207584405318,110.4240619016448,109.18971104233297,109.36991355026704,341
2024-01-08 00:40:00,108.76071707287447,108.7032212511058,108.13005225762075,108.98881441648702,823
2024-01-08 00:45:00,109.56059982611457,109.77916974051598,108.69037074502708,109.56162825489142,832
2024-01-08 00:50:00,108.92899396015173,109.14310032915002,108.52822778827262,109.02478113819879,643
2024-01-08 00:55:00,109.14431243277693,109.67579597644989,108.49282277613277,109.6311525339924,117
2024-01-08 01:00:00,109.65883746553719,110.50231493142172,109.31695529078547,109.2753534500404,964
2024-01-08 01:05:00,109.23525524940293,109.67128471102585,108.9958602017429,109.4739904437483,730
2024-01-08 01:10:00,109.3356833547305,109.53695490324056,108.77317017066665,109.47111055893741,213
2024-01-08 01:15:00,107.43484409062476,107.49287456141617,106.71657206004647,106.99077818810407,415
2024-01-08 01:20:00,108.44919462770898,108.57228087832671,108.07687499279182,108.55795287420432,229
2024-01-08 01:25:00,107.38890605052826,107.63840655411096,106.38499936992116,107.62145086408198,950
2024-01-08 01:30:00,106.30689804553995,106.19669188079112,105.36160194796057,106.27190944039549,826
2024-01-08 01:35:00,105.23591252452538,105.86317917752547,104.77958643956015,105.19453838080564,350
2024-01-08 01:40:00,104.84821827443236,105.09704636858586,104.02116998636843,104.81345361009227,440
2024-01-08 01:45:00,105.43048035487664,105.61535966868576,105.0733183360073,105.71679382273788,172
2024-01-08 01:50:00,105.07771280562618,104.87528284966704,103.93632109298397,104.7379089724403,263
2024-01-08 01:55:00,102.90659197985816,103.34168512542554,102.77268882877793,102.75080154047254,154
2024-01-08 02:00:00,103.71701796864754,103.94774374453455,103.72395644625901,103.41779658164411,442
2024-01-08 02:05:00,104.0603330231487,104.52040715924433,104.19663273562912,104.35383631455473,423
2024-01-08 02:10:00,103.99722184701058,104.93418241265385,103.50844957170851,104.37546952670249,754
2024-01-08 02:15:00,103.50047351011675,104.24159473660903,103.02216464209909,103.9681776028868,436
2024-01-08 02:20:00,104.44187608512034,104.65748545473527,104.0077755701923,104.05818194895431,805
2024-01-08 02:25:00,103.72723047848875,104.49052862740939,103.17379343188811,103.61286069210408,370
2024-01-08 02:30:00,105.31770191995881,105.81000209032376,104.91170448546929,104.83555882096083,877
2024-01-08 02:35:00,104.59407040001307,104.83027752143629,103.48225531611037,104.05073117093738,804
2024-01-08 02:40:00,104.95469527951278,104.85260881551127,104.25928711964767,104.82335217718854,553
2024-01-08 02:45:00,106.15431175764442,106.12792310515766,105.58271656225888,105.87666519617137,160
2024-01-08 02:50:00,105.22340799973072,106.01920725290894,104.91118315098895,105.44728175970882,474
2024-01-08 02:55:00,105.87861990816016,106.53171516260224,105.41197518516495,106.3122987099657,677
2024-01-08 03:00:00,106.09449461224447,106.86295546865946,105.22051379395293,106.37733856776616,568
2024-01-08 03:05:00,105.29325002105378,105.92646573442778,105.15454936067067,105.60176920546353,423
2024-01-08 03:10:00,106.68640626341417,107.45598431712581,105.75925685669839,106.34607777601452,135
2024-01-08 03:15:00,105.83095366049359,106.66164667252025,105.32780839717611,105.91807378667235,282
2024-01-08 03:20:00,104.08808737140329,104.80903620114152,103.21691063446058,103.80280814095987,467
2024-01-08 03:25:00,104.91111435263362,105.61178328777024,104.63306054970964,105.48911236115046,634
2024-01-08 03:30:00,104.36556171874608,104.84553582030598,103.4803086165103,104.44478869034047,563
2024-01-08 03:35:00,104.02164301033396,104.34913032115357,102.74466269295131,103.70936807864705,744
2024-01-08 03:40:00,102.46704941725682,102.88637236770481,101.9223412773674,102.63237533858602,151
2024-01-08 03:45:00,102.78973670483498,103.91427476327665,102.28295355708501,102.43762920138849,321
2024-01-08 03:50:00,104.15194627478478,104.40914112194527,103.35307667293071,104.11231415298202,624
2024-01-08 03:55:00,103.53228416833544,103.92884172055841,102.65367186651558,103.33762098762715,855
2024-01-08 04:00:00,103.5060460245862,104.27857389642028,102.90579135676855,103.53761388008476,243
2024-01-08 04:05:00,105.35966988577442,106.00625032370677,104.44882495881481,105.32123651665925,324
2024-01-08 04:10:00,104.315595514422,104.30218297784967,103.56555831463575,104.63311453742566,882
2024-01-08 04:15:00,104.59252584627261,104.70766624535739,104.37573892098276,104.21165140942514,182
2024-01-08 04:20:00,105.58829653339731,106.00224338593986,105.15083377235447,105.73405399745937,561
2024-01-08 04:25:00,105.29162120788446,105.68836155346222,104.12283370890363,105.57527211198376,824
2024-01-08 04:30:00,104.878648794266,105.62741141456654,104.5850741457523,105.23542387062228,583
2024-01-08 04:35:00,107.27371971640544,107.5043481935648,106.47907047985251,107.27931265139003,551
2024-01-08 04:40:00,105.57447437324666,106.2711878204589,105.4366952146994,106.08314709956773,263
2024-01-08 04:45:00,104.73967884578072,105.21380936090802,104.41260151001289,104.753945819036,711
2024-01-08 04:50:00,105.54227103155789,105.83525073851861,105.4526543176129,105.52916085433436,989
2024-01-08 04:55:00,105.01445736223799,105.38636751819703,104.23710067566797,105.00838480355695,970
2024-01-08 05:00:00,106.66061866459222,107.31922642987371,106.15801656949469,106.75727628819094,564
2024-01-08 05:05:00,108.10256900163407,108.35935926838685,107.6833334014366,108.32899698095156,690
2024-01-08 05:10:00,108.58133734368896,108.89143396071533,108.55931245406758,108.58101176954663,172
2024-01-08 05:15:00,108.37857965409391,108.87020246190002,108.17249768747169,108.85054856481584,968
2024-01-08 05:20:00,108.71502596877352,108.91851246288493,108.38226740513745,108.91697113133205,538
2024-01-08 05:25:00,110.4875322193915,110.68260746755763,109.97300570812705,110.66846982211858,824
2024-01-08 05:30:00,112.00849299363195,112.13132157007023,111.16577872222982,111.53250314098945,502
2024-01-08 05:35:00,110.04797825725485,110.47329371331024,108.88041145243128,109.65901137941435,486
2024-01-08 05:40:00,107.9012484982616,108.73358851683348,107.24476549838997,107.73646340463459,430
2024-01-08 05:45:00,107.85134872207972,107.95622505119314,107.73905231234326,108.63196266132283,834
2024-01-08 05:50:00,107.74649805574373,108.17450326896233,107.63294273756743,107.26094941217691,260
2024-01-08 05:55:00,106.8598534191227,107.72379677319373,106.59442834075686,106.6959140297643,251
2024-01-08 06:00:00,106.52485226951931,107.1726680475765,105.97848643424912,106.78237595395322,123
2024-01-08 06:05:00,105.49954588550649,106.58240259621769,105.41648210744728,105.4020657384144,351
2024-01-08 06:10:00,107.70311630890484,108.43186151962118,107.26010439707679,107.49266861034988,255
2024-01-08 06:15:00,107.12153551231968,107.39009525049975,106.80448265386299,107.24971037133821,603
2024-01-08 06:20:00,105.90695476328405,107.23917876484677,105.76416918025082,106.46486854377711,910
2024-01-08 06:25:00,104.93578091636726,105.5311302776282,104.44233721506127,105.00749917715417,631
2024-01-08 06:30:00,103.08795036435205,103.07377657100055,102.52879357871686,102.67942114509188,857
2024-01-08 06:35:00,103.32693806607132,104.03205968627294,102.48970389069827,103.41747193599362,446
2024-01-08 06:40:00,106.56719856594434,107.0218066971296,105.77356225185534,106.44136034643681,589
2024-01-08 06:45:00,106.2550965012459,106.62210339797674,105.57258000823823,106.49854957405914,582
2024-01-08 06:50:00,105.17315765593744,105.8326257819258,104.48706481551476,105.16516919621826,835
2024-01-08 06:55:00,103.27488779716425,103.56031333378436,103.16848360358637,103.36614667241932,664
2024-01-08 07:00:00,102.55073686598162,103.32252051006932,102.41971069213604,102.80873351749712,847
2024-01-08 07:05:00,101.47555916681668,102.53220611125764,101.19053580279918,101.5534715271308,647
2024-01-08 07:10:00,102.26259403244461,102.65614874931862,101.86497803069379,102.12570244807485,965
2024-01-08 07:15:00,103.50710327127203,103.63803198494037,103.43036322941768,103.73413733087244,788
2024-01-08 07:20:00,103.65761818701499,103.96207723883974,103.62789162549447,103.81124073397126,678
2024-01-08 07:25:00,103.17229199209508,104.09854475353592,103.45192028639023,103.57320545379046,954
2024-01-08 07:30:00,102.4976492217952,103.37394385634032,101.94864744891022,102.63832973144416,886
2024-01-08 07:35:00,103.4111786420777,104.09444180458605,102.6788478429189,103.81817714038077,654
2024-01-08 07:40:00,102.7128624042167,103.53391289376681,102.58091076496166,103.18367288756846,296
2024-01-08 07:45:00,103.41853141424295,103.96193119039546,103.02255836469394,103.73767722234706,708
2024-01-08 07:50:00,103.9579193997483,104.11719778246233,103.36233603931967,103.7355652893939,257
2024-01-08 07:55:00,103.5383288202719,103.79717653714954,102.58671653834242,103.23589700236931,412
2024-01-08 08:00:00,103.24208744919201,103.66932013891478,102.56237543723559,103.13318333851913,215
2024-01-08 08:05:00,104.34651040586007,104.82566816356268,104.03234644246331,104.02669312956618,154
2024-01-08 08:10:00,104.15122571581968,104.73658692885672,103.77274385422002,104.80097608366476,808
2024-01-08 08:15:00,105.01122616679405,104.77337151119896,104.57803814022193,104.64313113493785,733
2024-01-08 08:20:00,104.30402659866671,104.11582403314154,103.67518514718817,103.94859865032649,186
2024-01-08 08:25:00,104.53870085031743,104.79856893203728,104.08916819546711,104.66602343933076,590
2024-01-08 08:30:00,104.79519615814094,106.0341967955155,104.72841005694629,105.48353355749646,260
2024-01-08 08:35:00,105.0183945475825,106.23289161932199,104.54208826632787,105.31322950991479,735
2024-01-08 08:40:00,104.85652894917035,105.04090162815736,104.16103343438161,104.51752972117136,759
2024-01-08 08:45:00,104.412504062225,105.01670913610327,104.21191173133663,104.57368590762279,259
2024-01-08 08:50:00,106.46914603836483,106.80330801468554,105.57540955743886,106.29233036857369,306
2024-01-08 08:55:00,106.97532847459178,107.83861947254485,106.77548746407878,107.11512157798316,861
2024-01-08 09:00:00,107.05944187271218,107.44525618649838,107.3236932905106,107.29136517283679,146
2024-01-08 09:05:00,108.23712827296752,108.80696697734422,107.242722297247,107.84046465400597,633
2024-01-08 09:10:00,109.32491839787747,110.21998687011954,108.83169231478205,109.74806503286355,201
2024-01-08 09:15:00,108.32776009176953,109.0935158295891,107.98705871821234,107.80037534455849,168
2024-01-08 09:20:00,108.25636482972773,108.41847626998761,107.68273373652961,108.5526529805979,398
2024-01-08 09:25:00,108.9918745138321,110.17354657411383,108.67239120255898,108.89531657264797,202
2024-01-08 09:30:00,109.21417161049273,110.48046646491476,108.8442160781311,109.58520920460853,218
2024-01-08 09:35:00,109.89366597366488,110.44012455707228,109.72680034776104,110.16116971818394,960
2024-01-08 09:40:00,109.87110596423233,110.47382261694504,109.8641659502897,109.9784187621993,253
2024-01-08 09:45:00,108.86135873744296,109.226107697113,108.75757643174798,108.87415707388205,720
2024-01-08 09:50:00,108.15435042574285,108.1708545444889,107.35124144383104,108.16867470573153,546
2024-01-08 09:55:00,107.92499697654533,108.89042982421286,107.7790135388748,107.99339918105832,487
2024-01-08 10:00:00,107.50066517280506,108.53236075776421,106.77186883525715,107.91549855272031,456
2024-01-08 10:05:00,109.12192528396103,109.8181652498828,108.96193196198632,109.48202704494328,953
2024-01-08 10:10:00,109.51414694273619,110.27677778576495,108.98856137399278,109.5854267152528,947
2024-01-08 10:15:00,110.06608420365056,110.31721399467372,109.6153343072115,109.92214537362779,646
2024-01-08 10:20:00,109.7620275189586,109.56313095074879,108.56041210713138,109.50844072219316,765
2024-01-08 10:25:00,109.41473994655426,109.83907856225964,108.72163905305348,109.76977631096106,587
2024-01-08 10:30:00,110.89883449631076,111.50616573845168,110.15610326575779,110.86529143176907,247
2024-01-08 10:35:00,111.3536469906901,112.09870273583356,110.80121487334122,111.72933987244338,438
2024-01-08 10:40:00,110.7143886976537,111.28630503232168,110.53138335406938,110.16264152546941,371
2024-01-08 10:45:00,110.9876097593063,111.66560789872143,110.34978995729546,110.83158893674928,955
2024-01-08 10:50:00,111.93675263397277,111.96269005150151,110.8198077058383,111.63371851559688,735
2024-01-08 10:55:00,111.11608583930901,111.74116486264569,110.58220540835353,111.07497077467224,704
2024-01-08 11:00:00,112.83190141736567,113.889805638662,112.20159700812012,112.92694183429818,185
2024-01-08 11:05:00,111.5165672626118,112.48117470475012,110.59758766861077,111.47548647486045,315
2024-01-08 11:10:00,112.37446812684678,113.30031712376825,112.11872765365614,112.49274058817275,801
2024-01-08 11:15:00,112.16003427046913,112.5314224387762,111.70205338646187,112.51051910181272,816
2024-01-08 11:20:00,111.7719021434812,112.41671060574446,110.94793413819491,111.79055838267037,533
2024-01-08 11:25:00,112.52462072474653,113.32418252815476,111.98745621067005,112.64384371529714,444
2024-01-08 11:30:00,112.93467836791656,113.4724458008025,112.1435679876697,113.3382815312809,588
2024-01-08 11:35:00,114.1303567450399,114.02821271503254,113.8538055941794,114.2290935472248,848
2024-01-08 11:40:00,114.79175909554385,115.4106378685345,114.45417493888398,114.85344991482015,806
2024-01-08 11:45:00,114.44075982317135,114.97602653690782,113.7360044191517,114.41142020100732,674
2024-01-08 11:50:00,114.32762914574198,114.6802238624887,114.06353620051796,114.37732533625224,952
2024-01-08 11:55:00,114.73642233875891,115.6411774339573,113.90496821569975,114.77702671230247,338
2024-01-08 12:00:00,113.8411103331884,114.29286314076023,113.19128799211816,113.58904541377727,594
2024-01-08 12:05:00,114.93907947047883,115.75659214059716,113.90444354468704,114.67125435556878,425
2024-01-08 12:10:00,115.19675302049048,115.83076207071032,114.52253091413529,115.44376523772313,587
2024-01-08 12:15:00,114.46857908680332,115.72059346390502,113.77584912718648,114.65626467233868,747
2024-01-08 12:20:00,112.28279681714606,113.1829831572629,112.44352757068003,112.35518450118829,568
2024-01-08 12:25:00,112.26035266822406,112.79757680848724,111.94076209929725,112.53346045484032,508
2024-01-08 12:30:00,113.3941615932863,114.29847125383638,113.53513851803402,113.75148312546348,898
2024-01-08 12:35:00,111.57656339692126,112.38640708148844,111.92541145259992,111.92775619292996,364
2024-01-08 12:40:00,112.7785628982685,113.4419127057031,112.13539419771824,112.74967425323086,328
2024-01-08 12:45:00,113.15923475061768,113.27991595061677,112.52455947568613,112.9793826672671,753
2024-01-08 12:50:00,111.54619681929039,112.36880530796732,110.99220094653175,111.38065210445754,998
2024-01-08 12:55:00,110.72945658676721,110.94431589136065,109.93428207192818,110.43995498733346,508
2024-01-08 13:00:00,110.30250525133076,110.89138209770735,110.37072437457398,110.87213037741667,135
2024-01-08 13:05:00,110.56962859104782,111.13181313194094,109.85399459216079,110.37631003786944,404
2024-01-08 13:10:00,111.08715486431706,110.99764156388747,110.11924644115435,110.74331479616451,632
2024-01-08 13:15:00,110.49193037541723,111.10508200059613,109.42391241868701,110.81788067729157,250
2024-01-08 13:20:00,109.14499641609031,110.27425981654844,108.63813747007174,109.66666367837782,242
2024-01-08 13:25:00,109.67605028790422,109.69983183471933,108.73435100597723,109.48928351313437,547
2024-01-08 13:30:00,110.50570612381654,111.18458369046499,109.88915950480948,110.63036781150329,425
2024-01-08 13:35:00,111.55270503188322,111.58962273808338,110.65423284329323,111.52327510988536,479
2024-01-08 13:40:00,109.9895454298476,111.31278883534215,109.80848762613792,110.38702349731084,922
2024-01-08 13:45:00,111.96365201418918,111.94337799215555,111.1027040747632,111.76902090736704,488
2024-01-08 13:50:00,113.2383036036246,113.93445555088391,113.23710162274115,113.8133656730265,924
2024-01-08 13:55:00,112.73994766620962,113.03494761660708,112.48236013406422,113.02344267096717,985
2024-01-08 14:00:00,111.89506406444534,112.6632271044303,111.77399144817818,112.05241872416931,837
2024-01-08 14:05:00,112.55417063843225,113.0168104765723,112.06736641247034,112.1688654096706,416
2024-01-08 14:10:00,115.08450587435433,115.33412550615715,114.10976167055117,115.14896985725562,120
2024-01-08 14:15:00,114.323633410035,115.48078813303796,114.60039564347359,114.53624858047836,916
2024-01-08 14:20:00,113.82366079976741,114.18705036612273,113.02259771438659,113.98998383250577,877
2024-01-08 14:25:00,114.46795710845132,115.14890667227372,114.32756135039122,114.38264662690717,465
2024-01-08 14:30:00,114.11904580212021,114.97221577776712,113.82179577648785,114.08890422857846,971
2024-01-08 14:35:00,115.95281390528291,117.03616230714822,115.96376296062698,116.42206750388567,697
2024-01-08 14:40:00,116.87327288115367,117.05011248512336,115.91651394098236,116.59505470528438,983
2024-01-08 14:45:00,115.80423644762469,116.42153194576944,115.6295394286886,116.46883683504522,167
2024-01-08 14:50:00,116.46569383261227,116.70834269696984,116.06826928969267,116.35641864275121,765
2024-01-08 14:55:00,117.1352426261517,117.54315686400543,116.85430791317016,116.75550125454964,252
2024-01-08 15:00:00,117.62134761610619,117.59479999892298,117.0990497307031,117.36774641816896,148
2024-01-08 15:05:00,117.61030642613282,117.84954711126856,116.45766133585846,117.21220589482391,149
2024-01-08 15:10:00,117.5502856559004,118.30460180320173,117.37333711212827,118.03543450431954,859
2024-01-08 15:15:00,117.97828303021421,117.97383602087376,117.42276955405502,117.74717103423257,377
2024-01-08 15:20:00,118.68355099998786,119.58710319434302,118.1340906471098,118.78712482295487,648
2024-01-08 15:25:00,119.01239093621287,119.44558783653825,118.59814551117117,118.93771473046834,551
2024-01-08 15:30:00,118.80555631833569,119.2433409624299,118.5104283183405,118.76731652550355,351
2024-01-08 15:35:00,118.34623218825162,119.14053768480508,117.90473151463027,118.31445151042372,326
2024-01-08 15:40:00,118.03159480307814,118.13604735778611,117.09537321124648,117.91746661570527,910
2024-01-08 15:45:00,117.28145084883761,118.35496966351135,116.89805992207887,117.85041151315842,236
2024-01-08 15:50:00,118.18597436307525,118.57845929777672,117.38656081890149,118.10975292069709,420
2024-01-08 15:55:00,114.58521344361577,115.24137345386919,113.79405765692478,113.97939643491469,437
2024-01-08 16:00:00,115.92570031726386,116.07957292744028,115.85265093537018,116.04298089930168,136
2024-01-08 16:05:00,118.25108677448051,118.4313754371359,117.26073412762621,118.10967147679794,947
2024-01-08 16:10:00,118.80494559523355,119.41906219660048,119.0046780242297,119.35883072675378,255
2024-01-08 16:15:00,120.89346200634968,121.80684476931368,120.80013454520893,120.83864883213921,671
2024-01-08 16:20:00,120.5476752024435,121.50184572455474,120.62686912619019,120.82243848404808,315
2024-01-08 16:25:00,121.11611999525869,121.42488112181276,120.66019982563512,121.62518859846193,234
2024-01-08 16:30:00,120.82253957106307,121.65413853405389,120.7811802649398,120.8690484691838,929
2024-01-08 16:35:00,119.82283271230598,120.4169066010014,119.84229018818144,119.72803085857055,551
2024-01-08 16:40:00,120.20156352815104,120.97053405370477,119.76223740777434,120.04388949963455,624
2024-01-08 16:45:00,119.50108610908258,119.39870163293291,118.81029513222306,119.80806181773428,276
2024-01-08 16:50:00,119.81497290722744,119.95868143489034,118.85813279409997,119.1592033749784,879
2024-01-08 16:55:00,118.85292981920537,119.08873804020953,118.46957338766728,118.62215260748408,361
2024-01-08 17:00:00,117.5422191334981,117.67913835931327,116.78273441655362,117.38746402473247,666
2024-01-08 17:05:00,115.37441560351432,116.33977008487861,115.11451635499591,115.65961108319021,660
2024-01-08 17:10:00,116.26766404659242,116.55262783389257,115.43641223674624,115.91542840182342,110
2024-01-08 17:15:00,115.04242379780867,115.35697010065923,114.18098132685718,115.08563338773952,846
2024-01-08 17:20:00,115.48268005589485,115.80785204724074,115.41953336539656,115.666642316483,423
2024-01-08 17:25:00,114.47531379370179,115.04005583683623,114.42566245564801,114.46670628459512,917
2024-01-08 17:30:00,115.61579154011245,116.28031710266832,115.64545521080579,115.63170388793158,269
2024-01-08 17:35:00,114.36046767284324,115.43713971453994,114.48204690281977,114.57124161067667,899
2024-01-08 17:40:00,113.90471817286122,114.33173318862605,112.98229801305122,113.6176095489189,950
2024-01-08 17:45:00,112.73158542735153,112.79527993473295,112.31642727894435,112.55773520894289,116
2024-01-08 17:50:00,112.89517446823221,113.10593635796528,112.48993297063048,113.0700212581659,971
2024-01-08 17:55:00,113.37209430839684,114.4626976905777,112.93959559991991,114.2300084305332,591
2024-01-08 18:00:00,112.99541641335189,113.99283286161662,112.35657907163018,113.36782051097937,122
2024-01-08 18:05:00,113.28059643905928,114.22963613669843,113.2415267054155,113.13554473751542,803
2024-01-08 18:10:00,113.74579137069568,114.62622550182347,113.04747295495785,113.7575809668132,307
2024-01-08 18:15:00,113.96700139196997,114.39942770532706,113.35375424185332,113.93191075641222,148
2024-01-08 18:20:00,113.79979824193057,114.41720011272011,113.65550167397227,113.76029389992216,130
2024-01-08 18:25:00,113.02327823073884,113.46403954531418,113.18741916430095,113.57721439177357,898
2024-01-08 18:30:00,113.36002854686235,114.18085105675505,112.97984373900388,113.01911308519067,430
2024-01-08 18:35:00,115.88657585723756,115.84227976013634,115.56377100208896,115.58288219632588,503
2024-01-08 18:40:00,115.65250486936567,115.78665958861814,114.96352924202999,115.50182259231026,601
2024-01-08 18:45:00,116.88901468872295,117.48179644718851,116.06272219522619,117.01961744003633,248
2024-01-08 18:50:00,117.98950049884559,118.49375755719772,117.17951539527073,118.2259766920995,171
2024-01-08 18:55:00,117.66400657523403,118.15522662614904,117.07719885780699,117.5507406783677,933
2024-01-08 19:00:00,117.72793072273379,118.51903815682381,116.98888223324475,117.7545374468307,649
2024-01-08 19:05:00,116.31838525382372,117.20214515203443,116.2524834833864,116.44729927468653,160
2024-01-08 19:10:00,116.06188373812358,117.0746272531995,115.31595709841196,116.19433667570807,165
2024-01-08 19:15:00,114.94845138832028,115.52875447675947,114.5215470921464,115.11835369038393,178
2024-01-08 19:20:00,115.78838385937368,116.57889157466519,115.44576821984967,116.12011983028337,538
2024-01-08 19:25:00,114.54939861081819,115.75636304529381,114.28097861967937,115.47004702377586,851
2024-01-08 19:30:00,114.52493111865994,115.41165496714814,114.34250650310871,114.41383266141432,527
2024-01-08 19:35:00,115.00961565357382,115.61015105295921,114.05290204578726,114.54064230695678,900
2024-01-08 19:40:00,114.59504836162188,114.87892802698067,113.78498850680303,114.53989593522346,852
2024-01-08 19:45:00,113.95487042034266,114.64027718156026,113.08722804883918,114.1350207351612,218
2024-01-08 19:50:00,116.31211947888133,117.0183572252876,115.76141637862203,116.2881812077653,789
2024-01-08 19:55:00,115.60612252230354,115.6270761448296,114.83056336147651,115.51168674642427,864
2024-01-08 20:00:00,114.7091050735056,115.38565982406006,114.21882670230873,114.74865096647329,631
2024-01-08 20:05:00,113.78911580114733,114.41321262634304,112.65357508774042,113.20894498598388,184
2024-01-08 20:10:00,114.35213911747462,115.02656951503658,114.1977241652403,114.43480632861394,227
2024-01-08 20:15:00,112.428518869776,113.25609913342143,111.73122037537397,112.21248868663075,367
2024-01-08 20:20:00,113.41901917542592,114.2116159213269,112.3776648113632,113.27086556364635,637
2024-01-08 20:25:00,113.49077000998872,113.42607213920773,113.0281055094207,113.16605647217897,128
2024-01-08 20:30:00,113.47691509595832,113.91475142440912,113.34000659350706,113.94619817778363,585
2024-01-08 20:35:00,113.4499149230245,114.76320706301249,113.7644819072991,113.6877518995826,258
2024-01-08 20:40:00,113.96717488546103,114.86094286924185,113.51901482158317,113.89066822236855,140
2024-01-08 20:45:00,113.84483865607001,114.28262942168287,113.10364435527788,113.9207021933202,911
2024-01-08 20:50:00,114.40166984606302,114.91333802641044,114.15571000255187,115.14883481289053,544
2024-01-08 20:55:00,115.87844686544551,116.11817901686287,115.39940788980802,115.73915464151355,770
2024-01-08 21:00:00,115.8166168286167,116.61170950773658,115.1642680053349,115.68263308099928,480
2024-01-08 21:05:00,116.53344422231673,116.85987807822336,116.08139495371444,116.1180588540239,303
2024-01-08 21:10:00,116.48991200355675,117.06703848696998,115.67134458797439,116.81519673014739,295
2024-01-08 21:15:00,115.6887514803926,116.01284398509772,115.61268556270034,115.79703282835516,730
2024-01-08 21:20:00,115.26232217491261,116.08142961343542,114.66274425752054,115.21743981680365,458
2024-01-08 21:25:00,114.16786239870947,114.36160208792239,114.1320935226289,114.25119278816022,307
2024-01-08 21:30:00,113.88157095318427,113.9280661575808,112.85012607608554,113.85611703106152,844
2024-01-08 21:35:00,112.13792989314831,112.16291405391907,111.51955582043018,111.57734716993667,547
2024-01-08 21:40:00,110.40518290842306,110.73115097443424,110.26710272567333,110.36402502090185,807
2024-01-08 21:45:00,111.62993948449767,112.05043897465961,111.56026228101909,111.65128964216804,839
2024-01-08 21:50:00,109.88516235336581,110.5478548585267,109.69383864970594,109.68736118737843,749
2024-01-08 21:55:00,110.65134639964033,111.21360026457089,110.04454754605987,110.8128521791881,466
2024-01-08 22:00:00,113.85267251820025,113.87265759295191,113.61142651010408,113.78621524710115,193
2024-01-08 22:05:00,112.93505839741812,113.0773242874414,112.25368135711935,112.48838052700894,878
2024-01-08 22:10:00,113.43308361306258,114.2489142437031,113.03485440034332,113.27450157082613,873
2024-01-08 22:15:00,113.42120961999727,113.72919954660692,113.18800731209173,113.14036156467783,825
2024-01-08 22:20:00,112.26099203601937,113.21981883824338,111.9487349694948,112.55952981930463,837
2024-01-08 22:25:00,113.2411866248575,114.33863730720654,113.20220926530287,114.05938772073178,282
2024-01-08 22:30:00,112.69795089475683,113.49054579737256,112.5269348672643,112.55197956915995,550
2024-01-08 22:35:00,111.33061977936872,112.22200494450074,111.27781733668478,111.31032200926023,395
2024-01-08 22:40:00,111.74739610969652,112.34156847297436,111.49488379100903,111.94195124434758,675
2024-01-08 22:45:00,112.88140121975336,113.4794173825801,112.84906602007145,113.12707315986067,332
2024-01-08 22:50:00,112.92419113080835,113.86936796746085,112.97483807275108,112.91154464941953,810
2024-01-08 22:55:00,111.85269350437291,112.8772760152481,111.74886787742247,111.80404399443087,399
2024-01-08 23:00:00,113.9262111069099,113.86357378887473,113.18187898857093,113.5506240795482,699
2024-01-08 23:05:00,112.82430106981204,113.57991010406941,112.15356518284764,112.55627823912543,505
2024-01-08 23:10:00,112.67504592742472,112.43982036075863,111.71323996826926,112.32754149236901,912
2024-01-08 23:15:00,112.96144866628364,114.20400894221928,113.18538036365015,113.08055849447001,761
2024-01-08 23:20:00,112.8184458450471,112.9287719750673,112.44201278761395,112.52150030489904,589
2024-01-08 23:25:00,111.27063789906455,111.18365964877226,110.56666364508578,111.1048524021029,229
2024-01-08 23:30:00,110.28084302438548,110.4328602865239,110.2115480536782,110.09845114112495,877
2024-01-08 23:35:00,111.68535667195606,111.78131749728601,111.37691828947527,111.8474145789614,732
2024-01-08 23:40:00,109.19567648753168,110.30970699068756,108.69386094631594,109.62028586129642,569
2024-01-08 23:45:00,109.10924436092259,109.51048455823326,108.46939212807476,109.40475143489243,160
2024-01-08 23:50:00,107.62717300428434,108.67964723363893,107.76538412768208,108.04264367764593,667
2024-01-08 23:55:00,107.23887245605984,107.39094834275726,106.95905486628824,107.5547693271728,332
2024-01-09 00:00:00,106.3121778678614,107.12291209783176,105.37609360161156,106.47957841895153,706
2024-01-09 00:05:00,106.58420592140577,107.09712357497752,105.58811848684647,106.40550603238736,123
2024-01-09 00:10:00,107.90799528764381,108.03938275613218,107.12821737036127,107.56675236912487,655
2024-01-09 00:15:00,107.48605406160479,107.87889781290248,107.30616923605066,107.90547938503366,442
2024-01-09 00:20:00,109.02594482194422,109.20854875478148,108.95058662007187,109.22898610554923,284
2024-01-09 00:25:00,107.09011281119122,107.18574256822322,106.51509124629705,107.19970807763681,600
2024-01-09 00:30:00,106.44424776741778,107.00174325667915,106.36405996851158,106.88527860216583,894
2024-01-09 00:35:00,106.2472580742735,107.24727739815029,105.7820011840258,106.23942132411757,968
2024-01-09 00:40:00,106.11461552454718,106.72005223862631,106.03496472220962,106.07285086727782,884
2024-01-09 00:45:00,105.74003738760575,106.35615289086869,105.21585408890552,105.79404537904418,338
2024-01-09 00:50:00,105.80257326923814,105.79898574041161,105.5813069090159,106.12263932877295,925
2024-01-09 00:55:00,106.3153483695463,106.17115673254781,104.86278937314557,105.85129171158383,894
2024-01-09 01:00:00,105.58671938718912,106.01517290632601,105.12475417152451,105.9189624691636,302
2024-01-09 01:05:00,103.81387300822128,103.87547750969364,103.20933573716968,103.85279023207019,449
2024-01-09 01:10:00,102.56675473773782,102.70934650127528,101.81049688119484,102.40317291929082,199
2024-01-09 01:15:00,104.19355931804114,104.95579101428483,103.79881714502035,103.90915026684046,270
2024-01-09 01:20:00,104.41632926920609,104.43482949981752,104.24647905127826,104.16493208897869,197
2024-01-09 01:25:00,102.13256945399445,102.6596028215023,101.79440364806617,102.16704510296303,597
2024-01-09 01:30:00,100.7402058393278,101.34822590935643,100.38108144895996,100.8250114483228,626
2024-01-09 01:35:00,101.28251313343904,101.23096359164096,100.58188882574416,100.88393652600621,499
2024-01-09 01:40:00,99.01800009778366,100.17219073008754,98.79209178646408,99.34247665997472,294
2024-01-09 01:45:00,99.33025744001867,99.55587329823706,98.3760441031528,99.67943771805211,215
2024-01-09 01:50:00,98.00827510216796,98.43692633453598,97.87197567882912,98.28823579867743,777
2024-01-09 01:55:00,98.9574098406521,98.87241610403258,98.27216146570078,98.9469966740918,867
2024-01-09 02:00:00,99.43198520141765,99.5398112117779,99.15149137922847,99.43094798088782,435
2024-01-09 02:05:00,98.64644881188059,99.02226571013425,98.64349620994439,98.51816977944387,797
2024-01-09 02:10:00,98.71785897925125,98.6714181732609,97.72327078628112,98.61225706969903,594
2024-01-09 02:15:00,97.78963553735564,98.43490530932513,97.17805093533745,97.46806177299517,532
2024-01-09 02:20:00,97.7650231544258,97.90350910013618,97.65998966146914,97.93573699655875,284
2024-01-09 02:25:00,98.30951829297241,98.62721234804191,97.33212911099203,97.86047087128085,906
2024-01-09 02:30:00,96.68284180219698,97.41788560796387,95.83358032430871,96.70012667640272,409
2024-01-09 02:35:00,94.99372562812412,95.29868678344516,94.19019356854942,95.2191419178645,309
2024-01-09 02:40:00,94.34231754575369,94.3600911309305,93.54755940392225,94.19335728613102,805
2024-01-09 02:45:00,94.7535744721481,95.56469422429757,94.27548947017434,94.63777714555302,437
2024-01-09 02:50:00,96.0608256767692,96.47683543197965,95.74827889540717,95.77983486635495,887
2024-01-09 02:55:00,96.75710459721351,97.09413635866613,96.34056970268792,96.74460979448901,230
2024-01-09 03:00:00,95.82726860689279,95.8959627367753,95.14394025280671,95.89083875801859,819
2024-01-09 03:05:00,95.9695256713626,95.82890865463844,94.92706627675521,95.76324575609509,264
2024-01-09 03:10:00,95.82148389821897,95.98060593094725,95.12832574531456,95.94479011926475,758
2024-01-09 03:15:00,95.89972986517486,96.30809108459836,95.81382592464567,96.07403696297342,675
2024-01-09 03:20:00,95.84584963804073,96.60746444086183,95.3575812585171,95.78189088062486,693
2024-01-09 03:25:00,96.08789470569987,96.77861565048569,96.08268522013655,95.9875213302553,374
2024-01-09 03:30:00,95.10934568043798,95.5995100379821,94.30939506298573,94.97205108605799,565
2024-01-09 03:35:00,96.18151037520322,96.69892608190125,95.01251087791515,95.83552163493447,511
2024-01-09 03:40:00,95.28488153049219,95.60223904777781,95.04903974852604,95.7327783733687,191
2024-01-09 03:45:00,95.98954384952346,96.48186187117045,95.30705086190547,96.09506684646459,545
2024-01-09 03:50:00,96.92550904695575,96.84979394293504,96.63198882109059,96.74502385839946,144
2024-01-09 03:55:00,94.40154439468657,95.12300199122215,94.07085494901393,94.73115746436643,583
2024-01-09 04:00:00,94.60026538905379,95.48776447057408,94.07858636626392,94.66213352613408,931
2024-01-09 04:05:00,94.49966025052747,94.41887671234191,93.57591752351738,93.99089581039358,520
2024-01-09 04:10:00,95.46411219702632,96.65919206195281,95.52594226841191,96.02666516822187,809
2024-01-09 04:15:00,95.57285722263026,95.71486234652167,95.47273544143873,95.72871109431135,247
2024-01-09 04:20:00,95.60375118765879,96.31734597637201,95.29751393202338,96.10582576916207,209
2024-01-09 04:25:00,96.33522115465446,97.3090908075097,95.76435438589965,96.57908372100826,325
2024-01-09 04:30:00,94.86292179633584,95.81566763615555,94.72389456017821,95.11246497795523,672
2024-01-09 04:35:00,95.91331793462611,95.7316873726334,95.36666606145886,95.77244854209182,401
2024-01-09 04:40:00,94.84922388122095,95.70006023834554,94.38752583386615,94.66192865923728,130
2024-01-09 04:45:00,95.10315619481233,95.4976638601454,94.2262877154421,94.88712376667932,413
2024-01-09 04:50:00,94.53668693014406,95.10477045210314,94.45396670389495,94.8578321758975,826
2024-01-09 04:55:00,95.4442959830632,96.41919848295707,95.20034866046974,95.2226067950095,539
2024-01-09 05:00:00,95.3075322923655,95.67884374721439,94.69841948741997,94.99918541971013,739
2024-01-09 05:05:00,95.02469542628099,95.75313965027733,94.81752340451659,94.97329172399537,921
2024-01-09 05:10:00,95.89623591971767,95.92629578385198,95.7648382467367,95.80968151647775,685
2024-01-09 05:15:00,95.790245824726,96.868471037088,95.25962622576863,95.7439741675259,821
2024-01-09 05:20:00,96.2732272357268,96.67618370330098,95.19848087400229,96.0582695403453,665
2024-01-09 05:25:00,93.8778265849367,94.19167982006779,93.00511847436071,93.73577625961148,884
2024-01-09 05:30:00,94.77114188828789,95.78786721340273,93.85803956166947,94.60403677348162,449
2024-01-09 05:35:00,95.28667253154094,95.77757836813025,94.56994345835372,95.28601428088224,346
2024-01-09 05:40:00,95.80860635440358,96.06257908063932,95.03637424336932,95.88576643953238,821
2024-01-09 05:45:00,95.81793300965283,96.43058485837444,95.32402835145905,96.26277537672621,577
2024-01-09 05:50:00,96.59177314256611,97.17293360894402,96.36042075077206,96.32353980939352,549
2024-01-09 05:55:00,96.60488672386028,96.71915164162148,96.4952274106726,96.42935063198185,863
2024-01-09 06:00:00,96.29636561117393,96.73937276865573,95.95959920958244,96.43697679433681,686
2024-01-09 06:05:00,96.64620627249899,97.40344045901341,95.7072426424063,96.70146050195991,953
2024-01-09 06:10:00,96.60158076203791,96.71100853458486,96.42181178143949,96.56050965435503,726
2024-01-09 06:15:00,97.02385637972236,97.49417749087112,97.02508233788016,96.9167352279802,788
2024-01-09 06:20:00,97.10831857003534,97.84536313600884,96.03210894364337,96.8392494857543,726
2024-01-09 06:25:00,95.1576788186793,95.72795077806371,94.51660391861265,95.5547767943686,538
2024-01-09 06:30:00,96.00308606984278,96.17878914898313,95.13957268287662,95.08296556764085,879
2024-01-09 06:35:00,95.4753479292657,95.4679285959911,95.27659589045241,95.32599981695017,739
2024-01-09 06:40:00,96.52450740659211,97.1953431296434,96.15137860467942,96.13379139377984,275
2024-01-09 06:45:00,96.97732532698718,97.69874202401556,96.42751062910514,97.00869584105786,152
2024-01-09 06:50:00,98.14768137345821,98.68198348088144,97.36786163180003,98.27641507366319,905
2024-01-09 06:55:00,97.67186032730878,98.15582551294852,97.58322077692793,97.95792253251882,187
2024-01-09 07:00:00,98.27032306828502,98.37214454814833,97.214706396231,98.26511579041713,956
2024-01-09 07:05:00,97.69043068602015,98.40548407686677,97.44993488191406,97.8833970036889,453
2024-01-09 07:10:00,97.47860071081249,98.26492706124344,97.45918621819688,97.65596699527198,100
2024-01-09 07:15:00,97.07631685956402,97.47939456144073,96.83999177363546,97.40222365978289,511
2024-01-09 07:20:00,97.63669681950837,97.89372295176629,97.08125851830707,97.71566364682043,129
2024-01-09 07:25:00,97.8726097390121,97.59445699711112,96.87626578823941,97.42461214159012,534
2024-01-09 07:30:00,96.95648616388776,97.38550717104961,96.64239036171291,97.23813765629376,868
2024-01-09 07:35:00,97.549508779003,97.84610628025798,96.70208127218773,97.35215755837461,210
2024-01-09 07:40:00,97.13870826597949,96.9033701350025,96.34281229492191,97.31260937436312,721
2024-01-09 07:45:00,96.92131957313111,97.2835252880693,96.794209147741,97.1518264199149,162
2024-01-09 07:50:00,96.7446418560035,97.27166910691028,96.33239106803536,96.55518987847944,580
2024-01-09 07:55:00,97.02096039485872,96.7433037313986,96.18475051568417,96.75855335691868,550
2024-01-09 08:00:00,95.09130993598474,96.38537765770528,94.82652571515771,95.35962111861727,696
2024-01-09 08:05:00,94.68105050147021,95.54333956824847,93.77045941974812,94.6834627530763,664
2024-01-09 08:10:00,94.87270250652578,95.1534682214092,94.44422681255185,94.62905839977223,102
2024-01-09 08:15:00,93.63165212492099,93.86173704567256,93.51882923810594,93.45200626086759,195
2024-01-09 08:20:00,94.10205095901506,94.04400187401048,93.22864313297482,93.81097590646847,204
2024-01-09 08:25:00,92.94346231695357,93.36385055586581,92.18159529202958,93.13750925553538,351
2024-01-09 08:30:00,90.69446502529944,90.93334607480871,89.793805313185,90.66843657638579,909
2024-01-09 08:35:00,89.44574577061547,89.75403992700774,88.53395527520019,89.27827444857185,632
2024-01-09 08:40:00,89.9444581391207,90.35804672043888,89.79463100854635,89.92298815786032,692
2024-01-09 08:45:00,89.66752022970027,90.70915761869459,89.2810066876117,89.81261845049615,274
2024-01-09 08:50:00,90.98045975333537,91.9103709677857,90.45023070999784,91.294194228631,341
2024-01-09 08:55:00,90.53076170494782,91.54811181601839,90.4864764021366,90.83144502528013,959
2024-01-09 09:00:00,89.78559158478598,89.72087451574669,88.98671220562512,89.73460072343025,754
2024-01-09 09:05:00,91.76529463884786,92.6825025734048,91.29329190599023,91.97371438116383,345
2024-01-09 09:10:00,91.45812036872911,91.83996580046505,91.53827956668539,91.5158682006609,984
2024-01-09 09:15:00,90.69285712279263,91.09108421524547,90.36292767121172,90.94618041177704,166
2024-01-09 09:20:00,91.97711538511471,92.2151619780752,90.76262177743588,91.44050314677362,182
2024-01-09 09:25:00,90.2284081819614,91.41149133489976,89.77742855632765,90.28886598844377,470
2024-01-09 09:30:00,90.98480100540243,92.17744188542439,90.78491617631411,91.62541832403113,836
2024-01-09 09:35:00,89.61363167693095,90.12457788409966,89.18275105138831,89.60387990812082,803
2024-01-09 09:40:00,88.85347692211207,88.9473579360533,88.66925947402493,88.81574329705407,511
2024-01-09 09:45:00,87.81757036389816,88.60945639986704,87.28492128237498,88.16867759333954,628
2024-01-09 09:50:00,88.2898289364356,87.72493294574383,87.16632549896687,87.63704046517175,653
2024-01-09 09:55:00,90.44650269865886,90.22930536760717,89.62820170089687,90.14032550512268,660
2024-01-09 10:00:00,90.02508207092433,90.14540616359537,89.34468082049071,89.39531626411241,243
2024-01-09 10:05:00,91.03058195703892,91.85548572358381,90.71073753254694,90.97107235624091,809
2024-01-09 10:10:00,94.78796580444929,95.28130198826936,93.70032201288616,94.49483469871878,515
2024-01-09 10:15:00,93.58515114115508,94.63623546727027,93.75322055732107,94.08117699710121,419
2024-01-09 10:20:00,93.88472929482096,94.6641494374345,93.04064139930531,93.80459418380569,263
2024-01-09 10:25:00,94.14593441328802,94.85068908258947,93.89688211024479,94.24762204646171,676
2024-01-09 10:30:00,95.08376826109877,96.0511666330105,94.26725502200641,95.2627037262422,599
2024-01-09 10:35:00,95.74698768698218,96.11992957618942,95.65688334433725,95.78729763796103,405
2024-01-09 10:40:00,96.69007158359629,97.18133123273327,96.50825152435338,96.61924590855646,325
2024-01-09 10:45:00,95.9067769609085,96.94090083024992,95.67282725050666,96.15243123409462,459
2024-01-09 10:50:00,96.28096387901638,96.92715563038583,95.85859026510946,96.72268934838135,363
2024-01-09 10:55:00,97.14423891952742,97.60879490983893,96.8466178650432,96.93877083441734,405
2024-01-09 11:00:00,98.02445400962608,98.46367062161805,97.24539049112174,97.61951011463928,273
2024-01-09 11:05:00,97.71424043607409,98.54915340587037,96.8614431134344,97.96351191529695,558
2024-01-09 11:10:00,97.97496982904744,98.76675251089625,97.40325964936294,98.60415817888978,703
2024-01-09 11:15:00,97.99547857315468,98.24329531750242,96.91229479721262,97.83738468386167,109
2024-01-09 11:20:00,97.08781593090193,97.07111176907168,96.8476286250439,97.06013635176721,399
2024-01-09 11:25:00,95.7901375352209,96.45491456770965,95.6800982497041,95.70944471552069,142
2024-01-09 11:30:00,96.61324167320892,97.57345910646646,95.91528626030332,96.41716113671045,115
2024-01-09 11:35:00,99.2539448936447,99.54528545729761,98.32699429181864,99.34898111370616,794
2024-01-09 11:40:00,98.324178146467,99.43151138745512,98.70500723735721,98.88608425425633,794
2024-01-09 11:45:00,99.00791839472114,100.37523197346647,98.55293976501518,99.24957259066723,820
2024-01-09 11:50:00,100.20614096952899,100.83899628721866,99.573122840407,100.09939731448914,789
2024-01-09 11:55:00,101.06183546789121,101.22149498041851,100.43621426001452,101.07181803949932,224
2024-01-09 12:00:00,103.75565960284993,104.80803474802607,103.54171473863255,104.03682227453366,408
2024-01-09 12:05:00,105.52528867041872,106.70773953986094,105.27770864709734,105.72587293977459,584
2024-01-09 12:10:00,105.72289258085297,106.42231087303792,104.93887433522534,105.50256608342032,739
2024-01-09 12:15:00,104.83052066744712,105.66253528156835,104.7294436226536,104.75776102423909,494
2024-01-09 12:20:00,105.45103190904429,106.01749005629588,104.68098998418749,105.10744735072677,423
2024-01-09 12:25:00,105.92856933323957,106.09529004352311,105.39628619390149,105.40621160483187,378
2024-01-09 12:30:00,106.88283112081662,107.28086122158984,105.9568213800239,106.91621722972708,684
2024-01-09 12:35:00,106.8728824301019,107.73292849556377,106.79485295966839,106.76989749261223,143
2024-01-09 12:40:00,106.86124720644571,106.8802558677185,105.94872719836903,106.80701498227087,931
2024-01-09 12:45:00,108.00750424914948,108.34079544548753,107.37237555806793,107.967992008283,740
2024-01-09 12:50:00,105.8167313177314,105.9507736078766,105.18521711667903,105.98485854066817,552
2024-01-09 12:55:00,104.84600288486453,105.5830298514823,104.15850544493512,104.69374776384021,687
2024-01-09 13:00:00,105.7442013606273,106.44561771557153,104.92387813081497,105.6303285139246,244
2024-01-09 13:05:00,105.61841138330269,105.6055041633004,104.81042965169142,105.7877240511197,827
2024-01-09 13:10:00,102.95682523741938,103.41987782657493,102.67060422584345,102.69846514377417,506
2024-01-09 13:15:00,102.09604158495895,102.85766965259855,102.40928993920767,102.46797109563354,972
2024-01-09 13:20:00,100.27466783331849,100.54688513050439,99.86783765875133,100.44455152600962,534
2024-01-09 13:25:00,99.88044110949552,100.18094678479314,99.70400770441753,99.65161892201218,987
2024-01-09 13:30:00,99.93196585276114,100.95513311165283,99.92688294950543,100.09793720299994,550
2024-01-09 13:35:00,99.88433790632855,100.82704391071859,99.75222230155741,100.11807440916287,905
2024-01-09 13:40:00,100.34293512563549,100.83530350974203,99.607644752076,100.60404900870836,873
2024-01-09 13:45:00,100.01409632971,100.93156279899267,99.34720884295093,99.80820666341693,278
2024-01-09 13:50:00,99.44658151529092,100.29003236078829,99.26704361440949,99.36186426821168,951
2024-01-09 13:55:00,98.95235877043014,99.00275059408715,98.81144567914428,98.70249473843151,655
2024-01-09 14:00:00,99.67225289495313,100.32957972373696,98.75046642368747,99.21972421636802,989
2024-01-09 14:05:00,100.01731328278878,100.66875872401751,98.92116577239412,99.6587254765294,546
2024-01-09 14:10:00,99.53860874470698,99.82731151566331,99.20349760786293,99.47687761861542,614
2024-01-09 14:15:00,99.93767941275169,100.42801323515314,99.6814860648193,99.90315764628521,687
2024-01-09 14:20:00,99.5061803573011,99.99471866278196,99.2767684584883,99.43274069417632,328
2024-01-09 14:25:00,98.50545661852412,98.66773826155837,98.25109463178379,98.50385091032511,389
2024-01-09 14:30:00,99.38273086539468,99.46475999651692,99.04827853006366,98.80232524547165,259
2024-01-09 14:35:00,97.90441999347271,98.85408780640955,97.1216132703437,97.89496393035544,437
2024-01-09 14:40:00,98.21534674927854,98.924310028803,97.79419765448823,98.21226017342879,888
2024-01-09 14:45:00,95.74175803281535,96.43607295671113,94.98282648226927,95.5288819360969,650
2024-01-09 14:50:00,96.8298233473297,96.93833722281573,96.00529568918502,96.78866696969158,740
2024-01-09 14:55:00,95.68154037365545,96.26198383574544,94.99223898686158,96.22801296154002,574
2024-01-09 15:00:00,97.80461534490922,98.19004137767998,97.36993617699883,97.69882231349898,736
2024-01-09 15:05:00,99.42587175627528,99.73440729667361,98.77948876756955,99.31175632882658,348
2024-01-09 15:10:00,97.90684194056269,98.30096202337694,97.67175225795853,97.88506832381675,485
2024-01-09 15:15:00,98.78230747097663,98.99885680071174,97.8241026872141,98.41278599107652,889
2024-01-09 15:20:00,99.92621662209149,100.79466976117521,99.38068722979344,100.03536724355722,218
2024-01-09 15:25:00,100.95094487130746,101.49022987994799,100.26563642337273,101.06417242358867,595
2024-01-09 15:30:00,101.36057602084783,102.55428171260294,100.97745300392616,102.15290474387932,535
2024-01-09 15:35:00,101.87925544800508,102.30116408587165,101.3248989570262,101.65181876684345,445
2024-01-09 15:40:00,102.64531140911797,103.08775606830838,101.61786673403023,102.36485766861385,844
2024-01-09 15:45:00,102.39610753998188,102.60457337335119,102.25900330825739,102.80634184269775,264
2024-01-09 15:50:00,102.48336319991205,103.70218175967011,101.84619336711395,102.71692860345262,888
2024-01-09 15:55:00,103.84054377973665,103.9095872441207,102.94742312826334,103.8264769094694,508
2024-01-09 16:00:00,105.04844768324661,105.21578985040051,104.00943114233363,105.15512719573402,855
2024-01-09 16:05:00,105.35806172386906,105.59254854904141,104.6291076339958,105.39071556937924,214
2024-01-09 16:10:00,105.21779400618009,105.6189894354727,104.77001876050728,105.28604290974312,645
2024-01-09 16:15:00,104.82136552139698,104.79752609251075,104.25394213197598,104.29744381145086,891
2024-01-09 16:20:00,104.15188756845166,105.07148173048488,103.83516337953986,104.47789329082774,345
2024-01-09 16:25:00,104.07106709192483,104.55146782917275,103.48314351374214,104.28896016378566,533
2024-01-09 16:30:00,105.38108989564506,106.06326798937565,104.9499012429518,105.45993995017179,634
2024-01-09 16:35:00,106.39005494313594,106.83330650757961,105.90796536385669,106.38809974126684,959
2024-01-09 16:40:00,104.52449563455546,104.64989321949264,103.69111152756167,104.52706883392445,477
2024-01-09 16:45:00,104.39104621955856,105.30712432309777,103.8290901117192,104.34601343962429,346
2024-01-09 16:50:00,104.92176424491511,105.86293337992288,104.46734438762675,104.84149024810871,908
2024-01-09 16:55:00,106.08224562939654,107.1229549647718,105.81398647578663,106.42954018790091,206
2024-01-09 17:00:00,107.2510519137399,107.96368697492747,106.56204143414816,107.17367292103476,541
2024-01-09 17:05:00,105.45783043935754,106.07382105077747,104.65885305124819,105.17164783647098,380
2024-01-09 17:10:00,105.50218209711443,105.90892162315892,104.63406110447866,105.18886713029198,408
2024-01-09 17:15:00,104.59039965151426,104.73242029982642,104.01183923937522,104.49096819175277,421
2024-01-09 17:20:00,103.65222100781851,104.41758490608532,103.21825405119614,103.46365042994006,586
2024-01-09 17:25:00,103.67484629253383,104.23359941986959,102.9850321720604,103.38076449853237,774
2024-01-09 17:30:00,101.81970560910186,102.54803154644412,101.41283113162751,101.89444365653017,741
2024-01-09 17:35:00,101.02674147576228,101.58424339987059,100.86450840951696,100.53182079827813,865
2024-01-09 17:40:00,101.10279444822012,101.19827867135888,100.71648689876743,101.18469259466183,944
2024-01-09 17:45:00,99.34736796471965,99.52077383866363,98.48828903141296,99.17300390676773,814
2024-01-09 17:50:00,98.91193182246457,99.51139699697443,98.60862022798187,98.78239066701835,765
2024-01-09 17:55:00,98.52425400634016,99.17337327662958,98.36989736472758,99.0583870796541,222
2024-01-09 18:00:00,99.51541863439296,100.00135507868917,98.67191634497523,99.46719150205564,365
2024-01-09 18:05:00,101.04268364458406,101.53268432784446,101.15045368468638,101.15175879115324,733
2024-01-09 18:10:00,101.90808693589908,102.92672510772458,101.2982124272452,101.97388421841444,785
2024-01-09 18:15:00,102.92859042493856,103.83120316936578,102.17823491146217,103.19296553533631,105
2024-01-09 18:20:00,103.75894484898173,104.5590372537515,103.28628319126453,103.91709211395344,566
2024-01-09 18:25:00,104.663655524949,104.8416591855426,104.42066822531544,104.45691295774121,177
2024-01-09 18:30:00,104.85195455264571,105.09488770210834,104.43427307124767,105.18087608327212,898
2024-01-09 18:35:00,106.2356450363874,107.3512586020363,105.78401182896798,106.43313694067363,976
2024-01-09 18:40:00,106.68146649476463,107.37212430331267,106.08425336787093,106.76075636470084,949
2024-01-09 18:45:00,107.70555462243944,107.90499433624993,107.18586518789844,107.27566754813027,321
2024-01-09 18:50:00,108.38819317868283,109.36235891208594,107.74942084553685,108.41817609823678,156
2024-01-09 18:55:00,109.00685955623234,109.71138167695644,108.657262168392,108.71755038070371,309
2024-01-09 19:00:00,109.4287107915025,109.66314092579321,108.77331102743908,109.62196923120935,234
2024-01-09 19:05:00,110.44095795672013,110.78141764149368,109.76882127270035,110.21121348665301,992
2024-01-09 19:10:00,110.10375593829251,110.53423340493272,109.67921510254193,109.92770495429005,638
2024-01-09 19:15:00,108.62932953606087,108.46966899774583,107.59292169428137,108.29735779461309,723
2024-01-09 19:20:00,108.28957807218977,108.29268418761829,108.1403793026097,108.40025201358844,324
2024-01-09 19:25:00,107.53968007379666,108.59246577658,107.53119473193107,107.99036708108554,850
2024-01-09 19:30:00,108.05135616219071,108.99180639719047,107.92012528366448,108.25741867290334,324
2024-01-09 19:35:00,107.67580203272253,107.88710538739005,106.73976859148927,107.44500540806781,356
2024-01-09 19:40:00,107.71007512212864,108.34469919365445,107.18452544734039,107.98715961057019,465
2024-01-09 19:45:00,105.51216665539299,106.10465513092197,105.09838307104799,105.9932388231602,138
2024-01-09 19:50:00,105.10267787284788,105.61044367510519,104.10637505546994,105.61793429023892,815
2024-01-09 19:55:00,106.30980244451027,106.48596373593492,105.57529764412742,106.46440651847865,418
2024-01-09 20:00:00,106.5149067700558,106.77778186951467,106.56228183231751,106.19305881436593,862
2024-01-09 20:05:00,107.86821130983245,108.33501720809411,106.5037200920217,107.5817306324914,370
2024-01-09 20:10:00,108.78018397879298,109.74504864245962,108.178571595162,109.00953970872337,263
2024-01-09 20:15:00,108.68807887924478,109.1272641505345,108.3686018367525,109.005734997523,361
2024-01-09 20:20:00,108.66460436654808,109.82685151476616,108.5643460701134,108.9172213408069,329
2024-01-09 20:25:00,109.11901539662027,110.24386862439927,108.50499196983134,109.2124053896197,702
2024-01-09 20:30:00,110.04773582133981,110.16640611314428,109.85550265679271,109.45169860690001,654
2024-01-09 20:35:00,109.48774127876712,109.25693245699887,108.91162433333153,109.16921493042526,820
2024-01-09 20:40:00,109.66885962188346,109.80629430649377,109.04306765381995,109.36878347600874,310
2024-01-09 20:45:00,110.21671774936321,110.80629701963154,109.73386655326998,110.1130219993935,327
2024-01-09 20:50:00,108.5027799527039,108.93707794288285,108.42325988306479,108.88914526503758,360
2024-01-09 20:55:00,107.39526925641496,107.06069070598357,106.5798067722919,106.8172905589107,248
2024-01-09 21:00:00,106.74324885143567,107.59855437649057,106.36649772562285,106.41976638268447,544
2024-01-09 21:05:00,106.82601711599938,107.08237772726646,107.01981842057512,107.22030101807984,959
2024-01-09 21:10:00,107.88225941903039,108.43826237087411,107.13456947079237,107.82318966019265,169
2024-01-09 21:15:00,107.2061117760533,107.49415825920894,107.09433170901092,107.2954522980716,809
2024-01-09 21:20:00,108.27734899089111,108.53044492782878,107.19779846063263,108.0897336654857,354
2024-01-09 21:25:00,106.70854179783306,107.38535613033147,106.0302119392332,106.56661363448158,355
2024-01-09 21:30:00,107.84763982514171,108.22808605355522,107.55850184323353,108.03284773687008,484
2024-01-09 21:35:00,109.97393635006793,110.41138235807196,108.82690192098909,109.79983361385686,870
2024-01-09 21:40:00,109.30613324259372,109.67819222412237,108.06585327148453,109.10169914777282,380
2024-01-09 21:45:00,108.48304307656547,108.85387372897092,107.66980397828031,108.55035825817559,850
2024-01-09 21:50:00,108.95762223215506,109.28685978172757,108.22541181585085,108.81365800250371,257
2024-01-09 21:55:00,107.96533217214522,108.77415655403239,107.42959143090951,108.49949335344304,116
2024-01-09 22:00:00,108.15015852550961,108.517898230479,107.86301783759113,108.09968740836264,211
2024-01-09 22:05:00,109.65523525569898,110.22959007657505,108.93463203808227,109.68885039722043,748
2024-01-09 22:10:00,108.85927745007046,109.6773786791701,108.01177417515598,108.99725345003476,266
2024-01-09 22:15:00,109.74603073617837,110.25476232306025,108.60443693224356,109.37672223390622,527
2024-01-09 22:20:00,110.60537092908432,111.25771195549096,110.23776313581536,110.76716352144899,420
2024-01-09 22:25:00,110.80696110746577,111.34381763468211,109.95479234796603,110.9615499245356,154
2024-01-09 22:30:00,110.55767208158265,110.99617716343647,110.31977612635185,110.93266942554057,678
2024-01-09 22:35:00,113.0091679885902,113.48499796596583,112.99797567706054,113.59045785437233,188
2024-01-09 22:40:00,113.02483319052912,113.38420184100974,112.78550418320037,113.0650279344651,107
2024-01-09 22:45:00,110.74205685413861,111.44312028638778,110.71066076817512,110.73516426740228,824
2024-01-09 22:50:00,111.57233612654409,112.43617498336751,111.2963770872561,111.3636445694175,982
2024-01-09 22:55:00,111.5998158188483,111.88348034753072,111.71355498234159,111.86706027300241,323
2024-01-09 23:00:00,113.09751294277707,112.88739859697553,112.1838112925022,112.75861746790842,800
2024-01-09 23:05:00,113.50809808528254,114.07861691568836,112.8877505985945,113.27280099801729,867
2024-01-09 23:10:00,112.91422410414933,113.42683190431335,112.03840995389717,112.90452106103015,697
2024-01-09 23:15:00,112.18533315694384,113.04837918923042,111.686803086585,112.29901815962143,410
2024-01-09 23:20:00,113.88452817440424,113.80143839846443,113.48306272982057,114.06571205895408,260
2024-01-09 23:25:00,112.69631730572625,112.73825846948884,112.53577131162567,112.59838982790883,486
2024-01-09 23:30:00,111.95782823112089,112.95254898080701,111.54006051596765,112.18538540503194,655
2024-01-09 23:35:00,111.81998631359276,112.16847818024686,111.52802106911219,111.64795501348262,835
2024-01-09 23:40:00,112.50048055903521,113.38155453174164,111.98255727291749,112.78998547761636,346
2024-01-09 23:45:00,113.54723644714386,113.5547759832692,113.08555319966928,113.39183161043286,645
2024-01-09 23:50:00,111.11492272328546,111.19613862926194,111.08909717164475,111.16108608227057,962
2024-01-09 23:55:00,108.45754479307627,108.37272469167205,107.5717169876161,108.05539625139195,265
2024-01-10 00:00:00,108.33325490500843,108.71203282659344,107.58707461092192,108.12121139463137,150
2024-01-10 00:05:00,109.24000662075846,109.03480552024335,108.92488170565628,108.87915646860804,469
2024-01-10 00:10:00,112.25754214076674,112.57755427414126,112.32885001693109,112.46979058752733,746
2024-01-10 00:15:00,112.96202028381332,113.21453664697593,112.63756101827083,113.45419627084051,477
2024-01-10 00:20:00,113.02312625383014,113.38153182062428,112.43273045792563,113.17545461626975,315
2024-01-10 00:25:00,111.01319252607028,111.56782354346959,110.9315702353655,111.22669429606967,504
2024-01-10 00:30:00,110.6495071052706,111.24140646901267,110.19732711993801,110.71825123621693,269
2024-01-10 00:35:00,109.73653996810494,109.87256207969621,109.39747847550363,109.81552898523803,263
2024-01-10 00:40:00,108.2790401652409,108.86499079188984,107.91321262870642,108.29374488462918,600
2024-01-10 00:45:00,108.5429365259227,109.40852159138424,107.84787743744391,108.72222118599389,517
2024-01-10 00:50:00,107.73487690896535,108.20121114185504,107.29069558301764,107.86112223652565,992
2024-01-10 00:55:00,108.1945557121039,108.61343168765272,107.43439582820386,108.21758630247466,477
2024-01-10 01:00:00,106.96689311584011,107.62389807113632,106.8194617492268,106.80012701948824,635
2024-01-10 01:05:00,106.78133091888836,106.67178776778974,106.63265159678133,106.67071930203755,939
2024-01-10 01:10:00,105.70150336234873,106.03559528296992,105.51010815432745,105.63153358624365,434
2024-01-10 01:15:00,105.58749762406795,105.51705923569955,104.6405446235613,105.43791896047625,383
2024-01-10 01:20:00,106.58251841967933,107.08287285410141,106.02122062935726,106.90337426503525,245
2024-01-10 01:25:00,106.34802584590139,106.346212224779,105.3833590237763,106.17917309673932,336
2024-01-10 01:30:00,104.9806638669728,106.18540021697798,105.46969554081899,105.42052735901528,402
2024-01-10 01:35:00,106.92294287937719,107.84083543666377,106.98273121911082,107.11299219616723,466
2024-01-10 01:40:00,108.64004895332414,108.6911130331494,107.82528715254921,108.23667554329548,514
2024-01-10 01:45:00,109.04701714469827,109.16624470123726,108.70526575144066,108.95533761476011,722
2024-01-10 01:50:00,110.6952032660034,111.25409572673416,110.17278646474084,110.62150562796947,957
2024-01-10 01:55:00,111.45739337549989,111.68813950215514,110.68169542468219,111.54680626966741,173
2024-01-10 02:00:00,111.72715001423447,111.55085707125609,110.70876432891284,111.57146807967126,735
2024-01-10 02:05:00,112.05918319566928,112.07884917423065,111.1195068081369,112.07214986380603,559
2024-01-10 02:10:00,112.65390871638512,113.16479124791618,112.91513212650042,113.13075274838636,461
2024-01-10 02:15:00,113.65859559823262,113.78177636908383,113.34046110147145,113.13101261095218,905
2024-01-10 02:20:00,113.23854538795031,114.03953433816456,113.09371580644691,112.83661176028998,914
2024-01-10 02:25:00,115.30254451355515,116.13626949842154,114.88682383524494,115.15972254056464,731
2024-01-10 02:30:00,115.50087459066559,116.02309151710404,114.88485099114634,115.25076407021157,891
2024-01-10 02:35:00,114.8236603025777,114.89472416213013,113.95435594468837,114.51314921906653,988
2024-01-10 02:40:00,116.41136449319342,116.90971480298876,115.06126602902758,116.33796713019288,957
2024-01-10 02:45:00,117.10977850348561,117.78031595265537,116.71433844212,116.89866243867937,295
2024-01-10 02:50:00,116.82857650682625,117.30772298080423,116.11676914518748,116.34624707400937,440
2024-01-10 02:55:00,115.29063210825987,116.04624106924093,115.11020155504231,115.67780582384479,811
2024-01-10 03:00:00,116.51585620902769,116.6235697780596,115.53608837283775,116.66966598279913,313
2024-01-10 03:05:00,114.81287946125516,115.63381935873586,114.72067096627268,114.78171179389507,219
2024-01-10 03:10:00,115.31070772813128,115.9724407590634,114.61862084849709,115.3983638644865,539
2024-01-10 03:15:00,114.057118049369,114.68402000427251,113.26227165398947,114.1614741144075,673
2024-01-10 03:20:00,113.52546362348501,113.6415142326769,112.68206606082904,113.62579366830535,392
2024-01-10 03:25:00,114.49996847607673,114.782755254013,114.03353978320868,114.1457858009501,229
2024-01-10 03:30:00,115.15998093971572,115.22883384738442,114.11760482689452,115.23399180866836,269
2024-01-10 03:35:00,116.17022468146125,116.5120749549887,115.75137295674469,116.11306602504223,209
2024-01-10 03:40:00,118.90434983411672,119.65487531414277,118.79542982048544,119.43949567249638,211
2024-01-10 03:45:00,120.21802020312778,120.4019080818309,119.0384032201836,119.97958102178032,397
2024-01-10 03:50:00,119.10978636093941,119.84641543297988,119.3703301603476,119.57996005052546,952
2024-01-10 03:55:00,119.09937964458989,119.98772266868471,118.57350428144458,119.09369781951378,141
2024-01-10 04:00:00,120.19522777878512,120.71854660642228,120.01644268747876,120.51923506662416,121
2024-01-10 04:05:00,120.56412331277205,121.51847678647964,120.18814101793994,120.86064202846197,605
2024-01-10 04:10:00,120.77745661186682,121.05055996768985,120.2955767759588,120.74517035396649,978
2024-01-10 04:15:00,119.08486510573991,119.66771639527916,118.74524835169547,119.10214637338538,389
2024-01-10 04:20:00,119.19417870018337,119.71484297225796,118.51785756491401,118.90321939713957,615
2024-01-10 04:25:00,118.56641540075495,119.45431074093726,117.986701436544,118.89682386433125,285
2024-01-10 04:30:00,120.5947523568313,120.85689575303087,120.47069751855764,120.10059189895509,730
2024-01-10 04:35:00,119.5597009244939,120.2504571941579,119.74863856262893,119.9714160531674,738
2024-01-10 04:40:00,118.70766449237429,119.44614929140619,118.619673783274,119.1945236995775,379
2024-01-10 04:45:00,119.61424664531015,120.19704026952738,119.06412317801501,119.83692374198053,741
2024-01-10 04:50:00,118.33161538838853,119.03065920171956,117.42323055643803,118.4214101420159,349
2024-01-10 04:55:00,118.99444681674285,119.12301203331423,118.2418548294975,119.12354748693274,267
2024-01-10 05:00:00,120.90657232659139,121.16215304696603,120.0495119042021,121.01001076041078,501
2024-01-10 05:05:00,120.99010760740616,121.5655880782079,121.11849508462517,121.09505349057613,939
2024-01-10 05:10:00,122.12239947128094,122.54133171509925,121.66623164863285,121.80842389442007,278
2024-01-10 05:15:00,122.27810278025905,123.21791168896364,121.72895936923159,122.11687139507286,502
2024-01-10 05:20:00,121.93709755084689,122.57189317689573,121.49103484477983,122.13019596414117,454
2024-01-10 05:25:00,122.1803618218441,122.68269115550262,121.41298547716734,121.9924483808724,560
2024-01-10 05:30:00,121.91091471470389,122.03813753776666,121.73612292423664,121.69384730251709,379
2024-01-10 05:35:00,121.9167178970985,122.83327397524718,121.57659050919492,122.18968504970358,182
2024-01-10 05:40:00,121.52625964927516,122.61851101991596,120.82393187395749,121.74428288440558,405
2024-01-10 05:45:00,123.25443146592899,123.70073638284308,123.12780922733565,122.87659589180969,628
2024-01-10 05:50:00,123.68645231376374,124.54541953638382,123.04260873719747,123.84993548198624,864
2024-01-10 05:55:00,123.81727772805911,124.77330011201205,123.14919680250351,123.99847383421195,569
2024-01-10 06:00:00,125.12348489012348,125.63556194884745,124.465724260016,125.4040260401305,921
2024-01-10 06:05:00,124.22507837953401,124.68262169217348,124.07223710521322,124.34745679185893,965
2024-01-10 06:10:00,123.68022654927282,124.52280627041296,123.40608116083375,124.11651617967208,391
2024-01-10 06:15:00,123.23318607185718,123.7764679993732,123.51148251739522,123.80358110572392,552
2024-01-10 06:20:00,121.33542437937301,122.44913918503751,121.0556506458507,121.29459282989505,720
2024-01-10 06:25:00,121.87970081685299,121.92502766619447,121.42406777538345,122.11271259184164,277
2024-01-10 06:30:00,123.43456784211213,124.34845954689769,123.11736491634667,123.54636413250356,246
2024-01-10 06:35:00,125.97420299224737,126.78393075294441,125.78478866456629,125.60911909722088,119
2024-01-10 06:40:00,125.93881504387339,125.9539554363786,124.9153637768367,126.13002911726075,668
2024-01-10 06:45:00,126.23432813915,127.072935265038,126.12249758560131,126.2357845743469,571
2024-01-10 06:50:00,125.92092305486487,125.97500372690328,125.53626210860381,125.77802692670603,213
2024-01-10 06:55:00,124.56450508586879,124.79153566640402,123.53394405327519,124.15467170228662,404
2024-01-10 07:00:00,123.94159543434031,124.27534722594214,123.30658747647833,124.38381457105265,258
2024-01-10 07:05:00,123.89661505444836,124.3868641814044,123.54677071709936,123.5347829515329,428
2024-01-10 07:10:00,124.50785865855659,124.69108356172202,123.37049406090138,124.27389995517834,444
2024-01-10 07:15:00,124.9507141750499,124.9626783033181,124.1611571845365,125.2812997059482,642
2024-01-10 07:20:00,122.95683215694484,123.51671011713532,122.48074675963299,123.10251275922043,876
2024-01-10 07:25:00,123.67086848625502,124.65058433996671,123.20774089246947,123.75245923888157,173
2024-01-10 07:30:00,124.87935627576694,125.7960796910124,123.93683265888971,124.58483474153512,235
2024-01-10 07:35:00,124.23405809564919,125.22439672363477,123.39350757734198,124.4621034714937,169
2024-01-10 07:40:00,123.29175060289896,123.53746871952832,123.1284677921452,123.69956387321403,829
2024-01-10 07:45:00,123.69974288644922,124.46171557975934,123.24798346214688,123.81650796165127,359
2024-01-10 07:50:00,123.8828091798355,124.96641271794857,123.27271047513673,124.18638389471391,952
2024-01-10 07:55:00,124.63579786099604,125.38094917086445,124.09695261825564,124.8246791785859,313
2024-01-10 08:00:00,124.7286368570156,125.28496510476985,124.5041144278657,124.72232621685369,992
2024-01-10 08:05:00,127.04701431709067,127.19715060857425,126.60370171570085,127.06280054213774,986
2024-01-10 08:10:00,127.17778044238048,127.68303727686954,126.99855079924548,127.52057044430019,949
2024-01-10 08:15:00,127.07341338867121,127.87469399683896,126.10200120321528,127.0079593835295,239
2024-01-10 08:20:00,127.57545035940448,128.38996933419946,127.3583019120683,127.36713798337351,464
2024-01-10 08:25:00,127.2073921410172,128.0087656013003,126.43419916830642,127.08409640262853,649
2024-01-10 08:30:00,128.23230268791866,129.29092918465147,127.56712771503484,128.43278409942153,465
2024-01-10 08:35:00,129.62456941866498,130.08181251737258,128.94757310643797,129.3938568396438,807
2024-01-10 08:40:00,130.14448406383465,130.52578493410425,129.9317358818311,130.39796340749305,771
2024-01-10 08:45:00,127.54622780375666,128.13182067762102,127.59956817236895,127.98092981435107,448
2024-01-10 08:50:00,127.31897202067222,128.16947512916101,126.52897032943487,127.7472096473345,454
2024-01-10 08:55:00,127.56382201572154,128.49530696424395,127.34313793577952,127.63060996430981,572
2024-01-10 09:00:00,128.64470992112507,129.49463467025822,127.72811551811063,128.6484603481048,984
2024-01-10 09:05:00,129.86658413346825,130.07981329477076,128.93197310591893,129.44557147438707,462
2024-01-10 09:10:00,128.552984836235,128.64875610544186,127.63105053397004,128.32051692252804,682
2024-01-10 09:15:00,128.0313667262138,128.6183191000418,127.83628302948918,127.96209948342187,209
2024-01-10 09:20:00,127.80645789295669,128.2502210549273,127.41697753778021,127.53920209908875,366
2024-01-10 09:25:00,129.35153292973604,129.23347438621383,128.48562287534756,128.70292176026777,138
2024-01-10 09:30:00,126.89323831746357,127.44587095358422,126.3980405194396,126.64775560393686,438
2024-01-10 09:35:00,127.19511679469441,127.59003043974278,126.61140427340275,127.09438019804483,293
2024-01-10 09:40:00,126.46807043818751,126.81561090987232,126.10260416238998,126.31423810534048,278
2024-01-10 09:45:00,128.13067231261442,128.25294645242303,127.75454134322125,128.09252907051447,348
2024-01-10 09:50:00,129.5118703450165,130.32483586868568,128.46916476221844,129.3877413376299,573
2024-01-10 09:55:00,130.26863442786336,131.03503306531144,130.0595606706217,130.2363173119576,874
2024-01-10 10:00:00,130.9982270961864,131.51621504936685,130.45997663917558,131.09919064037,247
2024-01-10 10:05:00,130.68944902869185,130.64581272787476,130.33094628337486,130.61753382675138,731
2024-01-10 10:10:00,132.44178030119338,133.0202755750987,132.23298350922113,132.86139700726827,490
2024-01-10 10:15:00,131.5774077828956,132.36403721778186,131.313619219439,131.47013854924901,430
2024-01-10 10:20:00,130.70141695052655,131.97801115482113,130.77947562225336,131.06355856638226,622
2024-01-10 10:25:00,131.43108736402556,132.29664706182066,131.16525738380193,131.26883006595304,378
2024-01-10 10:30:00,132.48832566139927,133.51942674243313,132.21521583524498,132.63586195596457,581
2024-01-10 10:35:00,131.9057340440662,132.34522398787132,131.8676009876983,132.16282454365913,129
2024-01-10 10:40:00,132.44894973276428,132.55280525077015,131.64302881454583,132.34422707274416,640
2024-01-10 10:45:00,132.35199850422723,133.07994154799437,131.44023637569194,132.23437813101827,952
2024-01-10 10:50:00,130.16493669098026,130.43585879588295,129.3699859742511,130.44616051837144,600
2024-01-10 10:55:00,131.09700025221971,130.88969953004386,130.1523902073791,130.4677441853614,705
2024-01-10 11:00:00,131.82571807513824,132.4336267343505,130.82906802897844,131.67694248103544,294
2024-01-10 11:05:00,131.61209890581847,132.22356938450736,131.48381069350842,131.92816382986825,628
2024-01-10 11:10:00,131.22686625912095,131.3296054150648,130.77790107172632,131.17577808517058,955
2024-01-10 11:15:00,132.47315787510078,133.9223543587231,132.91026692195527,132.70927831224333,614
2024-01-10 11:20:00,131.79506914095276,132.621300277904,131.02326059637983,132.08519610114476,485
2024-01-10 11:25:00,131.56611329044807,131.97975037706084,130.64126817935136,131.5436177122921,399
2024-01-10 11:30:00,130.35830453883915,131.00525619079772,130.11965778877754,130.2998185431628,853
2024-01-10 11:35:00,130.91182409082907,131.18821099077675,130.0269187000787,131.20518481187887,168
2024-01-10 11:40:00,129.7407675983535,129.97633142731812,129.26335102641812,129.32919144730914,971
2024-01-10 11:45:00,130.51279770420695,130.76459393658752,130.42125343614327,130.58306053374,150
2024-01-10 11:50:00,130.2098271541033,130.9443803647341,130.10684520328547,130.31477528150273,302
2024-01-10 11:55:00,129.4730716954895,130.22786751795215,129.4037929508318,129.9071347657846,234
2024-01-10 12:00:00,129.7234625652796,129.33298693617732,128.46543603813078,129.4418214688106,512
2024-01-10 12:05:00,129.32346901327853,129.36334911943217,129.19376334417737,129.28186335982844,379
2024-01-10 12:10:00,130.21512966561806,130.96466406096246,130.2175738487519,130.12633385600967,223
2024-01-10 12:15:00,131.30930060863943,131.8963641257849,130.5284063700888,131.36675525797645,774
2024-01-10 12:20:00,133.9137229266657,134.16894944023937,133.30011430421735,133.949273327005,188
2024-01-10 12:25:00,133.77703989665275,134.31315165427938,132.88909594427236,133.84884047722224,422
2024-01-10 12:30:00,135.43756886998153,136.03025281052416,135.30794204553635,135.17217444193733,136
2024-01-10 12:35:00,135.14666652286462,135.0074920596807,134.41732978308485,134.8719583786264,318
2024-01-10 12:40:00,134.9719587840934,135.68886723751905,134.39734622194814,134.32739269786612,127
2024-01-10 12:45:00,134.43245963765074,135.30254782321123,134.62614264141797,134.7059049664621,692
2024-01-10 12:50:00,135.0910782173474,135.27370083105995,134.247959073569,135.3424447263055,166
2024-01-10 12:55:00,135.80242985926125,135.91419279093415,134.94071101555176,135.97786937025847,117
2024-01-10 13:00:00,134.6029085688311,135.66375373252308,134.82999472063315,134.986810744456,668
2024-01-10 13:05:00,136.5963842633919,137.41404230658785,136.11835225803202,136.72134969088802,175
2024-01-10 13:10:00,138.40079240508643,138.53082595761825,138.31852347211603,137.9885025440588,628
2024-01-10 13:15:00,139.31393077105187,139.383635725826,138.6479060106366,139.10494025495584,402
2024-01-10 13:20:00,140.79022939511165,141.43179985320165,140.97760366433283,141.0090001238932,966
2024-01-10 13:25:00,139.8645643919741,140.53100653064132,139.3662346259816,139.95492492503428,726
2024-01-10 13:30:00,139.38702664184925,140.44638179455524,138.85866017965603,139.2657682187355,772
2024-01-10 13:35:00,140.76696634628655,141.5658988774703,139.69611517800985,140.6609084477252,670
2024-01-10 13:40:00,141.4942202099155,142.42964361858287,140.45483878632038,141.31946079198778,284
2024-01-10 13:45:00,140.386528886796,140.4164109082336,139.52821595069287,140.3040256280287,681
2024-01-10 13:50:00,139.6394679606949,140.4284913199801,139.26197250459384,139.98576317857177,242
2024-01-10 13:55:00,140.78449727409654,141.47021629868414,139.9281300440249,140.87469500046316,421
2024-01-10 14:00:00,140.44682278461997,140.95666812250005,139.79329947786013,140.43937522505826,103
2024-01-10 14:05:00,138.59100075752406,138.94361002013173,137.63578366487235,138.30858087450045,380
2024-01-10 14:10:00,139.18860426937798,139.63718912470816,138.74948336787318,139.11754859119446,677
2024-01-10 14:15:00,138.24813500628477,139.32492035795306,137.5567268453503,138.5992971839708,984
2024-01-10 14:20:00,139.79385542621725,140.89662107246897,139.99286651692628,140.3047880884302,983
2024-01-10 14:25:00,139.78828998666762,140.41887436234302,139.27945690882927,139.890987010767,499
2024-01-10 14:30:00,138.98800981314236,139.51549012729527,138.6842336232035,138.93839416751044,704
2024-01-10 14:35:00,139.50459561521495,140.31963896970183,139.37149846149757,139.10789781345645,188
2024-01-10 14:40:00,139.63133608424872,139.9617775831385,138.6819287455598,139.6076352088587,379
2024-01-10 14:45:00,139.27281887367926,140.24493297728546,138.53894044637283,139.6566248376182,949
2024-01-10 14:50:00,138.50367762884196,139.21622347080185,138.0097714299977,138.7501581960308,346
2024-01-10 14:55:00,141.10357750150604,142.0331875098499,140.1923517172342,141.0435753287004,872
2024-01-10 15:00:00,141.61274108800828,142.4542105968983,141.022318305076,141.32748563154198,643
2024-01-10 15:05:00,141.5307707863658,142.41247520495008,140.88873545710487,141.5351001136132,141
2024-01-10 15:10:00,142.27824895762777,142.91948981417784,141.5424798102464,142.3546024533409,541
2024-01-10 15:15:00,142.47732066326506,143.6566047933324,142.47963993475773,143.0099726966135,430
2024-01-10 15:20:00,144.19475899522274,144.29878663405984,143.83428325185403,144.08577000212844,520
2024-01-10 15:25:00,144.74706023194318,145.9431343137278,144.21950543406228,145.1276652334273,263
2024-01-10 15:30:00,144.47188715298412,145.7513964855624,143.82494827322643,144.62912285505817,521
2024-01-10 15:35:00,145.91690353879886,146.3220406609897,145.67002510182695,145.95862929554846,896
2024-01-10 15:40:00,146.6827542818739,147.1747725458723,145.8082518554537,146.22780518243508,835
2024-01-10 15:45:00,147.35485166279943,147.78813853675004,146.6781537529363,147.31057053577348,649
2024-01-10 15:50:00,148.08194724357523,148.69149287091102,147.465878982722,148.26184557581524,900
2024-01-10 15:55:00,148.23823117804457,148.70913582646264,147.9165876836904,148.2511780330242,559
2024-01-10 16:00:00,146.93325578829098,147.38558102299882,146.94846367160793,147.00301555827593,725
2024-01-10 16:05:00,147.4387144528181,147.750534676441,147.02372337546535,147.5755081461887,857
2024-01-10 16:10:00,147.05132192829237,148.22164025262228,147.34778541581903,147.20163680808503,773
2024-01-10 16:15:00,147.69814263295422,148.30947327854264,146.82467071848927,147.52177732680752,815
2024-01-10 16:20:00,147.62075500775202,147.5740390749254,147.22508354107026,147.4990412949674,742
2024-01-10 16:25:00,148.3339478323065,148.97141679912397,147.53529877125058,147.7402748447055,961
2024-01-10 16:30:00,149.11465711158164,149.50967468306516,148.6568018167282,149.03292756310694,938
2024-01-10 16:35:00,149.51394354771773,149.9756226442271,148.77342287184115,149.38207128839127,973
2024-01-10 16:40:00,150.27856313081531,151.14734971579594,149.8537624130704,150.12926063150604,632
2024-01-10 16:45:00,151.66895170719593,152.2857710212864,151.1047552984335,151.37895441379862,316
2024-01-10 16:50:00,150.27371576630009,150.47234519896944,149.87456303846002,150.1318253696609,926
2024-01-10 16:55:00,150.57921871567777,150.548658053537,150.27065263923203,150.71326991961521,781
2024-01-10 17:00:00,148.15356841770205,149.16195306685927,147.72079262226916,148.27885666788632,507
2024-01-10 17:05:00,149.96909536363515,150.9747291302858,149.7276032258685,150.29254838997906,677
2024-01-10 17:10:00,149.60519150108368,150.26246946156022,148.7930657497232,149.79813384418014,313
2024-01-10 17:15:00,148.52807299142722,149.07943562681274,148.20555208419051,149.234532676579,986
2024-01-10 17:20:00,148.96222371668352,149.08757792106974,148.45321894801398,149.22193933636643,239
2024-01-10 17:25:00,148.2949187180805,148.87352706305958,148.12678145937858,148.52117799155297,101
2024-01-10 17:30:00,146.99162821688597,147.78284167201141,146.47651572463994,146.9843327685843,412
2024-01-10 17:35:00,147.4615728401585,147.72426331819574,147.39505096761687,147.68379186203663,368
2024-01-10 17:40:00,146.74359314900678,147.81178699090108,146.4204117987694,146.96112519212357,181
2024-01-10 17:45:00,145.9321353632862,146.98963658556366,145.33559261179155,146.62200314495155,402
2024-01-10 17:50:00,146.23602354864173,146.97088863826355,145.69710391939054,146.6952188426829,281
2024-01-10 17:55:00,147.57764360334647,148.20903709146853,146.37288594973023,147.38153858642175,489
2024-01-10 18:00:00,147.63168331968944,148.56333294180686,147.57321670263346,148.4841195745103,129
2024-01-10 18:05:00,147.43388219566646,148.02356226267844,146.6747685356282,147.35870321954323,168
2024-01-10 18:10:00,148.69957740196395,149.5094530916821,148.22685968828316,148.72182271852895,435
2024-01-10 18:15:00,148.73795178107522,148.89475928576422,148.5875257821565,148.87598289358135,298
2024-01-10 18:20:00,146.1944411420067,146.54024064923541,145.96305024092263,146.3182801524265,606
2024-01-10 18:25:00,147.46787176867045,147.92251612736754,146.35755647167133,147.35810772746484,604
2024-01-10 18:30:00,147.80191558140118,148.18321503979786,147.55431700140596,148.11361202965102,988
2024-01-10 18:35:00,147.4547645196774,147.42551229502558,147.18001082425812,147.3771286582004,738
2024-01-10 18:40:00,148.47722300363628,148.719600750844,147.56387015076768,148.4060663890611,241
2024-01-10 18:45:00,147.6907309004522,148.16603301458485,147.1627691753443,148.12952962487753,152
2024-01-10 18:50:00,147.69711149197923,148.4126355352674,146.8386765129485,147.77458385547368,895
2024-01-10 18:55:00,148.1149157473164,149.0615048937597,147.86450987170804,148.44193799810654,946
2024-01-10 19:00:00,147.86314589104586,148.65020480967652,147.27866203343763,148.02849359249413,422
2024-01-10 19:05:00,151.48741958668674,152.06313833007337,150.82324010447397,150.7460449070705,919
2024-01-10 19:10:00,151.83288238538182,152.39048431100045,150.72137171984517,151.7020783682959,967
2024-01-10 19:15:00,151.55861527880603,151.95816716145214,150.68591908430494,151.68349198339394,375
2024-01-10 19:20:00,151.35087623828903,151.5699986934756,150.8649823236856,151.2658309086991,544
2024-01-10 19:25:00,151.42772559451916,151.98186780143894,150.8392757037138,151.18701992466904,957
2024-01-10 19:30:00,151.49580948875942,152.0008494241179,151.42732728135945,150.99087992065043,357
2024-01-10 19:35:00,152.57231423374805,153.3777297670922,151.78158209865592,152.51525209409255,954
2024-01-10 19:40:00,152.6050989993571,153.57984958237915,151.8555909861365,152.83514439020374,702
2024-01-10 19:45:00,153.37808072539033,153.70537429355716,153.41351004549867,153.93814807917704,158
2024-01-10 19:50:00,154.2827835889309,154.97400089931526,153.23202901262925,154.32590018700094,681
2024-01-10 19:55:00,154.18153656295138,155.0678527696464,153.9692632178052,154.11473023327693,869
2024-01-10 20:00:00,153.9838060227825,154.57719157687535,153.13354073255664,153.7707200429429,406
2024-01-10 20:05:00,152.68650620385694,153.63553295129694,152.66897279560484,152.85214958481876,498
2024-01-10 20:10:00,152.71639553055434,153.1099620676124,152.369230834139,153.3067085873955,139
2024-01-10 20:15:00,152.83778180605273,154.09923608532205,153.02616308132627,153.7410296954586,210
2024-01-10 20:20:00,155.87349416436558,156.23699443481308,155.41402175122383,156.05397224320032,498
2024-01-10 20:25:00,156.61456414155725,156.80910892362257,156.03149692350692,156.3575704701463,759
2024-01-10 20:30:00,155.5086342650582,156.07003724793526,155.01318459915865,155.52395176478404,907
2024-01-10 20:35:00,156.12623098617493,156.3855448912284,155.92633538271113,155.8109478096762,588
2024-01-10 20:40:00,156.73120618836202,156.74196716158343,155.67517925199462,156.31348969443755,518
2024-01-10 20:45:00,156.71096786796267,156.8326106800129,156.45712462837787,156.71585133538184,748
2024-01-10 20:50:00,156.04971734774526,156.422001807971,155.51246082886044,156.6305392785807,932
2024-01-10 20:55:00,156.7269682173073,157.59535003013542,156.51759060760799,157.26917576686202,119
2024-01-10 21:00:00,158.27937583921872,158.81374112663178,158.16908472871376,158.8935180323057,382
2024-01-10 21:05:00,158.81601948715775,159.3486310066514,158.52408666595085,158.8651877019817,710
2024-01-10 21:10:00,158.19105626220866,158.1235376374566,157.48983065483316,157.70627908031557,109
2024-01-10 21:15:00,158.74007531640854,159.70055934494175,158.24007257277472,158.77577792741994,906
2024-01-10 21:20:00,157.35711983027153,157.5110623078902,157.31043352752124,156.78457854262734,991
2024-01-10 21:25:00,156.76537134738854,157.4075328207893,157.04350771906488,157.215003909981,359
2024-01-10 21:30:00,158.1538836426008,158.85887616745694,157.13964986082308,157.82909085955987,951
2024-01-10 21:35:00,158.8898285508433,159.12038691057205,158.21606246017947,158.62725509341493,842
2024-01-10 21:40:00,157.66939004596802,158.4112589579658,157.30312019598392,157.91344771882785,286
2024-01-10 21:45:00,158.0482977475643,158.3055121698282,156.8310075378456,157.95043797703468,215
2024-01-10 21:50:00,158.30103609239657,158.99401075883483,158.31542864229155,158.44842176279755,646
2024-01-10 21:55:00,158.19938750529582,158.92206374102307,157.4492192631478,158.60940585033813,778
2024-01-10 22:00:00,157.71923659514914,158.1306593950368,157.76128499368124,158.14635453022117,422
2024-01-10 22:05:00,159.00360331493906,159.28639098651317,158.28202677039118,158.7830777505293,449
2024-01-10 22:10:00,158.73990870648984,158.92227365146695,158.10970383848482,158.13970969927698,854
2024-01-10 22:15:00,158.71708499503117,159.60225689035335,158.1909244118347,158.70579096846433,711
2024-01-10 22:20:00,158.69726720344008,159.476602583492,158.65547032231294,158.74795851221793,747
2024-01-10 22:25:00,159.2353162861176,159.81576754670772,159.215512986513,159.0339865854769,981
2024-01-10 22:30:00,162.18902876672627,162.75768585596154,161.7394968169802,161.99388320375527,916
2024-01-10 22:35:00,162.18063327677177,162.65111061687261,161.33834709086116,161.53748527436207,715
2024-01-10 22:40:00,161.08306073813924,162.22525404600296,160.98066769996578,161.1873014499278,862
2024-01-10 22:45:00,162.5265483541761,163.32096849674792,162.56948457590295,162.65662449142863,908
2024-01-10 22:50:00,163.3009973002971,163.64044329389574,162.82358420895287,163.44306240067004,678
2024-01-10 22:55:00,163.83347522887482,164.17206306241286,162.52394316321053,163.74670522512494,476
2024-01-10 23:00:00,164.66860757403379,165.03089923015474,164.1599263882908,164.28246636423492,396
2024-01-10 23:05:00,164.5377823345055,164.52970668355468,164.10235141680351,164.47100339862703,189
2024-01-10 23:10:00,162.89887245761994,163.34480389371717,162.1964594076051,162.5410700136478,282
2024-01-10 23:15:00,162.3864807177381,162.21954273398137,161.37899814157169,162.04664799496177,877
2024-01-10 23:20:00,164.58262612275638,164.69077017111934,164.34921952656975,164.88979059521574,249
2024-01-10 23:25:00,165.23054696121105,165.52402576513177,164.90503307068565,164.902902072942,511
2024-01-10 23:30:00,165.17899803201271,165.0968704005431,164.9439627277889,165.00183094963924,724
2024-01-10 23:35:00,164.72327544724712,164.6880789589379,163.58381427328246,164.71129411613202,457
2024-01-10 23:40:00,165.12058115916892,165.63823531998787,164.41612702280227,165.48665686862495,780
2024-01-10 23:45:00,165.43602011881023,165.90922084856481,164.7235125560255,165.21543112971935,436
2024-01-10 23:50:00,165.92272925057534,166.31716646155448,165.55964456624523,166.03088500317816,810
2024-01-10 23:55:00,166.8481666891878,167.29330009688775,166.37651927677226,166.64478775842912,664
2024-01-11 00:00:00,167.03026249168477,167.41228548608206,166.68109231452374,167.61801362257523,897
2024-01-11 00:05:00,167.8932186188542,167.65751015631142,167.00361996061463,167.5345015377085,177
2024-01-11 00:10:00,167.46079142604748,167.85933591586272,166.96737284767084,167.32654271844095,779
2024-01-11 00:15:00,166.27527307341373,167.32942165060777,165.78683373787737,165.96975921669454,456
2024-01-11 00:20:00,165.79344221737273,165.89292631193945,165.52927407310295,165.51408750924864,609
2024-01-11 00:25:00,164.6448975289522,164.88296509077128,164.61045022388765,164.65797346046006,536
2024-01-11 00:30:00,165.64499577181127,166.27511786409494,164.9813953512905,165.5589159238737,780
2024-01-11 00:35:00,166.06328685924385,166.3218255763524,165.6354391382304,166.1203301795783,785
2024-01-11 00:40:00,164.82079223590233,165.10012298246042,164.4470867707185,164.84877474103178,630
2024-01-11 00:45:00,164.68780390275768,165.7662388968199,164.6994007318292,164.8413113685513,458
2024-01-11 00:50:00,166.07801715871108,166.30232019373278,165.12665176171586,165.98527306343934,502
2024-01-11 00:55:00,164.15676992675486,164.86376281529104,163.93909271762286,164.32491690913935,280
2024-01-11 01:00:00,165.15623019672896,166.21768797827946,165.03608602974447,165.48655147310427,398
2024-01-11 01:05:00,165.80385673226917,166.9368106439095,165.52728759168363,166.123977337256,627
2024-01-11 01:10:00,166.86013439987042,167.8969659869154,166.08411600164717,166.97759377444655,600
2024-01-11 01:15:00,167.34109671815406,167.81550887386956,166.30256311469586,167.03641602053295,858
2024-01-11 01:20:00,166.4770116295004,166.563733704463,166.4420070804448,166.37809580870868,419
2024-01-11 01:25:00,166.65786434072896,167.2293026830288,166.00304430878336,166.17624307529016,658
2024-01-11 01:30:00,166.24753172415205,167.10965255192363,165.45058560160177,165.96279868264872,577
2024-01-11 01:35:00,166.06055396573788,166.75026864100198,165.4874842547509,165.83632875326026,810
2024-01-11 01:40:00,165.4558641112891,166.0564805097176,164.93086425780817,165.595640941276,807
2024-01-11 01:45:00,165.5827570732761,165.67633233463775,164.98077683179562,165.50584505549028,283
2024-01-11 01:50:00,165.7789684558063,166.57382187756693,165.32955768134536,165.83606726799252,699
2024-01-11 01:55:00,164.83663316480298,164.930952992647,164.4670332337762,164.3076878929245,909
2024-01-11 02:00:00,164.17051591746028,164.25673826319533,163.1002821657052,164.10817662312698,396
2024-01-11 02:05:00,164.9051320453173,165.30288973469516,164.2567082043702,164.6108718880938,483
2024-01-11 02:10:00,165.08771964622147,165.7582264589755,164.16607034323272,165.15985631506035,908
2024-01-11 02:15:00,165.74972308631,166.29789743709887,166.00898214832455,166.41567488215418,405
2024-01-11 02:20:00,166.13688634085813,166.33483963115182,165.53407868387862,166.01852311964626,532
2024-01-11 02:25:00,168.0554875191516,168.32944305319427,167.72201465495107,168.10908983238693,472
2024-01-11 02:30:00,167.03651863228674,168.09633285232556,166.29016812868818,167.1843441188742,493
2024-01-11 02:35:00,166.79965104287075,167.80192149705405,166.1927930839079,166.91632463923966,948
2024-01-11 02:40:00,165.67222592926973,165.84913394512458,165.0639188410359,166.12125483744202,690
2024-01-11 02:45:00,166.4075538182009,166.48728915376492,166.05075070476255,166.20987782494734,337
2024-01-11 02:50:00,167.35941342825774,167.80771079013243,166.73139492484572,167.67192824234326,537
2024-01-11 02:55:00,166.94897512963237,167.52118905604073,166.66830829724347,167.27341236557146,329
2024-01-11 03:00:00,169.37275170644406,169.89882944057993,168.654588749462,169.32479419964048,167
2024-01-11 03:05:00,171.20098840789666,171.07220450520245,170.19542724144338,171.1026495329914,189
2024-01-11 03:10:00,171.83380934438213,172.68830336600908,171.9450202251032,172.49007537727613,636
2024-01-11 03:15:00,173.73128987781243,174.71397339682682,173.71844722818318,173.96005900280093,351
2024-01-11 03:20:00,175.65253992246122,175.6766829172271,174.98200013128195,175.66655240562403,143
2024-01-11 03:25:00,174.26701085148312,174.40366023264218,174.07439376242237,174.16455388960432,356
2024-01-11 03:30:00,174.03616531679106,174.01468843398737,173.93093006348437,173.92782914862232,367
2024-01-11 03:35:00,174.0450898250405,174.56953565061886,173.62505257729595,173.77844196415217,930
2024-01-11 03:40:00,174.33047411946177,174.69586365415307,174.48389835469993,174.7953617901273,497
2024-01-11 03:45:00,174.01570462263587,175.0237720827752,174.41530758175674,174.23490034176197,762
2024-01-11 03:50:00,176.45933428479674,176.77232024314628,176.22006680877791,176.42833739565748,630
2024-01-11 03:55:00,176.03064107534445,176.30688013975387,175.30920380739974,176.49944824688473,342
2024-01-11 04:00:00,176.1777139749712,176.31841714165643,175.4793004528346,176.42455534764255,991
2024-01-11 04:05:00,174.8900740288442,175.44504367560805,173.91136507433447,175.0836468679673,351
2024-01-11 04:10:00,174.9426214639189,174.81511331738017,174.2477131076718,174.81530996884848,222
2024-01-11 04:15:00,176.33153414546408,176.9204140846392,176.30919191901717,176.12007810766772,794
2024-01-11 04:20:00,178.3544991420432,178.3576571594276,177.75307096878083,178.19810459622792,685
2024-01-11 04:25:00,179.78456178714558,180.23211213853796,179.04248219217132,179.6031032046439,523
2024-01-11 04:30:00,180.83534962994668,181.01647727189516,180.7840999300592,181.2743431294297,508
2024-01-11 04:35:00,181.17306175119066,181.74654563053323,180.16563666762383,180.90866265446243,746
2024-01-11 04:40:00,180.55067304918973,181.09409272218306,179.66759539597427,180.53879716667345,632
2024-01-11 04:45:00,180.62270252640704,181.1471817837714,179.64213389528143,180.43825757191115,514
2024-01-11 04:50:00,180.0145998233537,181.20431873203762,179.77233799906617,180.2406656999106,417
2024-01-11 04:55:00,180.1934993403547,180.35760379257954,180.0410722556929,180.0847423735884,792
2024-01-11 05:00:00,180.47131463150996,181.12064410582244,180.21228473822288,180.36508717714764,138
2024-01-11 05:05:00,180.09156896485717,180.60881073868805,180.27909758250783,180.82464455310054,850
2024-01-11 05:10:00,179.86067686535526,180.27827359153017,178.90173999169176,179.7203926049696,723
2024-01-11 05:15:00,181.46738881463,182.33534301939562,181.48335276050312,181.83460141762328,149
2024-01-11 05:20:00,180.44109919366102,181.13919445497228,179.6187985366421,180.6051560980765,438
2024-01-11 05:25:00,181.27560307615417,181.29466184271726,181.16801550583736,181.5346601523708,700
2024-01-11 05:30:00,181.18159652351437,181.78435345809632,180.44250521949917,181.07741547903342,124
2024-01-11 05:35:00,179.129632160628,179.56025729257678,178.92522776940254,179.51838630555508,320
2024-01-11 05:40:00,179.53359401780295,180.18445344193083,179.17111877432978,179.5117211599298,983
2024-01-11 05:45:00,178.81006126025054,179.69801994990425,178.40651956924376,179.13382736590015,463
2024-01-11 05:50:00,179.26602252139702,180.28810479921367,178.58087741597322,179.37196372218426,959
2024-01-11 05:55:00,178.75845534882652,179.26771150790356,178.8375011188385,178.76558621970594,435
2024-01-11 06:00:00,180.39557461343148,180.865494636431,180.21679808240955,180.88743483112128,687
2024-01-11 06:05:00,180.92230269366465,180.9015748191866,180.11586003032778,180.71149883320825,636
2024-01-11 06:10:00,181.58385036614916,181.42358119312848,180.46420350949504,181.5698821086607,563
2024-01-11 06:15:00,180.52146660353594,181.74664299045736,180.73309050509326,181.10423460785543,138
2024-01-11 06:20:00,180.71338638936467,181.5046375443753,180.80886958524616,180.99206660338692,720
2024-01-11 06:25:00,180.64166453029154,181.1217845660021,180.099067598884,180.43560278439958,710
2024-01-11 06:30:00,180.0678258757365,180.1337640456954,179.52325154466672,179.806062161996,461
2024-01-11 06:35:00,180.22935850366176,180.4646732630784,179.99689156120735,180.12323573489644,205
2024-01-11 06:40:00,180.1237656640265,180.80293307843218,179.573001695707,180.25701861342355,420
2024-01-11 06:45:00,180.56856697522107,180.58500868726068,180.04846292410363,180.2860786831063,752
2024-01-11 06:50:00,179.94615127238285,180.17138845100476,179.2485547276036,180.11202549347925,731
2024-01-11 06:55:00,178.6401790757561,179.2558842861285,178.20903939115487,178.5080182074554,932
2024-01-11 07:00:00,179.00101536907704,179.29755085012067,178.69577961876774,179.11019721582272,547
2024-01-11 07:05:00,179.32523761767678,180.10810779841967,178.9258396921441,179.06389794233405,974
2024-01-11 07:10:00,179.63881781065328,179.5808019844255,179.11092938770193,179.3021595727344,196
2024-01-11 07:15:00,179.62466087762922,180.27274643590584,179.6350537394046,179.48040864536281,840
2024-01-11 07:20:00,179.95895597555534,179.65036331053193,179.44598716636236,179.57785319771455,131
2024-01-11 07:25:00,179.92856112016304,180.66882653999204,179.419439714477,179.65345913695722,968
2024-01-11 07:30:00,179.5204141552306,180.10178976825637,179.23843851159327,179.65580133543983,424
2024-01-11 07:35:00,179.10696496993424,179.62323041771674,178.0341317047768,178.46957188953897,500
2024-01-11 07:40:00,178.99614090093567,179.63994263369057,178.13874063931067,179.031162547139,527
2024-01-11 07:45:00,179.82780258306704,179.9736610973603,179.23752964023745,179.78166095046984,249
2024-01-11 07:50:00,179.79887568524998,180.52872952346223,179.3238707396479,179.59372044869914,936
2024-01-11 07:55:00,180.13532865293345,180.53700624179018,179.83140152640863,179.93684122656057,563
2024-01-11 08:00:00,180.75911309887445,181.4359844119223,180.1576812676,180.9019948169668,805
2024-01-11 08:05:00,180.33019332425684,180.76535746875092,179.7435754325693,179.98205645771975,100
2024-01-11 08:10:00,180.19701414968625,180.9604729641092,180.17058381329946,180.23769452332766,756
2024-01-11 08:15:00,178.70269235586377,179.2298268945852,178.83836079831107,179.0628619150494,853
2024-01-11 08:20:00,179.9411034131917,180.68511484132145,179.47022445546438,179.7363408342491,338
2024-01-11 08:25:00,178.42829997966595,179.08376009800207,178.33906308134505,178.04178610497908,357
2024-01-11 08:30:00,177.94737213168656,178.31117448466742,176.82595357115116,177.56760586610014,883
2024-01-11 08:35:00,179.04092270466907,179.6305539766542,178.33683895244374,179.09179458828447,154
2024-01-11 08:40:00,179.08476961877318,179.14145177447568,178.74164133139874,178.98240318994712,444
2024-01-11 08:45:00,179.41799282102664,179.78774285119314,178.77079132583017,179.36171394448775,967
2024-01-11 08:50:00,179.03653598951098,179.41032885268822,178.77017777238788,179.46078741716155,620
2024-01-11 08:55:00,177.8011387458254,178.52499788584717,176.94622063031474,177.64173055658063,538
2024-01-11 09:00:00,176.81439645426,176.87741897004585,175.76329032460868,176.7079060656408,816
2024-01-11 09:05:00,175.79715472449064,175.97829352805695,174.66992367536795,175.21086387416491,233
2024-01-11 09:10:00,174.54532838436472,175.8399199471238,174.7806409724658,174.97724039223368,992
2024-01-11 09:15:00,175.00175163796263,175.2857019696992,174.27091616410726,175.049410407994,715
2024-01-11 09:20:00,175.07545395150174,175.37059877377186,174.60779614903657,175.34397468237992,990
2024-01-11 09:25:00,173.794909780227,174.16120805048496,173.7085043528437,173.84166049529708,516
2024-01-11 09:30:00,175.81043834538053,176.35708565988762,175.1889857235226,175.3450641594717,253
2024-01-11 09:35:00,176.00844815634989,176.83087655547226,176.14054534838723,176.5608426890236,385
2024-01-11 09:40:00,175.728295075309,176.6669359888124,175.4397172676531,176.1441112675057,885
2024-01-11 09:45:00,175.37843870400135,175.62233229199109,174.79463606319644,175.75938414545644,392
2024-01-11 09:50:00,174.5206759602654,174.64583271083987,174.16141867280376,174.7358732289404,660
2024-01-11 09:55:00,174.53271346497,175.237888803413,174.03691650150765,174.6909071133708,678
2024-01-11 10:00:00,175.7993883956584,176.30251624141502,175.14380175822257,175.23191702162998,361
2024-01-11 10:05:00,177.49773619957162,177.9504002370592,177.29937356328753,177.3027112260301,806
2024-01-11 10:10:00,177.23997212509474,177.9891846531465,176.49128644149272,176.48796555512936,650
2024-01-11 10:15:00,176.85705091690352,177.23518737540059,176.05963430706515,176.58697534432125,294
2024-01-11 10:20:00,176.89479970727285,177.15119763204558,176.60740517197456,176.34630691607953,592
2024-01-11 10:25:00,174.64224373490228,174.81824326169985,173.75454184285718,174.76576223090422,959
2024-01-11 10:30:00,174.73815250768314,175.1085903996718,174.50363163210537,174.58531265578452,893
2024-01-11 10:35:00,176.62072034985147,177.57478547998613,176.4008932250114,176.53994370182878,368
2024-01-11 10:40:00,175.95781500202978,176.34222699399962,175.76976177971736,175.7910880586767,461
2024-01-11 10:45:00,175.30913603819243,175.1381784076393,174.02243379338665,175.35142417618778,396
2024-01-11 10:50:00,176.6119853762696,177.21908599141824,175.82120085695578,176.95100697127643,826
2024-01-11 10:55:00,178.55147792065824,179.79754973383126,178.80636321518918,178.70927025981402,204
2024-01-11 11:00:00,179.52797523428129,180.19451604715786,179.04344485549214,179.30046284239793,296
2024-01-11 11:05:00,180.10039877516417,180.18902724524983,179.70556660995095,180.20793247506637,693
2024-01-11 11:10:00,180.3446780394126,180.7494905427365,179.94412636398306,179.74909704205245,851
2024-01-11 11:15:00,181.2383476273602,181.74885532992678,181.00224293539776,181.03082975139782,240
2024-01-11 11:20:00,181.96687987628013,182.90090605912775,181.60747349031652,181.74280076029737,657
2024-01-11 11:25:00,181.57545753898276,182.08131987311717,180.46973465254771,181.03230010174465,748
2024-01-11 11:30:00,181.20357328052364,182.16545945750167,180.64886975509762,181.23812966045165,974
2024-01-11 11:35:00,179.99983200697537,180.64097229416242,179.64292352175767,179.76306539534457,855
2024-01-11 11:40:00,178.42121135626996,179.7552122307742,178.72311981178478,178.93734736605884,775
2024-01-11 11:45:00,176.8096922015461,177.6348370208433,176.0386414899746,176.80248803834763,162
2024-01-11 11:50:00,176.62737903544678,176.81322079636993,176.27024894025377,176.66097247175384,724
2024-01-11 11:55:00,177.80667924441855,177.852065054268,176.88775290080008,177.10203218282135,595
2024-01-11 12:00:00,177.00654949891833,178.15634363912693,176.32199036479525,177.2595970613593,463
2024-01-11 12:05:00,176.7644042445455,177.1571269450302,175.8571905942646,176.6851622829374,305
2024-01-11 12:10:00,174.65938673455483,175.5622862283024,174.56666095861834,174.41915948475153,433
2024-01-11 12:15:00,173.57695627534432,174.27319052871354,173.65050218532323,174.37700131574442,526
2024-01-11 12:20:00,174.8879033270098,175.0968035569514,173.96853209923285,174.67791693613694,108
2024-01-11 12:25:00,175.0636672190468,175.30234441824345,174.64640337239058,174.89052675111185,461
2024-01-11 12:30:00,174.72873176608712,174.85918611780343,174.65629405130036,174.84764427981924,232
2024-01-11 12:35:00,173.95592248542593,174.59610257557503,173.42838683569542,174.33485787154444,913
2024-01-11 12:40:00,172.74708762882844,173.41493845622148,172.56839566622986,172.91895454052522,169
2024-01-11 12:45:00,172.8483393710311,173.44930862686152,172.43366427971412,173.03541633939744,240
2024-01-11 12:50:00,171.13137688613077,171.69292983698992,170.63189159605147,170.65306571869883,533
2024-01-11 12:55:00,172.09183607716858,172.4177943679565,171.9724463303724,171.91240396276683,271
2024-01-11 13:00:00,172.56280471229027,172.9161066942075,171.56518775941046,172.2499813416784,652
2024-01-11 13:05:00,172.51709981465902,172.7931325484076,171.76727767055198,172.08486121917215,606
2024-01-11 13:10:00,173.00776478124828,173.17741557775503,171.9277815238943,172.61908614918528,922
2024-01-11 13:15:00,174.9356427930873,175.33305652401188,174.31550895081912,174.68897503523868,789
2024-01-11 13:20:00,174.56883000015245,174.65553141744022,173.4142664551494,174.23372902512196,551
2024-01-11 13:25:00,172.8365148094917,173.55713900622783,172.17431812563916,172.50085264970045,762
2024-01-11 13:30:00,172.70774768470272,173.46106573592618,171.79211898864168,172.80661071443896,909
2024-01-11 13:35:00,173.25570291532745,173.5018093619412,173.1465058498238,173.15038380182273,747
2024-01-11 13:40:00,173.39044366961122,173.55279888318933,173.04772524013305,173.44033105749295,379
2024-01-11 13:45:00,174.2478672728517,174.81301011544053,174.15268144569293,174.35476724871418,588
2024-01-11 13:50:00,173.63580785924057,174.53499337219648,172.94401003868822,173.65415386148237,698
2024-01-11 13:55:00,173.6914876220405,173.75306909438686,172.84990684584656,173.50717445614563,315
2024-01-11 14:00:00,172.88106213337548,173.1125646260459,172.2510710996124,173.3111972094208,333
2024-01-11 14:05:00,172.691939546504,173.73560644398646,171.92364966138453,172.5230589974049,980
2024-01-11 14:10:00,174.22009494681424,174.89359141111345,173.54939968009415,174.0034585817575,396
2024-01-11 14:15:00,173.00634346938614,173.32561730275086,172.23930383214548,173.33544809663962,663
2024-01-11 14:20:00,172.14877173575977,172.60858980140486,172.0266715202972,171.99483503202066,609
2024-01-11 14:25:00,171.2478364801937,172.13850996491283,170.53909522354758,171.60034078880838,442
2024-01-11 14:30:00,172.11011397394444,173.07059107875304,171.31359144166908,172.17145651394046,621
2024-01-11 14:35:00,171.42896892495833,171.77975128899394,170.7327362269772,171.25823430832472,249
2024-01-11 14:40:00,173.3978397101198,174.06004592849953,173.07244390695976,173.618642413429,321
2024-01-11 14:45:00,173.27564134759,173.9026046794053,172.5420008785623,173.08447274350019,763
2024-01-11 14:50:00,173.95794601760971,174.5415363444534,173.67430047286106,173.49975064907693,234
2024-01-11 14:55:00,173.0382362144943,173.79485471218297,173.17237395351728,173.66399377135775,636
2024-01-11 15:00:00,172.63369018157925,172.84974742888636,172.4512039344291,172.686718676365,226
2024-01-11 15:05:00,172.03991338100644,172.614362589326,171.34502143106158,172.36310729267754,303
2024-01-11 15:10:00,172.69406808860654,172.5064612520256,171.79305844326984,172.31546533751808,515
2024-01-11 15:15:00,173.1972491866678,173.3656594835426,172.3663661517748,173.10854408804644,384
2024-01-11 15:20:00,172.84677581379856,173.77916695992283,171.9153733141596,172.79267216251657,250
2024-01-11 15:25:00,172.53672236129728,173.10243043910856,172.4257653297644,172.41687479897746,554
2024-01-11 15:30:00,175.10800621718795,175.55186480406374,174.27465293596282,174.3432424081408,820
2024-01-11 15:35:00,172.87816625957694,173.25959540539057,172.4032548726698,173.2793677946831,542
2024-01-11 15:40:00,171.73213835854565,172.0631523807827,171.12143671133106,172.0988914164978,372
2024-01-11 15:45:00,172.6461163764902,172.78254966223733,172.61045105456532,172.9125582763272,473
2024-01-11 15:50:00,172.45646715994545,172.89599360375863,171.71746390087054,172.52473489137222,446
2024-01-11 15:55:00,174.07119586522893,174.2099113923451,174.04379562853745,174.4215914513493,320
2024-01-11 16:00:00,173.4711849711035,173.4980840801885,172.72391564837957,173.31344311492572,161
2024-01-11 16:05:00,174.36630547960593,175.2493344362918,174.38468187016133,174.5933241901548,840
2024-01-11 16:10:00,174.90367900927538,175.41220881158438,174.14190980135473,174.9017838491142,735
2024-01-11 16:15:00,175.95126978195455,176.36596516871293,175.7391515553625,176.21701144781514,443
2024-01-11 16:20:00,177.25400349407352,177.48437522385075,176.3103291998483,177.16744237795857,591
2024-01-11 16:25:00,178.23187934842835,178.3740436906972,177.19907741971866,178.08594326976754,398
2024-01-11 16:30:00,177.79567207687185,177.56273112009183,176.79531068733527,177.35108004960733,636
2024-01-11 16:35:00,178.0175351664728,178.62149246306387,177.82012718518908,178.16098782579692,203
2024-01-11 16:40:00,178.60311616281078,179.6649184537465,178.5311210502368,179.01206876968402,748
2024-01-11 16:45:00,179.26184831172685,179.62403416500808,179.02021799231514,179.29866518300608,587
2024-01-11 16:50:00,179.89956171717085,180.4779170501475,179.40044118842425,179.8214373862883,338
2024-01-11 16:55:00,180.17120872991822,180.34776145923047,179.58641934959357,179.91818368500228,305
2024-01-11 17:00:00,179.56312818889222,180.3389812292807,179.04169660354398,179.6374748126793,457
2024-01-11 17:05:00,179.42494676964373,179.9408601643362,178.76957003810747,179.510435572447,345
2024-01-11 17:10:00,178.60807564366885,179.59510799440096,178.3892202429024,178.88439210667406,705
2024-01-11 17:15:00,177.93297439830386,177.97381404524498,177.2463493989292,177.64758481537487,270
2024-01-11 17:20:00,178.30942629366714,178.62429287825307,178.55545755030894,178.28791239397026,269
2024-01-11 17:25:00,178.39907353219385,179.40394921053036,178.28933693080717,178.43672481630034,343
2024-01-11 17:30:00,177.87720717529902,178.63432478908504,177.6769064764986,177.96942892341835,207
2024-01-11 17:35:00,177.2380009909287,177.98957562390015,176.98706856427165,176.86744319293686,963
2024-01-11 17:40:00,178.5974962363242,179.14362190624834,178.2065761660544,178.33541961436208,244
2024-01-11 17:45:00,178.49824459390035,178.89110756871133,177.38239165966993,178.2467346480503,246
2024-01-11 17:50:00,176.16000513696383,176.77142792831788,176.23947267976308,176.46524066714184,510
2024-01-11 17:55:00,176.36167450958857,176.250876484088,175.4357187151516,175.98694718338905,325
2024-01-11 18:00:00,179.76957602680565,180.18127010968908,179.02132148070112,179.2741185915193,301
2024-01-11 18:05:00,178.83022184483673,179.40818972588076,178.5762386865033,179.09941061183915,138
2024-01-11 18:10:00,176.86607477538476,177.24990439770804,176.00158642937353,176.67742543246263,103
2024-01-11 18:15:00,176.62622642154145,177.09705051796396,176.43802218676794,176.9924651567135,399
2024-01-11 18:20:00,176.50891475298374,176.84194023436038,175.34022826686495,176.47700976390385,815
2024-01-11 18:25:00,176.5265072210783,177.28762208544043,175.71387476182724,176.3181373386863,420
2024-01-11 18:30:00,176.42538390479652,177.0981389439882,175.77596260055066,176.47021547445846,175
2024-01-11 18:35:00,173.83718233890102,174.20619379104087,173.8618559860883,173.98908367251843,870
2024-01-11 18:40:00,174.63673417749555,174.84149608554708,174.1887415104128,175.07685726284572,222
2024-01-11 18:45:00,175.87012573197734,175.59706799019042,174.69584358701334,175.3153656236005,182
2024-01-11 18:50:00,173.1844173908322,173.68184812145498,172.5215886652942,173.3203310883521,371
2024-01-11 18:55:00,174.23986615684052,174.65550857183638,173.45224447638842,174.14301612349564,679
2024-01-11 19:00:00,175.76045121536805,176.30675667045722,174.66802715492054,175.41393997432888,693
2024-01-11 19:05:00,174.407671710017,174.59793660577557,173.94404077249078,174.15893787196666,578
2024-01-11 19:10:00,174.65648151833898,175.62925202155276,174.72362998161555,175.01772855218567,906
2024-01-11 19:15:00,175.53816568978496,176.5372144079648,175.0432061593408,175.64386085940214,889
2024-01-11 19:20:00,176.16559507765749,176.72916584084362,175.17858971223208,176.07519475576893,244
2024-01-11 19:25:00,175.2618409772623,176.12564403290608,174.61261393312785,175.81198097830242,852
2024-01-11 19:30:00,175.47797050048493,175.97095050262746,174.71819162423915,175.19057766487984,199
2024-01-11 19:35:00,175.1663008353884,176.30052398863478,174.88091728987212,175.05370351384366,416
2024-01-11 19:40:00,175.1712330661984,175.2516802070756,174.96636094826673,175.24564666815292,531
2024-01-11 19:45:00,173.515578866481,173.85213698964807,173.05165825833308,173.49746673839363,291
2024-01-11 19:50:00,175.78100877509618,176.50156095088093,175.00838704894525,175.90915530973697,356
2024-01-11 19:55:00,175.39817838194534,176.19557467682324,175.1683983987373,175.88257316624723,972
2024-01-11 20:00:00,176.3412630236259,176.90365207285052,175.6065424043855,176.22229304922962,936
2024-01-11 20:05:00,177.48495654801485,177.9463763380907,176.5101872502265,176.9809976484657,999
2024-01-11 20:10:00,178.24905618458328,178.91565093375957,177.8604371493921,178.52710353394278,349
2024-01-11 20:15:00,178.4339415697164,178.63483910408013,178.45457992774354,178.53351123924583,734
2024-01-11 20:20:00,179.10806243898145,180.00402325589013,178.33993522659887,179.52047329026902,457
2024-01-11 20:25:00,179.89577225193648,180.67635488574223,179.48197381315876,179.81393573291683,609
2024-01-11 20:30:00,179.13201079337665,179.83744619646944,178.96191949619765,179.61508573090114,576
2024-01-11 20:35:00,179.38307968808252,179.68797482114334,179.0021368409563,179.48724992730277,662
2024-01-11 20:40:00,179.8576512898782,179.96275651556397,178.92882763774918,179.98411600913425,233
2024-01-11 20:45:00,180.15412007835536,180.91381515938406,179.85391617061813,180.3747868306056,557
2024-01-11 20:50:00,181.06927390792836,181.59383483037692,180.66276542645875,181.13925171768076,716
2024-01-11 20:55:00,181.55788377779126,182.3053811787476,181.3211531868026,181.54940656942367,577
2024-01-11 21:00:00,181.5840151017452,182.25333822014153,180.95547218079386,181.7248517858343,202
2024-01-11 21:05:00,181.97723564865888,182.42786515013694,180.9957340365321,181.50341291240738,105
2024-01-11 21:10:00,181.61641693770054,181.86735520307133,180.40766065675277,181.83681944804925,145
2024-01-11 21:15:00,180.85286385130675,181.06343455299813,180.1368074929637,180.84343233400983,799
2024-01-11 21:20:00,182.11135115040506,183.02255903009842,182.08034446833912,181.8903294123318,443
2024-01-11 21:25:00,182.3775923137467,183.42292185051105,181.826147377576,182.599101714671,685
2024-01-11 21:30:00,180.61346065032245,181.11004544426777,180.70627886470737,181.06503189360052,316
2024-01-11 21:35:00,180.307258928526,181.07660383172652,180.1067114399457,180.3222427550929,177
2024-01-11 21:40:00,180.30793039592393,180.57513707549634,179.720626345712,180.78560375931878,406
2024-01-11 21:45:00,180.71985747360873,181.24669001204836,179.8614913476074,180.84417546913423,601
2024-01-11 21:50:00,182.1035143014682,182.76002164211314,181.3133286806701,182.0977459594722,874
2024-01-11 21:55:00,179.82514376362136,179.99413929586242,179.49809126277142,179.5503744689335,232
2024-01-11 22:00:00,180.98814742737463,181.45558094324744,180.26384076252484,180.8627598789819,111
2024-01-11 22:05:00,179.81065389298078,181.11198771884492,180.05180535962015,180.79971673498522,825
2024-01-11 22:10:00,177.74836142636343,178.52193553328775,177.8236467616611,178.0566998312843,645
2024-01-11 22:15:00,177.30154568800327,178.20365905230506,176.97129195106612,177.20051209439347,374
2024-01-11 22:20:00,179.27284030235256,180.08265173743536,178.7659670278704,179.03164031512145,865
2024-01-11 22:25:00,180.19517337403443,180.50671635129484,180.22767258799013,180.31588173614642,660
2024-01-11 22:30:00,179.54762277192148,179.95217199225686,178.54514381384487,179.40138972999236,643
2024-01-11 22:35:00,178.66630568444955,179.14186686732083,178.52867981204093,178.75909329921512,517
2024-01-11 22:40:00,177.82151287844823,178.11403287418761,177.23493306980333,177.25810916179353,552
2024-01-11 22:45:00,176.7800553995468,177.02302684672884,176.53313816729377,176.72497036327502,275
2024-01-11 22:50:00,175.44773607167866,175.67502571845074,175.19310878091892,175.4836389193831,839
2024-01-11 22:55:00,175.78007627892845,175.71699459079537,175.20540533634653,175.7463607111524,398
2024-01-11 23:00:00,175.3521721310313,176.1571904950404,174.99162086743092,175.2344325211039,997
2024-01-11 23:05:00,176.75017607307745,177.18479502489475,176.14468552610012,176.73054504937477,543
2024-01-11 23:10:00,179.64339712178835,180.51182364164205,178.58308256164497,179.62578212514555,304
2024-01-11 23:15:00,179.2136312602968,179.52335076212327,178.54367480292686,178.99050626011905,688
2024-01-11 23:20:00,178.51248620789235,179.17434319505688,178.33540336088825,178.64252271101765,618
2024-01-11 23:25:00,178.65084196894142,179.33040572602445,178.35766657034878,178.86236154809325,647
2024-01-11 23:30:00,178.60658850941633,178.5536972847145,177.55929171046256,178.6528578074483,203
2024-01-11 23:35:00,179.46184599497516,180.03526690977748,179.19234658243093,179.49471452250302,683
2024-01-11 23:40:00,180.2145100121019,180.83902210188242,179.17845626664266,180.47449809103856,707
2024-01-11 23:45:00,179.4653381165679,179.9312719432818,178.88567890622542,179.31282130364073,901
2024-01-11 23:50:00,178.36514985906152,178.63517305975762,177.62071580051173,178.28386939197674,431
2024-01-11 23:55:00,177.3643399413813,177.9250032205611,176.59009205793475,177.3764445197466,524
2024-01-12 00:00:00,179.06544869976216,179.30132403200702,178.09750362216212,178.84047345670095,421
2024-01-12 00:05:00,180.7090672278662,180.89578380605826,179.80991259959765,180.68858300591467,455
2024-01-12 00:10:00,180.1251527259726,180.29644628074607,179.70776483618147,180.0661226012184,668
2024-01-12 00:15:00,180.48742926516536,180.49104539243734,179.4065639471256,180.32342642121785,279
2024-01-12 00:20:00,180.77168564213028,181.77635998462543,180.25901944985074,180.9669791940586,143
2024-01-12 00:25:00,181.60900895746676,181.46178488368008,181.01104962904876,181.55182975448187,435
2024-01-12 00:30:00,178.8177337689839,179.14762980385822,177.91606264734014,178.96083738458998,360
2024-01-12 00:35:00,178.65255584933715,178.79682527982789,178.36387355165408,178.9671912573913,956
2024-01-12 00:40:00,179.57790389086244,179.56517885642694,178.46884071489583,179.21229755189125,459
2024-01-12 00:45:00,178.23118369986486,178.73245939922856,178.0010990073841,178.368127909985,311
2024-01-12 00:50:00,177.6861574390592,177.95426402131648,177.36482706307046,177.90338813630146,874
2024-01-12 00:55:00,178.67510451491688,179.66396480097262,178.0505726107159,178.82954660757153,570
2024-01-12 01:00:00,177.71448702648993,178.58600897364562,177.73263439497035,177.94607902483634,699
2024-01-12 01:05:00,178.61511172232048,178.50931992259015,178.14180911701607,178.60440466280923,634
2024-01-12 01:10:00,177.61916266325696,177.9222476241367,177.31865165231847,177.5859843101949,836
2024-01-12 01:15:00,178.2390128344786,178.81491154378617,177.98571252481437,178.42999314456628,651
2024-01-12 01:20:00,179.01997974287252,179.45553233219522,178.29058203310584,178.6709004527826,127
2024-01-12 01:25:00,180.55807248896457,180.78863141008748,180.39256994903513,180.66733275529558,166
2024-01-12 01:30:00,177.72803640056196,178.37012831662088,177.2842692752709,177.80675890300478,515
2024-01-12 01:35:00,177.94156106710483,178.33173334913877,177.84974622643972,177.88197324227173,292
2024-01-12 01:40:00,178.34476667061435,178.48539486515665,177.10972101550746,178.30065377473696,837
2024-01-12 01:45:00,177.25038776335623,177.26700303655852,176.82881829513985,177.66984934061355,256
2024-01-12 01:50:00,178.122382670218,179.09385557784566,177.5465927359455,178.07460576548905,371
2024-01-12 01:55:00,178.59600456371692,178.61868689731898,178.07498589474372,178.68144091652735,350
2024-01-12 02:00:00,177.14671295642867,178.14682289109206,177.0008760100389,177.3015558727902,289
2024-01-12 02:05:00,177.752780754473,178.82784729319673,177.70649591454838,177.71259295750994,534
2024-01-12 02:10:00,177.1300573224208,177.01123566854844,176.67454867774148,176.6944071367192,880
2024-01-12 02:15:00,177.6670730633681,177.58815008762386,177.203543471063,177.795131043331,728
2024-01-12 02:20:00,178.27182777445745,179.3970434987519,177.7070796672414,178.7027949457114,528
2024-01-12 02:25:00,177.435925794934,178.0192019011801,177.23152136128303,177.34266956906853,964
2024-01-12 02:30:00,179.001447010613,180.10035569221202,178.7778412535927,179.28611217191127,200
2024-01-12 02:35:00,179.64039833510202,180.56443894551072,178.76910973875863,179.30006570143632,702
2024-01-12 02:40:00,179.70965909410856,180.42966057262987,179.0019983164363,179.38315975985557,920
2024-01-12 02:45:00,179.191113229829,179.62307243062148,177.80397677823785,178.88422613074442,264
2024-01-12 02:50:00,180.15408806237198,180.1406208639568,179.6470129860126,179.8470124538642,492
2024-01-12 02:55:00,179.77540850947207,180.54822271480145,179.47988468909116,179.74536581929112,803
2024-01-12 03:00:00,179.48684959537192,180.46848048014613,179.0585008255788,179.65974252083066,866
2024-01-12 03:05:00,180.70839858380643,181.1066601405533,179.95811565022942,180.26771976035732,859
2024-01-12 03:10:00,181.66788117792035,181.63099814650207,181.4697443911784,181.48642984870057,417
2024-01-12 03:15:00,182.39856162783065,183.36564940579598,181.78991636432792,182.28725835180774,972
2024-01-12 03:20:00,180.72334602803141,180.90733915443764,180.20454169115806,180.88150251044448,176
2024-01-12 03:25:00,179.65603661117663,180.3696773157825,178.87899792987696,179.98524722004476,690
2024-01-12 03:30:00,179.97721188746482,180.0847264184972,179.09233302082473,179.86277042938778,946
2024-01-12 03:35:00,179.89341290932552,180.58076664711282,179.40633321139188,179.56619872416854,621
2024-01-12 03:40:00,180.94951507092162,181.0193857840299,180.05535721668485,180.6867158400753,979
2024-01-12 03:45:00,181.99459188598854,182.14188605115814,181.09898665962623,181.7751969881394,378
2024-01-12 03:50:00,181.34414280648048,181.60100123318372,180.62508707872345,181.1265909534566,882
2024-01-12 03:55:00,181.20560242443355,181.58807027394337,181.17282959327147,181.33948257795745,595
2024-01-12 04:00:00,180.8174452504711,181.58858097424243,180.63402423574664,180.85774863828266,837
2024-01-12 04:05:00,180.727666333338,181.66180363430638,180.6023716963845,180.77191519957228,735
2024-01-12 04:10:00,181.57027619136798,182.19643715111806,181.09345262065898,181.43024125889667,798
2024-01-12 04:15:00,181.23752250753856,181.40704317247247,180.3540332936267,181.07392370946758,463
2024-01-12 04:20:00,181.63027424592954,181.77069158036574,181.12537669590463,181.79823042552948,659
2024-01-12 04:25:00,180.59192063744027,180.97631593144993,180.12907359378377,180.8556085100022,896
2024-01-12 04:30:00,181.0894102340208,181.91554400013788,181.19095580848338,180.9649236322227,267
2024-01-12 04:35:00,181.14644104669372,181.81367500254868,180.63384907415636,181.1299898508852,502
2024-01-12 04:40:00,182.36529596077304,182.9940741757592,181.66730200620268,182.23423601934584,836
2024-01-12 04:45:00,182.3730798325677,182.24122703480555,181.57242281390066,182.50506350149521,886
2024-01-12 04:50:00,183.26331097341205,183.55308570150663,182.1939037274412,183.15965246972118,929
2024-01-12 04:55:00,181.08156125816848,181.5663521315174,181.4865813143117,181.61678470749348,850
2024-01-12 05:00:00,181.45787417249466,182.69476783777924,180.71985743639127,181.5614833121506,323
2024-01-12 05:05:00,182.2922540344882,182.63946386418036,181.2824389664452,181.72596106695804,209
2024-01-12 05:10:00,180.30732017534015,180.64314791113512,179.38435744658017,180.23832994616848,647
2024-01-12 05:15:00,179.91789715728333,180.2678743612173,179.23927572201964,180.04322544142195,819
2024-01-12 05:20:00,180.11448136232514,180.8838349002905,180.11924484168364,180.13219133201574,362
2024-01-12 05:25:00,180.1208465939024,180.7777468198931,179.122445594455,179.7915184405365,633
2024-01-12 05:30:00,178.68812244617513,179.3402387474335,178.31342582966116,178.7113692602279,902
2024-01-12 05:35:00,179.05499904584113,179.6153578743487,178.6614652603484,179.1726773523105,957
2024-01-12 05:40:00,178.55887516560546,178.90457633386475,178.59492507013852,178.39023325375607,769
2024-01-12 05:45:00,176.59707737739268,176.81129747181276,175.37509602953065,176.42208309904396,171
2024-01-12 05:50:00,175.7788946551193,176.0638501016305,175.30012949759453,175.53181187312444,835
2024-01-12 05:55:00,176.35633560294204,176.85385824329757,175.80219202923018,176.1180126594494,650
2024-01-12 06:00:00,177.55333654524512,177.6612643830535,176.22293473022143,177.09399332498376,529
2024-01-12 06:05:00,176.8752728722657,177.42721926363586,176.78001651638672,176.95806564973094,214
2024-01-12 06:10:00,176.03480264606281,176.61192489461834,175.93355974957447,176.32855167691238,775
2024-01-12 06:15:00,177.28989574913683,177.34570126083082,176.9555793581637,177.44863615621023,952
2024-01-12 06:20:00,176.60761121169332,177.42287844866237,176.4530030906697,176.4035189040655,426
2024-01-12 06:25:00,177.26728715244877,177.65736550864943,177.0768279597801,177.4693553979888,907
2024-01-12 06:30:00,176.2581936545057,177.09357985084813,175.8689927522401,176.40256797437706,462
2024-01-12 06:35:00,175.81443099913866,176.28292823955204,175.8418487625867,176.13524582130913,880
2024-01-12 06:40:00,177.10210028095568,177.06463991638907,176.4354918824709,176.89187520436144,794
2024-01-12 06:45:00,178.52116613791515,178.82051023893536,177.47941583164194,178.10605738467856,855
2024-01-12 06:50:00,179.19324254668692,179.55903777657974,178.8505661465073,179.0066622555055,282
2024-01-12 06:55:00,178.7556667023819,179.57744199953913,178.74508193030164,178.79328910616576,722
2024-01-12 07:00:00,180.4807680329271,180.9336077693755,180.13522192110506,180.8389751667324,184
2024-01-12 07:05:00,179.72927727663748,180.02829185203473,179.41779038386392,179.50995724930115,247
2024-01-12 07:10:00,179.10712472399757,179.728618701872,179.013437197662,179.3195341631261,781
2024-01-12 07:15:00,179.63015425776524,180.4613110714305,178.9166979340779,179.5974828487641,899
2024-01-12 07:20:00,180.94859366928853,181.17316879102322,180.63883725431938,180.74434958976596,305
2024-01-12 07:25:00,181.41151284023007,181.98264875366763,180.61979770014327,180.81774802553753,653
2024-01-12 07:30:00,182.40683505472074,183.11872720432314,182.06214920115633,182.1159179548694,230
2024-01-12 07:35:00,181.72433034607488,182.43067044917314,181.496358032836,182.14216952889754,475
2024-01-12 07:40:00,179.94406796668463,180.9822540501641,179.37614409599422,179.82754774611777,215
2024-01-12 07:45:00,181.62091860474587,181.69264576467327,181.2375962750559,181.2922104950969,137
2024-01-12 07:50:00,181.38463837993663,181.83762411546266,181.1492833922098,181.28398280538943,425
2024-01-12 07:55:00,182.2179832321439,182.39715324417597,181.70564153292048,182.32632580035892,308
2024-01-12 08:00:00,183.26225822889367,184.14590095444618,183.02634761923215,182.86885187210953,441
2024-01-12 08:05:00,182.49897791884342,182.678692474319,182.12565853951068,183.17519202101587,573
2024-01-12 08:10:00,183.19973113556577,183.97151466378824,182.34348725890877,183.29936529049422,102
2024-01-12 08:15:00,184.57663909031368,184.9619157414651,184.72188690166692,184.1350730176692,527
2024-01-12 08:20:00,184.75362636742588,185.6844644722573,184.32475434220538,184.95030857795936,997
2024-01-12 08:25:00,184.74941291900657,184.90400896434937,183.64950940608045,184.52668275702214,458
2024-01-12 08:30:00,183.93797276475684,184.09575653774718,183.16777769601427,184.04690763535618,762
2024-01-12 08:35:00,183.40848245414006,184.26787121927327,183.2219194892326,183.22956720986232,943
2024-01-12 08:40:00,183.36126297558727,183.29630054808146,183.06194071629386,183.43831604254936,955
2024-01-12 08:45:00,184.77014746774086,185.5061234138608,184.07810198655955,184.98409441894282,442
2024-01-12 08:50:00,185.73933057150927,186.780857698182,185.8213453588246,185.91113526974715,506
2024-01-12 08:55:00,186.47020723028552,187.63209640335964,186.64632596785637,186.5355080721531,831
2024-01-12 09:00:00,188.00644312464533,188.71233528985738,187.80031054646162,188.10651325471176,659
2024-01-12 09:05:00,188.32354491344023,188.94703419220087,187.55496874361307,188.3954060906608,142
2024-01-12 09:10:00,187.79008225752506,188.67060782847832,186.77541012011636,187.9742296950022,932
2024-01-12 09:15:00,187.0253345516684,188.10380832955775,186.7152609844942,187.12253183356756,531
2024-01-12 09:20:00,188.16290175676724,188.9223609598281,187.8472696604518,188.17349966542642,907
2024-01-12 09:25:00,186.3439999375312,186.41700655654037,185.4769785877734,186.68668783560827,193
2024-01-12 09:30:00,186.00773162694563,186.0442511823733,185.58341388055277,185.81156255210888,543
2024-01-12 09:35:00,186.82271479950572,187.15409349405874,185.74964757123354,187.06727678893466,795
2024-01-12 09:40:00,185.92510002976664,186.07113330097212,184.74828249009224,185.67110308757952,850
2024-01-12 09:45:00,184.7695129852343,184.9004659210633,183.97299222082214,184.32479153200836,177
2024-01-12 09:50:00,184.40590819397957,185.43793593357805,183.63376202681695,184.58811167586592,571
2024-01-12 09:55:00,184.05715440383426,185.078381566159,184.31634081559997,184.4120869882683,399
2024-01-12 10:00:00,184.68930163247254,184.77314072948306,183.43604546920758,184.27067171469918,202
2024-01-12 10:05:00,183.98063870679255,184.04635833087553,182.68270398135488,183.8177511393253,310
2024-01-12 10:10:00,182.3096151958252,182.77492086956016,181.7145838201073,182.57076240685174,719
2024-01-12 10:15:00,184.20449925235107,184.8352938210166,183.4352686982899,183.50088262979116,164
2024-01-12 10:20:00,183.20638284893616,184.02562355102285,183.0770295425857,183.22578967029207,521
2024-01-12 10:25:00,185.96179398408148,186.60982741003534,185.0308498938829,185.92145085242925,849
2024-01-12 10:30:00,184.7317007398954,185.65833053257836,185.06592186337656,185.39258618811309,537
2024-01-12 10:35:00,185.24087453168616,185.8509416129039,184.9334687429441,185.61399268905686,435
2024-01-12 10:40:00,185.7391480146745,186.06919333294243,184.76490559440415,185.47089838924228,340
2024-01-12 10:45:00,184.73831947050675,185.0990108482799,184.13135427986643,184.9691841456135,799
2024-01-12 10:50:00,185.84876314399745,185.7043292153174,184.95063514650823,185.50346439504898,360
2024-01-12 10:55:00,183.6838903162678,184.0466057367642,183.9606052784523,184.16578713189134,895
2024-01-12 11:00:00,183.79292548727477,183.71395085588136,183.46058223406106,183.8159922326118,868
2024-01-12 11:05:00,182.67844678851176,183.1494719279654,181.66220487455362,182.4991888884017,385
2024-01-12 11:10:00,184.57943950971855,185.45832195483837,183.9227188818421,184.50921228774504,303
2024-01-12 11:15:00,184.12297218273466,184.49425691909587,183.62925768673733,184.12173883174458,872
2024-01-12 11:20:00,184.4139513644668,184.53733099761553,183.8274347517966,184.1808678438864,963
2024-01-12 11:25:00,182.73088469962175,182.66885243170861,182.50328829286025,182.8264453373176,966
2024-01-12 11:30:00,183.45214359243755,184.144453075752,182.5313318634486,183.39249639993096,464
2024-01-12 11:35:00,184.45538920193496,185.06641530851928,183.7402251968143,184.20189305699054,890
2024-01-12 11:40:00,184.51541555061493,184.8073949122281,184.49839523186444,184.84847865365978,519
2024-01-12 11:45:00,184.2933287792795,184.78880416585386,184.13328534755283,184.77786420076316,517
2024-01-12 11:50:00,183.60540234522537,183.81683987352247,183.03002766000597,183.85295547032084,755
2024-01-12 11:55:00,182.93666202316032,183.873444415368,182.8027577637619,183.78272681389697,912
2024-01-12 12:00:00,184.09216011192325,185.21874080575225,184.0189179787252,184.66852268180074,386
2024-01-12 12:05:00,185.48494226441716,186.2747441585668,185.47801905364102,185.53549738509483,446
2024-01-12 12:10:00,185.64075849026838,185.99697958973874,185.70319145465376,185.99214352821875,307
2024-01-12 12:15:00,187.11618405867083,187.77908554652763,186.7239640593077,187.18774509495196,440
2024-01-12 12:20:00,185.6194843259126,186.21987299775427,185.08808246351276,185.84249541163837,721
2024-01-12 12:25:00,185.3308652795525,185.72291573429973,184.888183387196,185.491799896849,302
2024-01-12 12:30:00,184.24220717645315,185.198068284217,183.90968084400112,184.57061952410757,675
2024-01-12 12:35:00,184.282383055427,184.4498619437681,183.52811890814763,184.19486560288522,448
2024-01-12 12:40:00,183.2996698858645,183.83187600845997,183.09722398017072,183.42069990582254,925
2024-01-12 12:45:00,185.69352072552604,185.59473331223091,185.28253750639706,185.14520837599972,267
2024-01-12 12:50:00,185.94952563986016,185.9920905947916,185.15118587609987,185.92678838210438,113
2024-01-12 12:55:00,186.68228588819915,187.10823424048306,186.13368686344046,186.53198661962523,847
2024-01-12 13:00:00,186.97157789503976,187.8597846702972,186.62460487463247,187.13373940441986,714
2024-01-12 13:05:00,187.55882801930426,188.25694906079423,187.4667659808046,187.2923036042828,145
2024-01-12 13:10:00,188.28262949127839,188.79794119654136,187.73947584868276,188.41206731824732,328
2024-01-12 13:15:00,188.69897112196057,189.35106506531824,188.82184049392131,189.16156441451832,895
2024-01-12 13:20:00,187.46932825065056,187.89307937793347,186.63872690444822,187.33371919643332,178
2024-01-12 13:25:00,188.25861017948594,188.3051880330836,187.65185738908303,188.01724368503025,941
2024-01-12 13:30:00,188.24914112094427,188.4820539409418,187.28132390002568,188.4251383206355,134
2024-01-12 13:35:00,187.65163116454062,188.04127649641507,187.1211984852828,188.0752263205284,803
2024-01-12 13:40:00,188.0623430502844,188.71407534363976,187.70189213390645,188.06391767578396,576
2024-01-12 13:45:00,188.88604200538055,190.1525751105054,188.5618221989882,189.16122844480054,166
2024-01-12 13:50:00,188.71472512984525,189.12230967460454,188.08374064530423,188.60157206674413,353
2024-01-12 13:55:00,188.78626407804146,189.6508093095243,188.20975248377377,188.89205562621626,509
2024-01-12 14:00:00,188.8656682967949,190.1472925954699,188.80667525652794,189.1755972696632,407
2024-01-12 14:05:00,189.8045663967652,190.0602451952653,189.4211506373197,189.91898723547027,760
2024-01-12 14:10:00,190.75987120108587,191.40751309510637,189.76703413688298,190.60029933046343,513
2024-01-12 14:15:00,189.3813149649349,189.77275725751954,189.07711657654124,189.50501823964635,963
2024-01-12 14:20:00,189.55544882884658,189.78828799649187,188.83694531626148,188.91307700656617,560
2024-01-12 14:25:00,191.20656426112535,191.98929737661462,190.7078977931804,191.28719221036906,821
2024-01-12 14:30:00,191.26413928538875,191.62011576134194,191.18058332188525,191.27869180405793,680
2024-01-12 14:35:00,191.05926743847536,191.80119478574414,191.11117368749092,192.07260455104068,652
2024-01-12 14:40:00,193.02594866903937,193.37736223945095,192.29931537981204,192.9612799251007,916
2024-01-12 14:45:00,192.08367276776647,192.5839125068616,191.75199269723177,191.76171083835663,655
2024-01-12 14:50:00,191.68631261881694,192.54702364450293,191.31067224906357,191.8726751055789,872
2024-01-12 14:55:00,192.99012590786887,193.04988578526954,192.36023999284978,192.47706037544225,433
2024-01-12 15:00:00,191.5023630200592,191.57167256198568,191.18498319023038,191.226132809011,951
2024-01-12 15:05:00,192.0632330352561,192.61696593059182,191.62210720432694,191.89453829926381,407
2024-01-12 15:10:00,193.11687206658672,193.53294140931493,193.19645712983538,193.56660107906868,972
2024-01-12 15:15:00,192.61252445345488,192.71879573060443,192.40164438793215,192.61311702921546,748
2024-01-12 15:20:00,195.70388422083113,195.93031837350665,195.1499718972711,195.1183155495697,500
2024-01-12 15:25:00,196.39094971816775,196.86262564995835,196.41115380919814,196.7648433498299,108
2024-01-12 15:30:00,194.83621195917772,195.7403702654848,194.16482682571552,194.7228406908003,833
2024-01-12 15:35:00,196.04357798412482,196.17644814870678,195.60055645382687,195.84712892007397,327
2024-01-12 15:40:00,195.21419078083338,195.3029865318435,194.9178646764226,195.20502211882317,330
2024-01-12 15:45:00,196.42336520496357,196.8302980502112,195.56000556373556,196.00319534434615,125
2024-01-12 15:50:00,196.6120384501055,197.01034691519848,196.78295074155702,197.0527742559245,836
2024-01-12 15:55:00,196.81245244883002,197.55200344518948,195.87110720661707,196.60186450605255,993
2024-01-12 16:00:00,196.11015465497212,196.52823686855572,195.4682364667778,196.1880563454917,252
2024-01-12 16:05:00,196.5771232315725,196.60061929531827,196.37137624267055,196.4542508838985,494
2024-01-12 16:10:00,196.58874824358605,196.9049166196586,196.5104543045077,196.45432829006816,715
2024-01-12 16:15:00,196.30553236836298,196.8003222751928,196.23350780131372,196.41621697621815,540
2024-01-12 16:20:00,198.67938352158725,198.72284659906413,197.41120490271376,198.2143533328303,167
2024-01-12 16:25:00,199.64971616611794,199.7201670698009,198.92943240433715,199.35180189544715,300
2024-01-12 16:30:00,199.53912893538694,199.7135695983174,198.75366616076175,199.17613872691734,403
2024-01-12 16:35:00,199.11373741675288,199.5087244032601,198.81779436576753,198.80921263492633,192
2024-01-12 16:40:00,198.87434639335567,199.19554213422475,197.8319288878594,198.4978010908009,713
2024-01-12 16:45:00,198.0214058582119,198.26908578819337,197.88088445291277,197.88125268968867,761
2024-01-12 16:50:00,195.88157359503398,196.67511630357583,195.93608445986828,196.5818590116777,224
2024-01-12 16:55:00,196.49804277943147,197.2152335056831,196.51215985244744,196.7321351250035,769
2024-01-12 17:00:00,195.73725562743823,196.690822958184,194.8393647049208,196.00281405917104,832
2024-01-12 17:05:00,194.81578671586792,195.6091233656394,194.41346193738224,194.77873205665227,936
2024-01-12 17:10:00,194.6670725745828,195.21653662638613,193.76524813569281,194.6491358150517,354
2024-01-12 17:15:00,195.44305012669253,194.9796318949917,194.4422942815957,195.1834065668089,234
2024-01-12 17:20:00,195.55367691680723,196.67921943933786,195.59439391123877,196.3660179128493,518
2024-01-12 17:25:00,197.2948217340421,198.049156222064,196.73603955536055,197.2090857000563,350
2024-01-12 17:30:00,199.10336302822407,199.1692363230505,198.54373575749258,198.80589206575308,960
2024-01-12 17:35:00,200.16195327128818,200.71092338828578,199.85034791392152,199.9969828130117,283
2024-01-12 17:40:00,200.96238573342447,201.792920823553,200.6307168204864,201.00697842274326,478
2024-01-12 17:45:00,201.4866909746785,201.78064445029298,200.87884357237837,201.57706085339328,346
2024-01-12 17:50:00,201.9425929213746,201.6954650781841,201.24111590943522,201.45854609951704,693
2024-01-12 17:55:00,200.64635007941092,200.8060287603213,200.09277153950381,200.52327106635082,398
2024-01-12 18:00:00,200.70782404013352,201.2001818663708,200.26057813978127,201.02329178076818,358
2024-01-12 18:05:00,200.15561667155785,200.53794855409356,200.01295696795253,200.40084276975716,588
2024-01-12 18:10:00,201.18065336339396,201.85332993236915,201.11950314777582,201.693248948373,166
2024-01-12 18:15:00,200.49322090876566,201.12105430899385,199.92008594114256,200.3265567346252,425
2024-01-12 18:20:00,198.98142459013638,199.23240107565104,198.42990824969638,198.93863912545652,425
2024-01-12 18:25:00,199.00663087221602,199.2543438443485,198.7374054885374,199.19316289886632,620
2024-01-12 18:30:00,198.872439894053,199.38513765222365,197.97676616110365,198.70649687519278,391
2024-01-12 18:35:00,199.59992110634738,199.9466252769874,199.36235704707096,199.611383906126,929
2024-01-12 18:40:00,199.96365019127364,200.50774300718058,200.05864820602963,200.3802169771058,934
2024-01-12 18:45:00,198.20327127534105,198.79414802448574,197.41772362420994,197.9058529365236,714
2024-01-12 18:50:00,197.4869410447574,198.19620106842441,196.9958920209589,197.48703475634602,602
2024-01-12 18:55:00,197.88732237398048,198.63018758602632,197.713217726515,197.85248839619993,650
2024-01-12 19:00:00,198.68995053259943,199.42278036307695,198.42139363079949,198.47107810470015,322
2024-01-12 19:05:00,198.8317649304155,199.64030119215494,198.96844367088133,199.2602543837996,854
2024-01-12 19:10:00,198.15510717777988,198.52583357889404,197.40422384366923,197.7629064263162,941
2024-01-12 19:15:00,199.13855748852154,199.24986496707936,198.97403750598576,199.03734115360726,717
2024-01-12 19:20:00,198.7031769304083,198.83318210064016,198.1676597524828,198.43679567792822,227
2024-01-12 19:25:00,197.655023925184,198.049582817867,197.31172482374367,197.55056288076534,499
2024-01-12 19:30:00,197.10983123127244,197.7166156954372,196.65399575193203,197.32537124677322,748
2024-01-12 19:35:00,198.57934169607773,199.72149164925233,198.31731655560026,198.83633698410569,690
2024-01-12 19:40:00,197.73318161176832,198.591161504806,196.78464470870884,197.80270814981586,415
2024-01-12 19:45:00,197.67176280234818,198.045848871945,197.100491760839,197.6368923131386,313
2024-01-12 19:50:00,196.66074635999328,197.29388144427642,196.56565309017736,196.54116113812586,977
2024-01-12 19:55:00,194.44213179979232,195.3329167331067,193.74132988711025,194.71201753721124,853
2024-01-12 20:00:00,196.8748378169382,197.11050785704592,195.69891102072344,196.18333529078842,792
2024-01-12 20:05:00,196.3655002627718,196.990039817327,195.7768379650758,196.3857237077832,145
2024-01-12 20:10:00,196.28525689481816,195.8647928747922,194.94730236228932,195.79015716194306,515
2024-01-12 20:15:00,194.54183167124415,194.40361127023087,194.11471036682613,194.1963475354548,973
2024-01-12 20:20:00,196.7023626020073,197.3508809277293,195.9950594912726,196.65242851066859,727
2024-01-12 20:25:00,197.70897610475006,197.99426700748594,197.92416168717762,198.2002210960952,809
2024-01-12 20:30:00,197.6130444629721,197.77833538445933,197.57290858295696,197.35405505089537,959
2024-01-12 20:35:00,197.7648701235531,198.26260743391433,197.22618288763732,197.44203493831145,133
2024-01-12 20:40:00,195.75511665546856,196.00979933170515,195.12328533034824,195.97212299643434,483
2024-01-12 20:45:00,195.0446851843088,195.69210618574266,194.96057026587422,195.27637509576456,136
2024-01-12 20:50:00,197.030831644966,197.29001897590447,196.34439336201848,196.99556987419112,647
2024-01-12 20:55:00,197.34526852050226,197.85996686635286,196.5285193315427,197.32782819579006,358
2024-01-12 21:00:00,197.60195129054486,197.64838292435255,197.22382532279846,197.41077580151313,590
2024-01-12 21:05:00,197.80468316872117,197.91079882521743,197.76908924922094,198.03047764695097,214
2024-01-12 21:10:00,197.43778967231046,198.58352632089796,196.89049318091395,198.02325216233533,719
2024-01-12 21:15:00,198.64792319415824,198.34268760571797,198.06938743261455,198.0785092131146,176
2024-01-12 21:20:00,199.6611703319601,200.0835442820314,198.58891926880966,199.83504003206573,547
2024-01-12 21:25:00,198.89022019931355,200.18022552277037,198.28854531170745,199.1674132742094,102
2024-01-12 21:30:00,200.9681170224835,201.1960187920359,200.186183860464,200.73819178664064,837
2024-01-12 21:35:00,200.66256486130828,200.82764785598886,199.91459280751224,200.62283194591456,329
2024-01-12 21:40:00,199.77912149394243,200.32519041687286,199.57660955855943,200.02343495062985,648
2024-01-12 21:45:00,200.42800459746545,201.22349690244687,200.1172892617263,200.21322767206698,576
2024-01-12 21:50:00,199.30154767347966,199.3735578639063,198.26932469766157,198.9653750403335,526
2024-01-12 21:55:00,195.95086275355743,196.82166008133638,195.70579431972513,196.27408046461218,493
2024-01-12 22:00:00,195.13288508026963,196.21056986703098,195.13951594309958,195.58014059840747,424
2024-01-12 22:05:00,193.33959670828148,193.65989315855552,192.74586734426484,193.24417620813946,953
2024-01-12 22:10:00,193.94298726841134,193.90582053676331,192.93874119370673,193.6729860276618,649
2024-01-12 22:15:00,194.14518317987387,195.04932227158108,193.1924099892133,194.0851158945872,161
2024-01-12 22:20:00,194.4697188871296,195.2354130280146,194.59164468029655,194.5956966086297,458
2024-01-12 22:25:00,195.6990608295185,195.7996220763288,194.7801830190907,195.722468776017,556
2024-01-12 22:30:00,195.7462516600338,195.89584089490336,194.79900871381253,195.70033914237686,142
2024-01-12 22:35:00,196.6958177499477,197.03173721424525,196.3217376840726,196.50796243451526,941
2024-01-12 22:40:00,199.63241476168528,200.08147127422762,199.24875598085924,199.9360998332687,811
2024-01-12 22:45:00,201.62449930388763,202.55155421732871,200.95811270881876,202.04518855274176,256
2024-01-12 22:50:00,202.3536390341429,202.4555792597658,201.66206081174042,202.15796626320756,542
2024-01-12 22:55:00,201.98299982817622,203.04379711341713,201.78085483578153,201.99329441264646,766
2024-01-12 23:00:00,202.93248517305884,203.6624035147675,202.07151757896082,202.84142032783524,592
2024-01-12 23:05:00,202.3790391093429,202.4681139431281,201.7623527492176,202.15325199915833,421
2024-01-12 23:10:00,202.80297416513727,203.51571873224862,202.53182279376685,202.83345084481917,152
2024-01-12 23:15:00,200.99939652808126,201.3084219128588,200.47698670713865,200.73089751942794,352
2024-01-12 23:20:00,202.077168415862,201.9901035193694,201.15898321407022,201.90515548996265,509
2024-01-12 23:25:00,201.12517720989268,201.54897118797896,200.88526998989823,201.03413325316885,709
2024-01-12 23:30:00,200.96525428842503,201.37792679912255,200.73164642262202,201.4177224274549,378
2024-01-12 23:35:00,201.356972504574,202.0219040385986,201.14019900936515,201.22413270242117,995
2024-01-12 23:40:00,201.41764415474847,202.1745381145907,201.17201896798326,201.12032833575026,775
2024-01-12 23:45:00,199.54653796427294,199.87408062505853,198.57284199053106,199.5113802870798,293
2024-01-12 23:50:00,201.43754528518392,201.85378226397125,200.47571454924164,201.61732857366806,637
2024-01-12 23:55:00,202.80856219970786,202.7704219750635,202.53091748625835,202.5957715879648,996
2024-01-13 00:00:00,201.59604114402472,201.8954477569354,201.1768075405183,201.71707010634296,817
2024-01-13 00:05:00,202.1967458086133,202.7104723600434,202.11831991315992,201.98536170397944,961
2024-01-13 00:10:00,202.24385350367587,202.33772690662272,201.77003102740102,202.1198529143127,220
2024-01-13 00:15:00,200.7114259322976,201.0232624496294,199.9985748784913,200.26677940264548,754
2024-01-13 00:20:00,199.7771577216599,200.34143529650808,198.8360156548941,199.90023895298728,924
2024-01-13 00:25:00,199.88025947199898,200.39977937180106,199.40384343664263,200.24402727504113,489
2024-01-13 00:30:00,199.28956409551623,199.67047925646423,198.94412252621748,199.2033138189522,163
2024-01-13 00:35:00,199.6493873435931,199.93164821721277,198.99667288533786,199.5155957335377,277
2024-01-13 00:40:00,199.38501528299577,200.07242739236915,198.5327108095119,199.3553878719909,200
2024-01-13 00:45:00,200.79450088225536,201.27192179116727,200.8556947152141,201.03917561224716,936
2024-01-13 00:50:00,200.27865713118456,201.54514471775644,199.79563312820787,200.42552139829115,905
2024-01-13 00:55:00,199.55019553217696,200.0960303430012,198.59089556034715,199.55821477451983,122
2024-01-13 01:00:00,199.30696311405447,199.7994025541228,199.14978809291904,199.37331268864298,973
2024-01-13 01:05:00,196.8920942370179,198.04048992945565,196.36464370091986,196.7052969554261,125
2024-01-13 01:10:00,196.60033056762123,197.69420505600812,196.68398747800683,196.88328871242194,799
2024-01-13 01:15:00,195.9057779938249,196.4228506384599,195.72145067236704,195.7713069252339,399
2024-01-13 01:20:00,193.9366947882508,194.29826085204928,193.64961977562027,193.7626985442317,374
2024-01-13 01:25:00,193.6718946165676,194.14899235855805,193.62718658143467,193.72026442882512,184
2024-01-13 01:30:00,192.61221585298034,193.40343087076565,192.00673812275136,192.43201400952174,316
2024-01-13 01:35:00,191.60567547868789,192.2565558586683,190.8824568717366,191.93937696709258,569
2024-01-13 01:40:00,192.08881703848667,192.4383540644742,191.44992024618807,192.30005316593844,170
2024-01-13 01:45:00,192.4567103436522,193.1008828219865,191.70149636669387,192.81798474260307,165
2024-01-13 01:50:00,191.18497142281566,191.57603680919215,191.0090155175291,191.34945441969828,550
2024-01-13 01:55:00,189.66775658510775,190.06895220872377,189.25218708409724,190.07116423803873,128
2024-01-13 02:00:00,188.39947304967907,188.72799677984563,187.87273572197074,188.69464501754192,897
2024-01-13 02:05:00,187.77956744553725,188.51154104974344,187.30812860377642,187.94950061181117,447
2024-01-13 02:10:00,188.06325448889376,189.08898457766125,187.5575625907706,188.3535639265896,632
2024-01-13 02:15:00,188.37860645043506,189.12109525277262,187.58468166798883,188.3652962410859,857
2024-01-13 02:20:00,187.71294457916662,188.48685569352986,187.36661738285,187.75231113771667,449
2024-01-13 02:25:00,189.05743711307247,189.48697785703595,189.1605966470832,189.76479105660226,352
2024-01-13 02:30:00,189.49542764471855,190.5764457625371,188.96920975386072,189.54954282353737,538
2024-01-13 02:35:00,191.06121260220067,191.24473925908484,190.42989340973466,191.03780698375792,829
2024-01-13 02:40:00,190.4079823419378,190.2212344494065,189.35031318951755,190.50603334802787,250
2024-01-13 02:45:00,191.67574783480808,192.27195313049208,191.61534343382246,191.4509379478717,879
2024-01-13 02:50:00,191.46010053752798,191.71849767304,191.26531189192576,192.03450003730114,649
2024-01-13 02:55:00,190.28994457859176,190.31865218790978,189.9122449574496,189.9888076342562,561
2024-01-13 03:00:00,190.04803340173316,190.53337692015313,189.23919828848204,189.49992636290898,130
2024-01-13 03:05:00,190.39541814574903,190.6246728757035,190.08565994227888,190.54298389578906,163
2024-01-13 03:10:00,190.05974201179419,190.7588895176523,189.5566644203375,189.83182182319504,682
2024-01-13 03:15:00,189.87742018573678,190.65555158936348,190.1361745719858,190.22907819531468,633
2024-01-13 03:20:00,190.46067816372172,190.11177256658863,189.26243533734473,190.20963600752043,509
2024-01-13 03:25:00,189.2383846719338,189.66613942281836,188.65681037823975,189.49059778042172,780
2024-01-13 03:30:00,189.80184893499626,190.85785067718484,189.7973130617126,189.82853381069728,305
2024-01-13 03:35:00,189.54773914313475,190.2269663715497,188.95789917093447,189.50415296903466,536
2024-01-13 03:40:00,190.3618800533736,190.99015315640347,190.17303445129144,190.75503772281485,298
2024-01-13 03:45:00,190.5546039924787,190.97878766981117,190.1216009122722,189.96444721813418,118
2024-01-13 03:50:00,190.49620337706833,191.13105907870892,190.44690182893325,190.67946328312325,994
2024-01-13 03:55:00,189.49658809386776,190.2615663899975,188.88498520315483,189.75821326252057,606
2024-01-13 04:00:00,189.5152481489353,190.62399968463507,189.50779873364718,189.9317713821772,388
2024-01-13 04:05:00,188.7899232143249,189.77716532745987,188.82377454383538,189.20060217330393,178
2024-01-13 04:10:00,189.2404354835589,190.10370636125612,188.21932160498628,188.95797485460287,965
2024-01-13 04:15:00,190.97312943821748,190.87123371691627,190.8071196519425,190.62652882295237,465
2024-01-13 04:20:00,191.7348207242545,192.14634472472957,191.2296360481732,191.9482365163523,983
2024-01-13 04:25:00,192.6253040473769,193.11377095818008,192.0323284942772,192.6900515511301,316
2024-01-13 04:30:00,191.9418769283367,192.11105951044883,191.45816316345855,191.70667172319787,218
2024-01-13 04:35:00,192.8783849421604,193.09650448224482,192.57288906632758,193.22337091623587,102
2024-01-13 04:40:00,190.738536814349,191.37199674406503,190.47126945803788,191.16044921371451,217
2024-01-13 04:45:00,191.3257523391754,191.416459778821,190.7850621811521,190.63404309019816,865
2024-01-13 04:50:00,191.35439624379447,191.80431366132726,190.56684890986568,191.3082277142731,344
2024-01-13 04:55:00,191.6595704573459,191.95320019547864,191.16122841431084,192.1376428917387,522
2024-01-13 05:00:00,190.74155039656614,191.65148635402127,189.97232841092458,190.38019225759894,294
2024-01-13 05:05:00,192.03489512081657,192.5100961488214,191.78526105740917,192.45566988815062,316
2024-01-13 05:10:00,192.80795593702888,193.30243155358693,192.66628281306023,192.71986546276221,526
2024-01-13 05:15:00,192.939093992079,193.53296617245667,192.6024089429622,192.68609099780193,335
2024-01-13 05:20:00,191.11741585555842,191.77173227830542,190.39413001661578,191.39027935785765,306
2024-01-13 05:25:00,191.04910755698415,191.55203034721066,190.99253044174236,190.9690094053068,716
2024-01-13 05:30:00,189.51159865649467,189.94820215664802,189.1767080467921,189.4395799692728,577
2024-01-13 05:35:00,190.7441824677616,191.52435894877743,190.13395137332432,190.73658147743356,602
2024-01-13 05:40:00,189.6205744873975,190.08520047950492,188.9189637470575,189.79109466768094,466
2024-01-13 05:45:00,190.22786777821736,191.0911345344101,189.60128904234287,190.43360243360755,922
2024-01-13 05:50:00,188.95290562172144,189.7127869829569,188.2271100319336,189.3766119792,200
2024-01-13 05:55:00,190.60309718079316,190.49138761896072,189.9176263984716,190.44345887458286,976
2024-01-13 06:00:00,190.53342530336937,190.72748205816475,189.65429775055713,190.50007874143165,872
2024-01-13 06:05:00,190.5465172491196,191.1444296165667,190.4026278503491,191.04962978515013,835
2024-01-13 06:10:00,191.62928453115026,192.28109262642653,191.14407471644316,191.82920148109665,680
2024-01-13 06:15:00,190.42420817002923,190.6423907300199,190.24437075521317,190.52775172311297,866
2024-01-13 06:20:00,189.25565928809488,190.01115002864054,189.2157299677784,189.58596073589308,232
2024-01-13 06:25:00,190.02806834956968,191.04192593096792,189.21086458343748,190.31389495377903,858
2024-01-13 06:30:00,191.14825921186517,191.20428579399902,190.46238386056083,190.75035622035733,817
2024-01-13 06:35:00,190.00829799245045,190.3811766104258,189.2191276404782,189.36796200974163,322
2024-01-13 06:40:00,189.81767328424314,190.2167721430059,189.5274870095989,189.96572028575315,247
2024-01-13 06:45:00,187.36111338569478,188.29077271930456,186.54325193420829,187.46175951621342,543
2024-01-13 06:50:00,185.80368113415628,186.4198620630193,185.6376304944332,185.98102808129818,786
2024-01-13 06:55:00,185.91382603213123,187.1511998939687,185.88446344572026,186.36462161082085,365
2024-01-13 07:00:00,185.6720018879065,186.49131126077583,185.03129335046978,185.6004952953355,530
2024-01-13 07:05:00,186.44418896379943,187.25651061469668,185.91825135239966,185.94174370508725,696
2024-01-13 07:10:00,186.2589889027562,187.55755471605144,186.2908469046027,186.66237146643851,511
2024-01-13 07:15:00,186.0159364574104,185.84677903815134,185.65995362683807,185.78504503774403,992
2024-01-13 07:20:00,185.14434305290513,185.4847623047535,184.61491299058454,185.16813865591564,986
2024-01-13 07:25:00,187.31134822001303,187.67720976565352,186.8735210003851,187.09902409833532,748
2024-01-13 07:30:00,187.20740085578348,187.53837240828912,186.0874367871523,186.853513545285,788
2024-01-13 07:35:00,186.43709480017597,187.36414301659119,186.36854316787034,186.57296136557022,920
2024-01-13 07:40:00,187.23763506319494,187.38548786748407,186.2188538829018,186.39580747394413,326
2024-01-13 07:45:00,186.97627226882304,187.72742327474188,186.95430909047354,187.1824085530654,817
2024-01-13 07:50:00,186.66091694205053,187.29321101582897,185.6013724647088,186.47810402075788,665
2024-01-13 07:55:00,185.15831493256064,186.32400122345734,185.2703075530297,185.4940305960514,999
2024-01-13 08:00:00,187.6179552667313,187.80085375707318,187.23662401524186,187.47012356704556,474
2024-01-13 08:05:00,187.21196268536616,187.92131603779694,186.78435700219202,187.3806094603888,302
2024-01-13 08:10:00,187.03368870427332,187.3231648397816,186.76145975733832,187.1467902670509,167
2024-01-13 08:15:00,188.002533617264,189.2005030000096,188.2380318360176,188.03340207630913,788
2024-01-13 08:20:00,189.92263673390508,190.3691072790673,189.26829740255747,189.8049843958586,325
2024-01-13 08:25:00,188.97404119776704,189.55321929493428,188.89113274729445,189.0044878642596,702
2024-01-13 08:30:00,189.9854075232596,191.00039728000368,189.2449965575126,190.19520991964825,461
2024-01-13 08:35:00,189.48914653080138,189.62595396120068,189.36078932608623,189.49519865746828,683
2024-01-13 08:40:00,189.8545656189744,191.1357411299809,189.70546358430462,189.94759406107332,895
2024-01-13 08:45:00,189.46992905969273,189.68174857295205,188.67198333839568,189.5527645859415,687
2024-01-13 08:50:00,189.91209227662205,190.14229336970982,189.22778013823435,190.2009492494282,246
2024-01-13 08:55:00,190.3143642455071,191.0388479213247,189.87634481529324,190.31976019594268,682
2024-01-13 09:00:00,190.5217730118957,191.16229197696862,189.94239373117648,190.5204499869696,756
2024-01-13 09:05:00,191.21696457533673,191.9910114484108,190.7966498160583,191.6084003694717,582
2024-01-13 09:10:00,189.45881890851098,189.87473626421354,189.0129581433845,189.4592521335936,993
2024-01-13 09:15:00,187.86752670683137,188.77329932880662,187.17537757099484,187.87026230571394,680
2024-01-13 09:20:00,187.0619547008383,187.49023784733834,187.07668043570837,187.32055281434916,323
2024-01-13 09:25:00,186.22903472837504,186.56734341735512,185.8556880355341,186.14136475235074,750
2024-01-13 09:30:00,187.8467732968304,188.47274195611485,187.6896797564621,187.94805430063658,873
2024-01-13 09:35:00,187.59059364764278,188.76989351120542,186.9878989079143,188.0098441973749,139
2024-01-13 09:40:00,188.04026820164387,188.34586658419522,187.77457849416294,187.8222424960166,164
2024-01-13 09:45:00,188.13806232771367,188.8091024733605,187.70301727319608,188.51802330638273,522
2024-01-13 09:50:00,187.45850083574643,188.09842337577825,186.96168744491402,186.91610778239163,306
2024-01-13 09:55:00,188.40893020047133,189.06831756726498,187.7692268740489,188.7614335542565,116
2024-01-13 10:00:00,188.63250439010127,189.15521895118684,188.31361986071755,188.7567514347234,124
2024-01-13 10:05:00,188.79596897838124,190.13610161704435,188.26594296689962,189.0674033937152,678
2024-01-13 10:10:00,188.88046953033893,189.3983657528815,188.72618079215664,188.46245071851789,410
2024-01-13 10:15:00,187.86542419076986,188.24281452077005,187.24509238802432,187.60069581436557,758
2024-01-13 10:20:00,189.06748164809323,189.24921995647722,188.04460077880296,188.51805103715904,798
2024-01-13 10:25:00,188.2109987117923,188.40737106526007,188.131834434443,188.2667815409953,309
2024-01-13 10:30:00,188.77016125221235,189.45193233725874,188.3738959734692,188.72439681262938,690
2024-01-13 10:35:00,188.79568491840809,189.55987179061083,187.98653411499126,188.6339024733528,976
2024-01-13 10:40:00,188.21235806478145,188.27831078602162,187.7488593666199,187.799258658603,464
2024-01-13 10:45:00,188.4334393573814,188.81563369576753,187.77649072902005,188.201645325045,133
2024-01-13 10:50:00,187.06433802240082,187.92765525720077,186.240750532085,187.32077748396497,148
2024-01-13 10:55:00,186.88715887088222,187.26651548446853,186.24413196738607,186.47463966425772,160
2024-01-13 11:00:00,186.6696057304429,186.89915668239755,186.1199041164729,186.71836785504613,129
2024-01-13 11:05:00,187.02837747276234,187.0187428903061,186.04162924271273,187.23370476530266,807
2024-01-13 11:10:00,186.38316775487576,186.70151326476164,185.4853703084548,186.2959352158769,222
2024-01-13 11:15:00,185.47401399288512,185.77376742932805,185.13389990705804,185.5370476887091,638
2024-01-13 11:20:00,186.44616216819466,187.4921965917525,185.917448167251,186.4969456589137,865
2024-01-13 11:25:00,186.52278921525829,187.6532847322704,186.57429595411392,186.78584983287857,687
2024-01-13 11:30:00,186.07073864174586,186.75217022819572,185.94096171476994,186.44119414684815,954
2024-01-13 11:35:00,185.75755052548672,186.6208926223323,185.1475217082243,186.1040171776211,740
2024-01-13 11:40:00,184.6074505737199,184.82199356003997,184.02108967101367,184.58797808450055,299
2024-01-13 11:45:00,183.4564266793561,184.2106030555562,183.23799304353227,183.72428456266883,213
2024-01-13 11:50:00,182.41701589562402,182.71383719940985,181.90325098734587,182.5512864301672,986
2024-01-13 11:55:00,182.76876003587515,182.7109288804391,182.3730824993576,182.58877862741375,169
